deck_level,deck_type,entry_id,french_word,pinyin,hanzi,chinese_sentence,pinyin_sentence,french_sentence,translation_word,translation_sentence
HSK6,Hanzi,9921980db34a,"rive, berge, côte",àn,岸,我喜欢沿着河岸散步,Wǒ xǐhuān yánzhe hé àn sàn bù,J'aime me promener le long de la rive du fleuve,,
HSK6,Hanzi,0ae4b5e04f98,"cas, exemple",ànlì,案例,这是一个简单的案例,Zhè shì yī gè jiǎn dān de ànlì,C'est un exemple simple.,,
HSK6,Hanzi,e953616c068a,beaucoup,ànmó,按摩,我喜欢按摩,Wǒ xǐhuān ànmó,J'aime les massages,,
HSK6,Hanzi,5ed62a7c76be,"suggérer, sous-entendre",ànshì,暗示,他的话暗示了对方犯了一个错误,Tā de huà ànshì le duìfāng fànle yī gè cuòwù,Ses paroles sous-entendaient que son interlocuteur avait commis une erreur,,
HSK6,Hanzi,e2fd1e73018d,"cher, coûteux",ángguì,昂贵,这件衣服太昂贵了,Zhè jiàn yīfú tài ángguì le,Cette vêtement est trop cher.,,
HSK6,Hanzi,551a73ee92fb,"en vain, pour rien",báibái,白白,我浪费了很多时间，结果一事无成，真是白白,"Wǒ láng fèi le hěn duō shí guò, jié guǒ yī shì wú chéng, zhēn shì báibái","J'ai gaspillé beaucoup de temps, sans résultat, c'était vraiment en vain",,
HSK6,Hanzi,881c3aaea794,col blanc (employé de bureau),báilǐng,白领,她是一名白领，工作很忙。,"Tā shì yī míng báilǐng, gōngzuò hěn máng","Elle est une employée de bureau, son travail est très prenant.",,
HSK6,Hanzi,e1f7cd412082,"placer, disposer",bǎi,摆,她把花摆放在桌子上,Tā bǎ huā bǎi zài zhuōzi shàng,Elle a disposé les fleurs sur la table,,
HSK6,Hanzi,a4e6b18eee93,"poser, placer",bǎifàng,摆放,请把花瓶摆放在桌子上,Qǐng bǎ huāpíng bǎifàng zài zhuōzi shàng,Veuillez poser le vase sur la table,,
HSK6,Hanzi,1c760c6fb683,point de pourcentage,bǎifēndiǎn,百分点,这个成绩提高了几个百分点,Gèi gāo dé shēngjì zēngjiā le jǐ gè bǎifēndiǎn,Ce score a augmenté de quelques points de pourcentage,,
HSK6,Hanzi,11fa8a710414,"articles divers, grand magasin",bǎihuò,百货,我喜欢去百货商店购物,Wǒ xǐ huān qù bǎihuò shāng diàn gòu wù,J'aime aller faire des achats dans un grand magasin.,,
HSK6,Hanzi,18a8f6cd5082,"se débarrasser de, échapper à",bǎituō,摆脱,我已经摆脱了债务,Wǒ yǐjīng bǎituō le zhài wù,J'ai déjà échappé à mes dettes,,
HSK6,Hanzi,e4f192046425,"être vaincu, échouer",bài,败,他在比赛中失败了,Tā zài bǐsài zhōng shībài le,Il a échoué dans la compétition,,
HSK6,Hanzi,425d8a5dd544,rendre visite,bàifǎng,拜访,我明天要拜访我的朋友,Wǒ míngtiān yào bàifǎng wǒ de péngyǒu,"Demain, je vais rendre visite à mon ami",,
HSK6,Hanzi,32841aa5da2f,souhaiter la bonne année,bàinián,拜年,今天我要去拜年,Jīn tiān wǒ yào qù bàinián,"Aujourd'hui, je vais souhaiter la bonne année.",,
HSK6,Hanzi,789b3c5a43d0,"édition, version, classificateur d'éditions",bǎn,版,最新版的智能手机卖得很好,Zuìxīn bǎn de zhìnèng shǒujī mài de hěn hǎo,La dernière édition du smartphone se vend très bien,,
HSK6,Hanzi,fb6e33f3741f,version,bǎnběn,版本,这个软件是最新版本,Gāi ruǎnjiàn shì zuìxīn bǎnběn,Ce logiciel est la version la plus récente,,
HSK6,Hanzi,fc9c1f67a274,accompagner,bànsuí,伴随,我的成长伴随着书的陪伴,Wǒ de chéng zhǎng bàn suí zhe shū de péi bān,Ma croissance est accompagnée par les livres,,
HSK6,Hanzi,c95ed84e8a25,jouer le rôle de,bànyǎn,扮演,她喜欢扮演女主角,Tā xǐ huān bànyǎn nǚ zhǔ jué,Elle aime jouer le rôle de la femme principale,,
HSK6,Hanzi,c2c6030eb465,"exemple, modèle",bǎngyàng,榜样,他是个榜样,Tā shì gè bǎngyàng,Il est un exemple,,
HSK6,Hanzi,58b399ad055d,base-ball,bàngqiú,棒球,我喜欢打棒球,Wǒ xǐhuān dǎ bàngqiú,J'aime jouer au base-ball,,
HSK6,Hanzi,804a6547e19b,"garder, prendre soin de",bǎoguǎn,保管,我会好好保管这本书,Wǒ huì hǎohǎo bǎoguǎn zhè běn shū,Je vais bien prendre soin de ce livre,,
HSK6,Hanzi,fb1800c56baf,soins de santé,bǎojiàn,保健,我每天都注重保健,Wǒ měi tiān dōu zhùzhòng bǎojiàn,Je me concentre chaque jour sur les soins de santé.,,
HSK6,Hanzi,d60e79c40eb1,garder au chaud,bǎonuǎn,保暖,我穿保暖衣来保持身体温暖,Wǒ chuān bǎonuǎn yī lái bǎo chí shēn tǐ wēn nuǎn,Je porte des vêtements chauds pour garder mon corps au chaud,,
HSK6,Hanzi,515ba476c2c8,garantir une réparation,bǎoxiū,保修,电脑有一年保修,Diànnǎo yǒu yī nián bǎoxiū,L'ordinateur a une garantie d'un an pour la réparation.,,
HSK6,Hanzi,c098b3d37fef,"garantir, garantie",bǎozhàng,保障,我们为您的权益提供保障,Wǒmen wèi nín de quán yì tígōng bǎozhàng,Nous garantissons vos droits.,,
HSK6,Hanzi,5b3d6f8d2848,"exploser, éclater",bào,爆,火works爆炸了,Huǒyàn bào zhà le,Les feux d'artifice ont éclaté,,
HSK6,Hanzi,a2b40ee1d44a,"éclater, se déclencher",bàofā,爆发,火山即将爆发,Huǒshān jíjiàng bàofā,Le volcan est sur le point d'éclater,,
HSK6,Hanzi,c67068f45fca,journaux et magazines,bàokān,报刊,我喜欢阅读报刊,Wǒ xǐ huān yuè dú bào kān,J'aime lire les journaux et les magazines,,
HSK6,Hanzi,0fd0e55daee2,violence,bàolì,暴力,学校禁止学生使用暴力,Xuéxiào jìnjīn xuéshēng shǐyòng bàolì,L'école interdit aux élèves d'utiliser la violence,,
HSK6,Hanzi,fe1bffcd4149,"exposer, révéler",bàolù,暴露,这篇新闻报道帮助人们暴露真相,Zhè piān xīnwén bàodào bāngzhù rénmen bàolù zhēnxiàng,Ce rapport d'information aide les gens à exposer la vérité,,
HSK6,Hanzi,34a607c46fcf,rédaction d'un journal,bàoshè,报社,我在报社工作,Wǒ zài bàoshè gōngzuò,Je travaille dans une rédaction de journal,,
HSK6,Hanzi,7df3d3d85c1e,exploser,bàozhà,爆炸,火箭准备要爆炸了,Huǒjiàn zhǔnbèi yào bàozhà le,Le rocket est prêt à exploser,,
HSK6,Hanzi,e5407471510a,pessimiste,bēiguān,悲观,他对未来持悲观态度,Tā duì wèilái chí bēiguān tài du,Il a une attitude pessimiste envers l'avenir,,
HSK6,Hanzi,9de1b1bba132,tragédie,bēijù,悲剧,这部电影是一部伟大的悲剧,Zhè bù diànyǐng shì yī bù wěidà de bēijù,Ce film est une grande tragédie,,
HSK6,Hanzi,f047279cda0b,triste,bēishāng,悲伤,今天我感到很悲伤,Jīn tiān wǒ gǎn dào hěn bēi shāng,"Aujourd'hui, je me sens très triste",,
HSK6,Hanzi,63277573c5de,pôle Nord,běijí,北极,我住在靠近北极的地方,Wǒ zhù zài kàojìn běijí de dìfāng,J'habite dans un endroit près du pôle Nord,,
HSK6,Hanzi,aa20865da007,Amérique du Nord,Běiměizhōu,北美洲,我在北美洲生活,Wǒ zài Běiměizhōu shēng huó,Je vis en Amérique du Nord,,
HSK6,Hanzi,6f78951d8b2f,passif,bèidòng,被动,我是被动学习的学生,Wǒ shì bèidòng xuéxí de xuésheng,Je suis un élève qui apprend de manière passive,,
HSK6,Hanzi,0c2d6af61fe0,être contraint,bèipò,被迫,他被迫辞职了,Tā bèipò cízhí le,Il a été contraint de démissionner,,
HSK6,Hanzi,2683d97cdabb,"gilet, débardeur",bèixīn,背心,今天我穿了一件背心,Jīn tiān wǒ chuān le yī jiàn bèi xīn,"Aujourd'hui, je porte un débardeur.",,
HSK6,Hanzi,0275e595f681,"de secours, en réserve",bèiyòng,备用,我有一台备用电脑,Wǒ yǒu yī tái bèiyòng diànnǒu,J'ai un ordinateur de secours,,
HSK6,Hanzi,5f452e849828,doubleur,bèizēng,倍增,这个公司的收入在五年内倍增了,Gè gōng sī de shōu rù zài wǔ nián nèi bèizēng le,Les revenus de cette entreprise ont doublé en cinq ans,,
HSK6,Hanzi,a6203efc9042,courir,bēnpǎo,奔跑,我喜欢在早晨奔跑,Wǒ xǐ huān zài zǎo chén bēn pǎo,J'aime courir le matin.,,
HSK6,Hanzi,41e9d01ef614,"instinct, instinctivement",běnnéng,本能,她本能地伸手去抓那只蝴蝶,Tā běnnéng de shēn shǒu qù zhuā nà zhī hú dié,Elle a instinctivement tendu la main pour attraper le papillon,,
HSK6,Hanzi,312517c9bba0,"lui-même, en soi",běnshēn,本身,语言本身很复杂,Yǔyán běnshēn hěn fùzá,La langue elle-même est très complexe,,
HSK6,Hanzi,82045023ea27,"territoire natal, local",běntǔ,本土,本土产品很受欢迎,Běn tǔ chǎnpǐn hěn shòu huānyíng,Les produits locaux sont très populaires,,
HSK6,Hanzi,d303df0fcc76,forcer,bī,逼,他们逼我必须按时完成任务,Tāmen bī wǒ bìxū ànshí wánchéng rènwù,Ils me forcent à terminer la tâche à temps,,
HSK6,Hanzi,e076229bbfc7,"comparer, prendre pour exemple",bǐfang,比方,比方说他是一个好学生,Bǐfang shuō tā shì yī gè hǎo xuésheng,"Par exemple, il est un bon élève",,
HSK6,Hanzi,90c10ee522e5,proportion,bǐzhòng,比重,这个公司的员工与工作岗位的比重很高,Gè zhè gōngsī de yuángōng yǔ gōng zuò zhàn de bǐzhòng hěn gāo,Le rapport entre le nombre d'employés et les postes de travail est très élevé dans cette entreprise,,
HSK6,Hanzi,78d0cf6ed8cc,fermer,bì,闭,门要关闭了,Mén yào bì le,La porte doit être fermée,,
HSK6,Hanzi,4e6dae35b711,éviter,bì,避,为了避免迟到，我提前一个小时出发,"Wèi le bì miǎn chí dào, wǒ tí qián yī gè xiǎo shí chū fā","Pour éviter d'être en retard, je suis parti une heure à l'avance.",,
HSK6,Hanzi,960f422c9cab,obligatoire (cours),bìxiū,必修,这是一个必修的课程,Zhè shì yī gè bìxiū de kèchéng,C'est un cours obligatoire,,
HSK6,Hanzi,ece1bccb7509,"tisser, éditer, rédiger",biān,编,她在编辑部担任编辑,Tā zài biān jí bù dān rèn biān jí,Elle travaille en tant qu'éditrice au sein du département éditorial,,
HSK6,Hanzi,f9e0e33ab131,"éditer, éditeur",biānjí,编辑,她是一名编辑,Tā shì yī míng biānjí,Elle est éditrice,,
HSK6,Hanzi,1a2b5251628b,rédiger,biānxiě,编写,今天我开始编写一篇新的文章,Jīntiān wǒ kāishǐ biānxiě yī piān xīn de wénzhāng,"Aujourd'hui, je commence à rédiger un nouvel article",,
HSK6,Hanzi,77ed3a9c5355,partout,biàndì,遍地,现在城市里遍地都是高楼大厦,Xiàn zài chéng shì lǐ biàndì dōu shì gāo lóu dà shà,"Maintenant, partout dans la ville, il y a des gratte-ciels.",,
HSK6,Hanzi,f1b90806900c,"pratique, rapide",biànjié,便捷,这个在线服务提供了便捷的购物体验,Gè zhè wǎng shàng fú wù tí gōng le biàn jié de gòu wù tǐ yàn,Ce service en ligne offre une expérience d'achat pratique.,,
HSK6,Hanzi,22d6afe4ceb9,"se détériorer, s'avarier",biànzhì,变质,这批货物在运输过程中变质了,Zhè pī huòwù zài yùnshū guòchéng zhòng biànzhì le,Cette marchandise s'est détériorée pendant le transport,,
HSK6,Hanzi,82526f66954c,soldat,bīng,兵,中国有很多兵,Zhōngguó yǒu hěn duō bīng,La Chine a beaucoup de soldats,,
HSK6,Hanzi,6003b9e8f08b,virus,bìngdú,病毒,电脑里有很多病毒,Diànnǎo lǐ yǒu hěn duō bìngdú,L'ordinateur contient beaucoup de virus,,
HSK6,Hanzi,0a96275efa9d,diffuseur,bō,播,电视台是用来播新闻的,Diànshìtái shì yòng lái bō xīnwén de,La télévision est utilisée pour diffuser les actualités,,
HSK6,Hanzi,16de1284427b,semer,bōzhǒng,播种,春天是播种的好时节,Chūntiān shì bōzhǒng de hǎo shíjì,Le printemps est une bonne saison pour semer.,,
HSK6,Hanzi,245d0698910c,"exposition, foire",bólǎnhuì,博览会,去年，我去参加了上海的博览会,"Qùnián, wǒ qù cānjiāle shàng hǎi de bólǎnhuì","L'année dernière, j'ai participé à l'exposition de Shanghai",,
HSK6,Hanzi,ace850ed1d80,"faible, fragile",bóruò,薄弱,他的身体很薄弱。,Tā de shēntǐ hěn bóruò,Son corps est très fragile.,,
HSK6,Hanzi,52cbd6ad705c,cou,bózi,脖子,我的脖子很痛,Wǒ de bózi hěn tòng,Mon cou me fait mal,,
HSK6,Hanzi,0899ee4eea46,impatient,bú nàifán,不耐烦,她对等待感到不耐烦,Tā duì děngdài gǎnshòu bú nàifán,Elle est impatiente d'attendre,,
HSK6,Hanzi,e0d33ee89c03,"ignorer, ne pas tenir compte de",búgù,不顾,他不顾危险跳入河中救人,Tā búgù wēixiǎn tiào rù hé zhōng jiù rén,Il saute dans la rivière pour sauver une personne sans tenir compte du danger.,,
HSK6,Hanzi,bb1b08ecccd5,contre toute attente,búliào,不料,我去商场买东西，不料碰到了我的老朋友,"Wǒ qù shāngchǎng mǎi dōngxi, búliào pèng le wǒ de lǎo péngyǒu","Je suis allé faire des achats au centre commercial, mais contre toute attente, j'ai rencontré mon vieil ami.",,
HSK6,Hanzi,25f7fff0abe6,"mal à l'aise, indisposé",búshì,不适,今天我感到不适,Jīn tiān wǒ gǎn dào bú shì,"Aujourd'hui, je me sens mal à l'aise",,
HSK6,Hanzi,2285505e0660,ne pas aller jusqu'à,búzhìyú,不至于,我不会对他那么凶猛，不至于讓他哭,"Wǒ bú huì duì tā nàme xiōngmèng, búzhìyú ràng tā kū","Je ne serai pas si dur avec lui, ne pas aller jusqu'à le faire pleurer",,
HSK6,Hanzi,7c835dcba0eb,"compléter, rattraper",bǔ,补,我需要补习数学才能跟上课堂,Wǒ xūyào bǔxí shùxué cái néng gēn shàng kètáng,J'ai besoin de rattraper mon retard en mathématiques pour suivre les cours.,,
HSK6,Hanzi,6e837d30e994,"attraper, capturer",bǔ,捕,警察在公园里捕获了一只流浪狗,Jǐngchá zài gōngyuán lǐ bǔ huò le yī zhī liúmáng gǒu,La police a capturé un chien errant dans le parc,,
HSK6,Hanzi,2492026b7c38,compenser,bǔcháng,补偿,公司将对员工的损失进行补偿,Gōngsī jiāng duì yuángōng de sǔnshī jìnxíng bǔcháng,L'entreprise va compenser les pertes de ses employés,,
HSK6,Hanzi,2a2ac86e1822,rattraper un cours,bǔkè,补课,,,,,
HSK6,Hanzi,baa0b19f349b,"subventionner, subvention",bǔtiē,补贴,政府将补贴贫困家庭,Zhèngfǔ jiāng bǔtiē píngkùn jiāzú,Le gouvernement subventionnera les familles pauvres,,
HSK6,Hanzi,5aa2610f74f0,suivre des cours supplémentaires,bǔxí,补习,因为成绩不好，所以我要补习数学,"Yīn wèi chéng jì bù hǎo, suǒ yǐ wǒ yào bǔxí shù xué","Parce que mes notes sont mauvaises, je vais donc suivre des cours supplémentaires de maths.",,
HSK6,Hanzi,fbc523da43e2,tissu,bù,布,她穿着一件黄色的布衬衫,Tā chuān zhe yī jiàn huángsè de bù chènshān,Elle porte une chemise en tissu jaune,,
HSK6,Hanzi,f9f1460d69c7,"inquiet, anxieux",bù'ān,不安,她对未来感到不안,Tā duì wèilái gǎndào bù'ān,Elle est inquiète pour l'avenir,,
HSK6,Hanzi,0fda72ecdd63,"jamais, pas encore",bùcéng,不曾,我不曾去过中国,Wǒ bùcéng qù guò zhōngguó,Je ne suis jamais allé en Chine,,
HSK6,Hanzi,ef5716830d4f,"ça ne va pas, pas terrible",bùchéng,不成,这次考试我不成,Zhè cì kǎoshì wǒ bùchéng,J'ai échoué à cet examen,,
HSK6,Hanzi,b466d881e4a9,"ne pas devoir, ne pas pouvoir",bùdé,不得,我星期日不得去公园,Wǒ xīngqīrì bùdé qù gōngyuán,Je ne peux pas aller au parc le dimanche,,
HSK6,Hanzi,782a2b404b24,"troupes, armée",bùduì,部队,中国的部队非常强大,Zhōngguó de bùduì fēicháng qiángdà,Les troupes de la Chine sont très fortes,,
HSK6,Hanzi,a774fdcee857,ne pas pouvoir s'empêcher de,bùjīn,不禁,看到美丽的风景，不禁感叹大自然的美丽,"Kàn dào měilì de fēngjǐng, bùjīn gǎn tàn dà zìrán de měilì","En voyant le paysage magnifique, je ne peux pas m'empêcher de faire l'éloge de la beauté de la nature.",,
HSK6,Hanzi,a9fdd9454add,de temps en temps,bùshí,不时,她不时给我写信,Tā bùshí gěi wǒ xiě xìn,Elle m'écrit de temps en temps.,,
HSK6,Hanzi,7f0d8e1e18e3,"position, partie",bùwèi,部位,病人头部位受伤了,Bìng rén tóu bùwèi shòu shāng le,Le malade a une blessure à la tête.,,
HSK6,Hanzi,c1e198f354a8,"interdit, ne pas permettre",bùxǔ,不许,在学校，不许使用手机,"Zài xuéxiào, bùxǔ shǐyòng shǒujī","À l'école, il est interdit d'utiliser un téléphone portable",,
HSK6,Hanzi,082bd6b8b3e4,déconseillé,bùyí,不宜,去海边游泳时不宜穿靴子,Qù hǎi biān yóu yǒng shí bùyí chuān xuēzi,Il est déconseillé de porter des bottes lorsque l'on va se baigner à la plage,,
HSK6,Hanzi,8d7777a22b99,sans cesse,bùyǐ,不已,他们工作不已，直到深夜,"Tāmen gōngzuò bùyǐ, zhí dào shēn yè",Ils travaillent sans cesse jusqu'à tard dans la nuit,,
HSK6,Hanzi,2b066e6ad04b,"arranger, décorer",bùzhì,布置,他们要布置一个漂亮的客厅,Tāmen yào bùzhì yī gè piàoliang de kètīng,Ils veulent décorer un beau salon.,,
HSK6,Hanzi,0b1290d4da0a,"ne pas s'arrêter, sans cesse",bùzhǐ,不止,他学习不止，成绩一直很好,"Tā xuéxí bùzhǐ, chéngjì yīzhí hěn hǎo","Il n'arrête pas d'étudier, ses résultats sont toujours très bons",,
HSK6,Hanzi,ea7022e5f06c,"étape, procédure",bùzhòu,步骤,完成这个项目需要几个步骤,Wánchénɡ zhè ge xiàngmù xūyào jǐ gè bùzhòu,Compléter ce projet nécessite plusieurs étapes.,,
HSK6,Hanzi,77a3be0547bf,"deviner, supposer",cāicè,猜测,根据一些线索进行猜测,Gēn jù yī xiē xiàn suǒ jìn xíng cāicè,"Selon certaines informations, je vais faire une supposition.",,
HSK6,Hanzi,a8bca567ef27,"biens, propriété",cáichǎn,财产,他的财产包括一栋别墅,Tā de cáichǎn bāokuò yī dònɡ biéshù,Ses biens comprennent une villa,,
HSK6,Hanzi,e368fec05217,richesse,cáifù,财富,我想拥有更多的财富,Wǒ xiǎng yǒngyǒu gèng duō de cáifù,Je veux avoir plus de richesse,,
HSK6,Hanzi,ef28b1e73e8c,talent,cáihuá,才华,她拥有很高的才华,Tā yǒngyǒu hěn gāo de cáihuá,Elle possède un grand talent,,
HSK6,Hanzi,699094f5a3dd,"capacité, talent",cáinéng,才能,她唱歌的才能真棒,Tā chàng gē de cáinéng zhēn bàng,Elle a un talent incroyable pour chanter,,
HSK6,Hanzi,e9c612ce41ff,finances,cáiwù,财务,我的公司负责管理财务,Wǒ de gōngsī fùzé guǎnlǐ cáiwù,Mon entreprise est chargée de gérer les finances,,
HSK6,Hanzi,9b7bc271dfbd,"biens, effets personnels",cáiwù,财物,我的财物都丢了,Wǒ de cáiwù dōu diū le,J'ai perdu tous mes biens.,,
HSK6,Hanzi,abf79fb813e9,"matériau, texture",cáizhì,材质,这个产品的材质很好,Gè zhè chǎnpǐn de cáizhì hěn hǎo,Le matériau de ce produit est très bon,,
HSK6,Hanzi,52eb2db5f3a2,"marcher sur, piétiner",cǎi,踩,不要踩到我的脚,Bùyào cǎi dào wǒ de jiǎo,Ne marche pas sur mon pied,,
HSK6,Hanzi,9fe89484cd85,"acheter, achats",cǎigòu,采购,我们需要进行采购,Wǒmen xūyào jiāng cǎigòu,Nous devons procéder à des achats,,
HSK6,Hanzi,1be83d773986,arc-en-ciel,cǎihóng,彩虹,雨后出现了美丽的彩虹,Yǔ hòu chūxiàn le měilì de cǎihóng,Il y a un beau arc-en-ciel après la pluie,,
HSK6,Hanzi,c617c7bc2bcd,"collecter, recueillir",cǎijí,采集,科学家们进行采集工作,Kēxué jiāmen jìnxíng cǎijí gōngzuò,Les scientifiques effectuent un travail de collecte.,,
HSK6,Hanzi,439ba24a3750,"adopter, accepter",cǎinà,采纳,这家公司已经决定采纳新的销售策略,Zhè jiā gōngsī yǐjīng juédìng cǎinà xīn de xiāo shòu cè lüè,Cette entreprise a décidé d'adopter une nouvelle stratégie de vente,,
HSK6,Hanzi,8466cba19b5d,billet de loterie,cǎipiào,彩票,我想买一张彩票,Wǒ xiǎng mǎi yī zhāng cǎipiào,Je veux acheter un billet de loterie,,
HSK6,Hanzi,999f47aafcd3,participer à une exposition,cānzhǎn,参展,公司今年将参展汽车展,Gōngsī jīnnián jiāng cānzhǎn qìchē zhǎn,L'entreprise participera à l'exposition de voitures cette année,,
HSK6,Hanzi,a787b8cf91ce,handicap,cánjí,残疾,他有残疾，但他很乐观,"Tā yǒu cánjí, dàn tā hěn lèguān","Il a un handicap, mais il est très optimiste",,
HSK6,Hanzi,d359c6d569a4,entrepôt,cāngkù,仓库,公司的仓库很大,Gōngsī de cāngkù hěn dà,L'entrepôt de l'entreprise est très grand,,
HSK6,Hanzi,b5ddac6b7f9f,"prairie, steppe",cǎoyuán,草原,我喜欢住在广阔的草原上,Wǒ xǐ huān zhù zài guǎng kuò de cǎoyuán shàng,J'aime vivre dans la vaste prairie.,,
HSK6,Hanzi,ac27d771d5b6,"côté, pencher d'un côté",cè,侧,汽车停在路的侧边,Qìchē tíng zài lù de cè biān,La voiture est garée sur le côté de la route,,
HSK6,Hanzi,2b6c4f711cc2,planifier,cèhuà,策划,我们需要策划一下这个项目,Wǒmen xūyào cèhuà yī xiàng zhè ge xiàngmù,Nous devons planifier ce projet.,,
HSK6,Hanzi,4310fd9ad5c9,mesurer,cèliáng,测量,科学家需要进行准确的测量,Kēxuéjiā xūyào jìnxíng zhǔnquè de cèliáng,Les scientifiques doivent effectuer des mesures Precises,,
HSK6,Hanzi,2702800b1c35,"stratégie, tactique",cèlüè,策略,公司采用新的策略来提升销量,Gōngsī cǎiyòng xīn de cèlüè lái tīshēng xiāoliàng,L'entreprise adopte une nouvelle stratégie pour augmenter ses ventes,,
HSK6,Hanzi,7a01a4ce7a21,"niveau, strate",céngcì,层次,这栋大楼有多个层次,Zhè dūo dà lóu yǒu duō gè céngcì,Ce grand immeuble a plusieurs niveaux,,
HSK6,Hanzi,49dc2680698d,"niveau, dimension",céngmiàn,层面,我们应该从经济层面解决这个问题,Wǒmen yīnggāi cóng jīngjì céngmiàn jiějué zhè ge wèntí,Nous devrions résoudre ce problème du point de vue économique.,,
HSK6,Hanzi,8ae93aac956f,"fourchette, croiser",chā,叉,我拿着叉来吃西餐,Wǒ ná zhe chā lái chī xī cān,Je prends une fourchette pour manger le repas occidental,,
HSK6,Hanzi,fa5c81e41a6e,différence,chāyì,差异,他们之间有很大的差异,Tāmen zhījiān yǒu hěn dà de chāyì,Il y a une grande différence entre eux,,
HSK6,Hanzi,e85fb74a8036,prise électrique,chāzuò,插座,我的房间里有一个插座,Wǒ de fángjiān lǐ yǒu yī gè chāzuò,Ma chambre a une prise électrique,,
HSK6,Hanzi,5eea25d33fbc,"consulter, vérifier",cháxún,查询,我想查询一下天气预报,Wǒ xiǎng cháxún yī xià tiānqì yùbào,Je veux consulter les prévisions météorologiques,,
HSK6,Hanzi,53f8b0db85ab,démolir,chāichú,拆除,老房子要拆除,Lǎo fángzi yào chāichú,La vieille maison va être démolie,,
HSK6,Hanzi,4f6c16cf2630,produire,chǎnchū,产出,公司每年产出大量产品,Gōngsī měi nián chǎnchū dàliàng chǎnpǐn,L'entreprise produit une grande quantité de produits chaque année,,
HSK6,Hanzi,3e3598f1b364,"lieu d'origine, zone de production",chǎndì,产地,这个产品的产地在中国,Gēi xiè de chǎndì zài zhōngguó,Le lieu d'origine de ce produit est la Chine,,
HSK6,Hanzi,f1176f87c91f,intestin,cháng,肠,肠胃不适,Cháng wèi bù shì,J'ai des problèmes d'intestin,,
HSK6,Hanzi,d74b040079c3,"longueur, durée",chángduǎn,长短,这两个项目的长短不一,Zhè liǎng gè xiàngmù de chángduǎn bù yī,Les deux projets ont des durées différentes,,
HSK6,Hanzi,fc61bab4ba18,"convention, conventionnel",chángguī,常规,他们每天的运动都是常规的,Tāmen měi tiān de yùndòng dōu shì chángguī de,Leur exercice quotidien est conventionnel.,,
HSK6,Hanzi,a569a5e59d95,toute l'année,chángnián,常年,上海的天气常年都比较阴雨,Shàng hǎi de tiān qì cháng nián dōu bǐ jiào yīn yǔ,Le temps à Shanghai est pluie et nuages toute l'année,,
HSK6,Hanzi,282cfe94df40,longévité,chángshòu,长寿,我希望自己能长寿健康,Wǒ xīwàng zìjǐ néng chángshòu jiànkāng,J'espère avoir une longue vie et être en bonne santé,,
HSK6,Hanzi,3e7825277878,température ambiante,chángwēn,常温,请将药物存放在常温避光的地方,Qǐng jiāng yào wù cún fàng zài chángwēn bì guāng de dì fāng,Veuillez stocker le médicament à température ambiante et à l'abri de la lumière.,,
HSK6,Hanzi,99a1e2c5c4ca,nombre de séances,chǎngcì,场次,电影院今天安排了三场次,Diànyǐngyuàn jīntiān ān pái le sān chǎngcì,Le cinéma a organisé trois séances aujourd'hui,,
HSK6,Hanzi,93cd66168ad9,"lieu, site",chǎngdì,场地,会议将在会展场地举行,Huìyì jiāng zài huìzhan chǎngdì jǔxíng,La réunion aura lieu sur le site d'exposition.,,
HSK6,Hanzi,f0c0505e41d9,"salle, stade, lieu d'exposition",chǎngguǎn,场馆,奥运会将在新的场馆举行,Ào yùn huì jiāng zài xīn de chǎngguǎn jǔ xíng,Les jeux Olympiques auront lieu dans le nouveau stade.,,
HSK6,Hanzi,8ad1b977a6ad,"occasion, circonstance",chǎnghé,场合,该场合我必须穿西装,Gāi chǎnghé wǒ bìxū chuān xīzhuāng,"À cette occasion, je dois porter un costume",,
HSK6,Hanzi,a727b8ab575f,fabricant,chǎngjiā,厂家,这款手机是国内厂家生产的,Zhè kuǎn shǒujī shì guónèi chǎngjiā shēngchǎn de,Ce téléphone est produit par un fabricant national.,,
HSK6,Hanzi,d9927adae8de,scène,chǎngjǐng,场景,电影中的场景非常感人,Diànyǐng zhōng de chǎngjǐng fēicháng gǎnrén,La scène du film est très émouvante,,
HSK6,Hanzi,a7c1774052c7,"scène, spectacle",chǎngmiàn,场面,电影中的场面很感人,Diànyǐng zhōng de chǎngmiàn hěn gǎn rén,La scène du film est très émouvante,,
HSK6,Hanzi,7356662627e3,"fabricant, entreprise",chǎngshāng,厂商,这家厂商生产的商品很受欢迎,Zhè jiā chǎngshāng shēngchǎn de shāngpǐn hěn shòu huānyíng,Cette entreprise fabrique des produits très populaires,,
HSK6,Hanzi,5ad05744a475,"fluide, dégagé",chàngtōng,畅通,道路畅通,Dàolù chàngtōng,La route est dégagée,,
HSK6,Hanzi,90870c0d68c5,se vendre bien,chàngxiāo,畅销,新款手机畅销得非常快,Xīn kuǎn shǒu jī chàngxiāo dé fēi cháng kuài,Le nouveau modèle de téléphone se vend très bien.,,
HSK6,Hanzi,d1204e871e8e,"copier, recopier",chāo,抄,她喜欢抄古诗,Tā xǐ huān chāo gǔ shī,Elle aime recopier les poèmes anciens,,
HSK6,Hanzi,174b7a0f8b43,"surpasser, dépasser",chāoyuè,超越,他希望自己的技能能够超越对手,Tā xīwàng zìjǐ de jìnéng néng gòu chāoyuè duìshǒu,Il espère que ses compétences pourront surpasser celles de son adversaire,,
HSK6,Hanzi,66c4f97fb0e8,dynastie,cháodài,朝代,中国有很多朝代,Zhōngguó yǒu hěn duō cháodài,La Chine a eu beaucoup de dynasties,,
HSK6,Hanzi,52589b06bbdb,"tendance, courant",cháoliú,潮流,现在的年轻人都很喜欢跟随最新的潮流。,Xiànzài de niánqīng rén dōu hěn xǐhuān gēnzōng zuìxīn de cháoliú,Les jeunes d'aujourd'hui aiment beaucoup suivre les dernières tendances.,,
HSK6,Hanzi,ffed17dcb568,humide,cháoshī,潮湿,这个房间太潮湿了,Zhè ge fángjiān tài cháoshī le,Cette pièce est trop humide,,
HSK6,Hanzi,1d598ac1f057,se moquer de,cháoxiào,嘲笑,别对他嘲笑,Bié duì tā cháoxiào,Ne te moque pas de lui,,
HSK6,Hanzi,1b13b5df8a03,spéculer en bourse,chǎogǔ,炒股,他喜欢炒股,Tā xǐ huān chǎo gǔ,Il aime spéculer en bourse,,
HSK6,Hanzi,1648696071e6,se disputer,chǎojià,吵架,他们经常吵架,Tāmen jīngcháng chǎojià,Ils se disputent souvent,,
HSK6,Hanzi,fd1bfd616cca,"retirer, rappeler",chèhuí,撤回,公司决定撤回这个决定,Gōngsī juéde chèhuí zhè ge juéde,L'entreprise a décidé de retirer cette décision,,
HSK6,Hanzi,53c0ecfd6dd5,"annuler, abolir",chèxiāo,撤销,公司决定撤销这个项目,Gōngsī juédìng chèxiāo zhè ge xiàngmù,L'entreprise a decidé d'annuler ce projet,,
HSK6,Hanzi,3bd6e207c9d6,"lourd, pesant",chénzhòng,沉重,这件工作很沉重,Zhè jiàn gōng zuò hěn chénzhòng,Ce travail est très lourd.,,
HSK6,Hanzi,22a2cf2e5b35,profiter de (l'occasion),chèn,趁,我趁周末去公园玩,Wǒ chèn zhōumò qù gōngyuán wán,Je profite du week-end pour aller jouer au parc,,
HSK6,Hanzi,97a34fe85915,"soutenir, tenir",chēng,撑,他用手撑着头,Tā yòng shǒu chēng zhe tóu,Il appuie sa tête avec sa main,,
HSK6,Hanzi,503a7501fe29,"titre, appellation",chēnghào,称号,他拥有很多称号,Tā yǒngyǒu hěn duō chēnghào,Il a de nombreux titres,,
HSK6,Hanzi,04333d486d39,"appeler, appellation",chēnghu,称呼,大家都称呼我为老大,Dàjiā dōu chēnghu wǒ wèi lǎodà,Tout le monde m'appelle le grand frère.,,
HSK6,Hanzi,608bb0c45022,être appelé,chēngzuò,称作,这是一个被称作北京烤鸭的菜,Zhè shì yī gè bèi chēngzuò běi jīng kǎo yā de cài,C'est un plat appelé canard rôti de Pékin,,
HSK6,Hanzi,99a1b27b19fd,dixième (unité),chéng,成,我读完了十本书,Wǒ dú wán le shí běn shū,J'ai lu dix livres,,
HSK6,Hanzi,9cab9ec447e9,contenir,chéng,盛,这个花瓶里盛满了水,Zhè ge huā píng lǐ chéng mǎn le shuǐ,Ce vase est rempli d'eau,,
HSK6,Hanzi,0c6e18cf08b6,"prendre en charge, organiser",chéngbàn,承办,我们公司承办会议,Wǒmen gōngsī chéngbàn huìyì,Notre entreprise organise la conférence,,
HSK6,Hanzi,0e4890fbcd4f,punir,chéngfá,惩罚,他因为犯错受到了惩罚,Tā yīn wèi fàncuò shòu dào chéngfá,Il a été puni pour son erreur.,,
HSK6,Hanzi,891f235dc573,conclure une affaire,chéngjiāo,成交,昨天我们成功地成交了一笔大业务,Zuótiān wǒmen chénggōng dì chéngjiāo le yī bǐ dà yèwù,"Hier, nous avons réussi à conclure une grande affaire.",,
HSK6,Hanzi,30ff2889f813,"promettre, s'engager",chéngnuò,承诺,我承诺永远帮助你,Wǒ chéngnuò yǒngyuǎn bāngzhù nǐ,Je promets de t'aider toujours.,,
HSK6,Hanzi,98230e91b4d4,"des dizaines de milliers, innombrables",chéngqiānshàngwàn,成千上万,成千上万的人来参加音乐节,Chéngqiānshàngwàn de rén lái cānjiā yīnyuè jié,Des dizaines de milliers de personnes sont venues assister au festival de musique,,
HSK6,Hanzi,edb5e6ea872b,"présenter, apparaître",chéngxiàn,呈现,这个报告将会呈现公司的财务状况,Gè zhège bàogào jiāng huì chéngxiàn gōngsī de cáiwù zhuàngkuàng,Ce rapport présentera la situation financière de l'entreprise,,
HSK6,Hanzi,9aeda930449b,"effet, résultat",chéngxiào,成效,公司的新计划已经得到了很好的成效,Gōngsī de xīn jìhuà yǐjīng dédào le hěn hǎo de chéngxiào,L'entreprise a déjà obtenu de très bons résultats avec son nouveau plan,,
HSK6,Hanzi,9fd6789f30e8,"honnête, digne de confiance",chéngxìn,诚信,我以诚信为根本,Wǒ yǐ chéngxìn wèi gēnběn,Je prends l'honnêteté comme fondement.,,
HSK6,Hanzi,f0b74bc982a8,"idiome, chengyu",chéngyǔ,成语,我喜欢学习汉语的成语,Wǒ xǐ huān xué xí hàn yǔ de chéng yǔ,J'aime apprendre les idiomes de la langue chinoise,,
HSK6,Hanzi,2805bc6bbfdf,"ville, bourgade",chéngzhèn,城镇,这个城镇很美丽,Gè zhè chéngzhèn hěn měilì,Cette ville est très belle,,
HSK6,Hanzi,a9a59719f2aa,durable,chíjiǔ,持久,这个新产品的质量非常好，材料持久,"Gēi gè xīn chǎn pǐn de zhìliàng fēicháng hǎo, cáiliào chíjiǔ","Ce nouveau produit a une qualité très bonne, les matériaux sont durables",,
HSK6,Hanzi,15f59a69e14b,"détenir, posséder",chíyǒu,持有,公司持有这项专利,Gōngsī chíyǒu zhè xiāng zhuānlín,L'entreprise détient ce brevet,,
HSK6,Hanzi,bb580993be31,"chi (unité de longueur), règle",chǐ,尺,我的手里有一尺长的尺子,Wǒ de shǒu lǐ yǒu yī chǐ cháng de chǐzi,J'ai dans ma main une règle d'une longueur d'un chi.,,
HSK6,Hanzi,c46caa5f6d8d,"taille, dimension",chǐcùn,尺寸,这个包裹的尺寸太大了,Gèi zhè ge bāoguì de chǐcùn tài dà le,Le paquet est trop grand.,,
HSK6,Hanzi,b17d0a8a8e38,"impulsion, impulsif",chōngdòng,冲动,她是一个冲动的人,Tā shì yī gè chōngdòng de rén,Elle est une personne impulsive.,,
HSK6,Hanzi,fba0e6b5e21c,"choc, impact",chōngjī,冲击,这次经济危机对全球市场产生了强烈的冲击,Zhè cì jīngjì wēijī duì quánqiú shìchǎng chǎnshēng le qiángliè de chōngjī,Cette crise économique a un impact considérable sur le marché mondial,,
HSK6,Hanzi,0017d8c7942e,"riche, substantiel, enrichir",chōngshí,充实,这个课程很充实,Zhè ge kè chéng hěn chōngshí,Ce cours est très riche.,,
HSK6,Hanzi,8a54a0c0a5a0,"conflit, entrer en conflit",chōngtū,冲突,他们之间存在着利益冲突,Tāmen zhījiān cúnzài zhe lìyì chōngtū,Il existe un conflit d'intérêts entre eux,,
HSK6,Hanzi,9a1913d2ec90,"adorer, vénérer",chóngbài,崇拜,我崇拜我的母亲,Wǒ chóngbài wǒ de mǔqīn,J'adore ma mère,,
HSK6,Hanzi,6c4f9e31d8c7,reconstruire,chóngjiàn,重建,旧城计划重建,Jiù chéng jìhuà chóngjiàn,La vieille ville est prévue pour être reconstruite,,
HSK6,Hanzi,ca1f98b26479,tirer au sort un prix,chōujiǎng,抽奖,我们学校的节日活动包括抽奖,Wǒmen xuéxiào de jiéri huódòng bāokuò chōujiǎng,Notre école organise un tirage au sort lors de la fête.,,
HSK6,Hanzi,a7a951012a83,abstrait,chōuxiàng,抽象,,,,,
HSK6,Hanzi,9ddc21ca8c03,s'inquiéter,chóu,愁,我对考试感到很愁,Wǒ duì kǎoshì gǎnshòu hěn chóu,Je m'inquiète beaucoup pour l'examen,,
HSK6,Hanzi,e1ca8b430aa3,"préparer, organiser",chóubèi,筹备,,,,,
HSK6,Hanzi,0e5a9ed615e8,"préliminaire, initial",chūbù,初步,我们对这个问题的初步研究显示出令人感兴趣的结果,Wǒmen duì zhè ge wèn tí de chūbù yán jiū xiǎn shì chū lìng rén gǎn xìng qù de jié guǒ,Nos recherches préliminaires sur cette question montrent des résultats intéressants.,,
HSK6,Hanzi,6fca2eec35b0,entrer en scène,chūchǎng,出场,演员出场时所有的观众都欢呼,Yǎnyuán chūchǎng shí suǒyǒu de guānzhòng dōu huānhū,"Lorsque l'acteur entre en scène, tous les spectateurs applaudissent.",,
HSK6,Hanzi,a9db2068b744,élémentaire,chūděng,初等,我正在读初等教育,Wǒ zhèngzài dú chūděng jiàoyù,Je suis en train de suivre une éducation élémentaire,,
HSK6,Hanzi,b67b1841e149,quitter le pays,chūjìng,出境,他出境去美国了,Tā chūjìng qù Měiguó le,Il a quitté le pays pour aller aux États-Unis,,
HSK6,Hanzi,0ba572785927,"faire des efforts, contribuer",chūlì,出力,每个员工都尽自己最大的出力为公司做贡献,Měi gè yuángōng dū jìn zìjǐ zuì dà de chūlì wèi gōngsī zuò gòngxiàn,Chaque employé fait de son mieux pour contribuer à l'entreprise,,
HSK6,Hanzi,b214f227f03a,célèbre,chūmíng,出名,他是个出名的歌手,Tā shì gè chūmíng de gēshǒu,Il est un chanteur célèbre,,
HSK6,Hanzi,8a2bdc093bcc,"écart, divergence",chūrù,出入,公司的利润与预测有出入,Gōngsī de lìrùn yǔ yùcè yǒu chūrù,Les bénéfices de l'entreprise diffèrent des prévisions.,,
HSK6,Hanzi,cc4eb7a5e059,"montrer, présenter",chūshì,出示,请出示你的身份证,Qǐng chūshì nǐ de shēnfèn zhèng,Veuillez montrer votre carte d'identité,,
HSK6,Hanzi,14a088e12bc9,partir en voyage,chūyóu,出游,我和朋友们一起出游,Wǒ hé pēngyoumen yīqǐ chūyóu,Je pars en voyage avec mes amis.,,
HSK6,Hanzi,2becf37a12a7,"par (motif), en raison de",chūyú,出于,我出于好奇心去参加了这次活动,Wǒ chūyú hàoqíxīn qù cānjiā le zhè cì huódòng,Je suis allé participer à cet événement par curiosité.,,
HSK6,Hanzi,0dba5a729e58,"retirer, diviser, sauf",chú,除,今天除我外每个人都会来,Jīn tiān chú wǒ wài měi gè rén dū huì lái,"Aujourd'hui, tout le monde viendra sauf moi.",,
HSK6,Hanzi,5b5b4c782636,à moins que,chúfēi,除非,我只会去除非我妈妈同意,Wǒ zhǐ huì qù chú fēi wǒ mā ma tóng yì,Je ne vais que si ma mère est d'accord,,
HSK6,Hanzi,810359c7db84,"stocker, conserver",chǔcún,储存,我的电脑可以储存很多文件,Wǒ de diànnǎo kěyǐ chǔcún hěn duō wénjiàn,Mon ordinateur peut stocker beaucoup de fichiers,,
HSK6,Hanzi,458828cdf6fd,punir,chǔfá,处罚,犯了错就要接受处罚,Fànle cuò jiù yào jiēshòu chǔfá,"Quand on a commis une faute, il faut accepter la punition.",,
HSK6,Hanzi,54f7a637573f,"épargner, épargne",chǔxù,储蓄,我会定期进行储蓄,Wǒ huì dìngqī jìnxíng chǔxù,Je fais des économies de façon régulière,,
HSK6,Hanzi,db7b3db64f81,partout,chùchù,处处,城市的角角落落都很漂亮,Chéngshì de jiǎo jiǎo luò luò dōu hěn piàoliang,"Partout dans la ville, tout est très beau",,
HSK6,Hanzi,54ca6b1255e2,traverser,chuānguò,穿过,火车穿过长长的隧道,Huǒchē chuānguò cháng cháng de suìdào,Le train traverse un long tunnel,,
HSK6,Hanzi,8455bfba140b,"transmettre, perpétuer",chuánchéng,传承,我们要传承传统文化。,Wǒmen yào chuánchéng chuántǒng wénhuà,Nous devons transmettre la culture traditionnelle.,,
HSK6,Hanzi,4990156a8d35,"transmettre, communiquer",chuándá,传达,老板要向员工传达新的工作计划,Lǎobǎn yào xiàng yuángōng chuándá xīn de gōngzuò jìhuà,Le patron souhaite transmettre aux employés le nouveau plan de travail,,
HSK6,Hanzi,74bb2c7952a6,"contaminer, infecter",chuánrǎn,传染,病毒会传染给其他人,Bìngdú huì chuánrǎn gěi qítā rén,Le virus peut infecter d'autres personnes,,
HSK6,Hanzi,c0f1465afefa,maladie infectieuse,chuánrǎnbìng,传染病,医生专门治疗传染病,Yīshēng zhuān mén zhìliáo chuánrǎnbìng,Le médecin se spécialise dans le traitement des maladies infectieuses,,
HSK6,Hanzi,b510dd15eb2f,"enseigner, transmettre",chuánshòu,传授,老师会传授给我们很多知识,Lǎoshī huì chuánshòu gěi wǒmen hěn duō zhīshì,Le professeur nous enseigne beaucoup de choses,,
HSK6,Hanzi,d62e225e9f98,transmettre,chuánshū,传输,电脑可以快速传输文件,Diànnǎo kěyǐ kuàisù chuánshū wénjiàn,L'ordinateur peut transmettre rapidement des fichiers,,
HSK6,Hanzi,7b8d37d905ed,fax,chuánzhēn,传真,请将合同传真给我,Qǐng jiāng hétóng chuánzhēn gěi wǒ,Veuillez me faxer le contrat,,
HSK6,Hanzi,08f5eaceead5,"navires, bateaux",chuánzhī,船只,港口里有很多船只,Gǎngkǒu lǐ yǒu hěn duō chuánzhī,Il y a beaucoup de navires dans le port,,
HSK6,Hanzi,189cdd12f808,"brochette, chapelet, classificateur",chuàn,串,我爱吃烤串,Wǒ ài chī kǎo chuàn,J'adore manger des brochettes grillées,,
HSK6,Hanzi,9e91b0cc6f79,"fenêtre, guichet",chuāngkǒu,窗口,我刚刚打开了窗口,Wǒ gāng gāng dǎkāi le chuāngkǒu,Je viens d'ouvrir la fenêtre,,
HSK6,Hanzi,a9e690fa45f8,"se précipiter, s'introduire",chuǎng,闯,他闯入了房间,Tā chuǎng rù le fángjiān,Il est entré précipitamment dans la chambre,,
HSK6,Hanzi,0fa8f4096941,"fonder, créer",chuàngbàn,创办,他创办了一家科技公司,Tā chuàngbàn le yī jiā kējì gōngsī,Il a fondé une entreprise de technologie,,
HSK6,Hanzi,5e49ae7fddba,"créer, établir",chuàngjiàn,创建,这个公司是由他创建的,Gè cǐ gōngsī shì yóu tā chuàngjiàn de,Cette entreprise a été créée par lui,,
HSK6,Hanzi,2680939d04c7,"fonder, établir",chuànglì,创立,他们创立了一家新公司,Tāmen chuànglì le yì jiā xīn gōngsī,Ils ont fondé une nouvelle entreprise,,
HSK6,Hanzi,031d05d86d77,"créativité, créatif",chuàngyì,创意,她是一个非常有创意的艺术家,Tā shì yī gè fēi cháng yǒu chuàngyì de yìshùjiā,Elle est une artiste très créative,,
HSK6,Hanzi,8a16e0251a81,verticale,chuízhí,垂直,该建筑的设计采用垂直结构,Gāi jiànzhù de shèjì cǎiyòng chuízhí jiégòu,Le bâtiment est conçu avec une structure verticale,,
HSK6,Hanzi,330dd70c83d7,"pur, purement",chún,纯,我是一个纯粹的农村女孩,Wǒ shì yī gè chún cuì de nóng cūn nǚ hái,Je suis une fille purement campagnarde,,
HSK6,Hanzi,a22111a56168,porcelaine,cíqì,瓷器,我非常喜欢收藏古代的瓷器,Wǒ fēicháng xǐhuān shōucáng gǔdài de cíqì,J'adore collecter les anciennes porcelaines,,
HSK6,Hanzi,9ff700acd2d4,ce moment,cǐkè,此刻,我此刻正在学习中文,Wǒ cǐkè zhèngzài xuéxí zhōngwén,Je suis en train d'apprendre le chinois en ce moment,,
HSK6,Hanzi,33befe6a83c3,"piquer, épine",cì,刺,这件衣服有刺,Zhè jiàn yīfú yǒu cì,Cette robe a des épines,,
HSK6,Hanzi,210bbf175f46,nombre de fois,cìshù,次数,我已经去中国三次,Wǒ yǐjīng qù zhōngguó sān cìshù,J'ai déjà été en Chine trois fois,,
HSK6,Hanzi,88066ff97422,"hâtif, pressé",cōngcōng,匆匆,时间匆匆流失，岁月无声,"Shí guò cōngcōng liú shī, suì yuè wú shēng","Le temps s'écoule rapidement, les années passent en silence",,
HSK6,Hanzi,c5ccf3feb1fc,"hâtif, précipité",cōngmáng,匆忙,他匆忙地走出房子,Tā cōngmáng de zǒu chū fángzi,Il est sorti de la maison précipitamment,,
HSK6,Hanzi,0108c8cd1b35,jamais,cóngwèi,从未,我从未去过中国,Wǒ cóngwèi qù guò zhōngguó,Je suis jamais allé en Chine,,
HSK6,Hanzi,22a7e6f8d7b7,exercer une profession,cóngyè,从业,我正在从业医疗领域,Wǒ zhèngzài cóngyè yīliáo lǐngyù,Je suis en train d'exercer dans le domaine médical,,
HSK6,Hanzi,252038acb091,vinaigre,cù,醋,我在超市买了一瓶醋,Wǒ zài chāoshì mǎi le yī píng cù,J'ai acheté une bouteille de vinaigre au supermarché,,
HSK6,Hanzi,793ebc63e866,"croustillant, cassant",cuì,脆,這個餅乾很脆,Zhè ge bǐng gāo hěn cuì,Ce biscuit est croustillant,,
HSK6,Hanzi,8af3f184b316,fragile,cuìruò,脆弱,她是一个脆弱的女孩,Tā shì yī gè cuìruò de nǚhái,Elle est une fille fragile,,
HSK6,Hanzi,937828797dad,village,cūnzhuāng,村庄,我住在一个小村庄,Wǒ zhù zài yī gè xiǎo cūnzhuāng,Je vis dans un petit village,,
HSK6,Hanzi,ca794ffbc6a3,stocker,cúnchǔ,存储,这台电脑的存储空间很大,Zhè tái diànnǎo de cúnchǔ kōngjiān hěn dà,L'ordinateur a un espace de stockage très grand,,
HSK6,Hanzi,68852b6117ec,cun (unité de longueur),cùn,寸,我有一尺的尺寸,Wǒ yǒu yī chǐ de chǐ cùn,"J'ai une mesure d'une longueur d'un pied (ou d'une unité équivalent à 10 cun, ou 1 chi).",,
HSK6,Hanzi,734d876e9d12,"échec, revers",cuòzhé,挫折,我在创业过程中经历了很多挫折,Wǒ zài chuàngyè guòchéng zhōng jīnglì le hěn duō cuòzhé,J'ai vécu beaucoup d'échecs au cours de mon entreprise.,,
HSK6,Hanzi,a5a3c1ca9847,"construire, monter",dā,搭,我们要搭建一个新网站,Wǒmen yào dā jiàn yī gè xīn wǎngzhàn,Nous allons construire un nouveau site web,,
HSK6,Hanzi,4aaea0f1093c,"assortir, assorti",dāpèi,搭配,这件衣服和这双鞋子搭配很好,Zhè jiàn yīfú hé zhè shuāng xié dāpèi hěn hǎo,Cette robe et ces chaussures s'assortissent très bien,,
HSK6,Hanzi,08454fc4bc60,répondre,dáfù,答复,我会尽快答复你,Wǒ huì jǐn kuài dáfù nǐ,Je vais répondre le plus rapidement possible à ta question.,,
HSK6,Hanzi,efa53aa69e4d,"avoir affaire à, traiter avec",dǎ jiāodao,打交道,我很害怕打交道这种复杂的人,Wǒ hěn hàipà dǎ jiāodao zhè zhǒng fùzá de rén,J'ai très peur d'avoir affaire à ce type de personnes compliquées.,,
HSK6,Hanzi,f29cd48d7b03,"émouvoir, toucher",dǎdòng,打动,她的微笑打动了我的心,Tā de wēixīo dǎdòng le wǒ de xīn,Son sourire a touché mon cœur,,
HSK6,Hanzi,ef7826ff565c,"frapper, porter un coup",dǎjī,打击,警察打击犯罪,Jǐngchá dǎjī fànzùi,La police frappe le crime,,
HSK6,Hanzi,fb8c31524b22,se battre,dǎjià,打架,两个人在街上打架,Liǎng gè rén zài jiē shàng dǎjià,Deux personnes se battent dans la rue,,
HSK6,Hanzi,3609d5c8e02d,pointer (arrivée/départ),dǎkǎ,打卡,我已经打卡上班了,Wǒ yǐjīng dǎkǎ shàngbān le,J'ai déjà pointé mon arrivée au travail,,
HSK6,Hanzi,94a999b6ffce,tonnerre,dǎléi,打雷,外面现在打雷,Wài miàn xiàn zài dǎléi,Il tonne à l'extérieur en ce moment,,
HSK6,Hanzi,5cc838d75089,"créer, façonner",dǎzào,打造,这个公司将专心打造新产品,Gèi gōngsī jiāng zhuān xīn dǎzào xīn chǎnpǐn,Cette entreprise se consacre à créer de nouveaux produits,,
HSK6,Hanzi,5ea68558a50f,faire la guerre,dǎzhàng,打仗,中国和美国不会打仗,Zhōngguó hé Měiguó bú huì dǎzhàng,La Chine et les États-Unis ne feront pas la guerre,,
HSK6,Hanzi,d52b3d834d0f,"ministre, haut fonctionnaire",dàchén,大臣,李国的大臣正在开会,Lǐ guó de dàchén zhèngzài kāihuì,Le ministre du pays Li est en réunion,,
HSK6,Hanzi,70956a8dd64b,être très surpris,dàchī-yìjīng,大吃一惊,听到这个消息我大吃一惊,Tīng dào zhè ge xiāo xi wǒ dàchī-yìjīng,J'ai été très surpris en entendant cette nouvelle,,
HSK6,Hanzi,0c8a6945020d,la terre,dàdì,大地,大地是我们共同的家园,Dàdì shì wǒmen gòngtóng de jiāyuán,La terre est notre maison commune,,
HSK6,Hanzi,11972c14de3c,pour la plupart,dàdū,大都,大多数中国人大都喜欢吃中餐,Dà duōshù Zhōngguó rén dàdū xǐhuān chī zhōngcān,La plupart des Chinois aiment manger chinois pour la plupart.,,
HSK6,Hanzi,0a6cdd2374f3,"généreux, naturel",dàfang,大方,他是一个大方的人,Tā shì yī gè dàfang de rén,Il est une personne généreuse.,,
HSK6,Hanzi,72d939bc52ac,considérablement,dàfú,大幅,公司的利润大幅增加,Gōngsī de lìrùn dàfú zēngjiā,Les bénéfices de l'entreprise ont considérablement augmenté,,
HSK6,Hanzi,109dc1a0fd8d,tout le monde,dàhuǒr,大伙儿,大伙儿都喜欢吃中国菜,Dàhuǒr dōu xǐhuān chī zhōngguó cài,Tout le monde aime manger de la cuisine chinoise,,
HSK6,Hanzi,abee7fd86b8f,ambassadeur,dàshǐ,大使,法国的大使正在访问中国,Fà guó de dàshǐ zhèngzài fǎngwèn zhōng guó,L'ambassadeur de France est en train de visiter la Chine,,
HSK6,Hanzi,8efa63559f74,"maître, expert",dàshī,大师,他是一位音乐大师,Tā shì yī wèi yīn lè dàshī,Il est un maître de la musique,,
HSK6,Hanzi,a184afe043d7,Océanie,Dàyángzhōu,大洋洲,我喜欢去大洋洲旅游,Wǒ xǐ huān qù Dàyángzhōu lǚ yóu,J'aime aller en Océanie pour des vacances,,
HSK6,Hanzi,ac4f69470db0,"approximatif, en gros",dàzhì,大致,我对这个问题的了解大致就是这样,Wǒ duì zhè ge wèn tí de liǎo jiě dàzhì jiù shì zhè yàng,J'ai une compréhension approximative de cette question qui est à peu près comme ceci,,
HSK6,Hanzi,9d51bcfc85da,"hébété, figé",dāi,呆,他被吓得呆住了,Tā bèi xià de dāi zhù le,Il a été tellement effrayé qu'il est resté hébété.,,
HSK6,Hanzi,9dd3973fa058,"prix, coût",dàijià,代价,我不愿意为此付出高代价,Wǒ bù yuànyì wèi cǐ fùchū gāo dàijià,Je ne veux pas payer le prix fort pour cela,,
HSK6,Hanzi,97c4e4c4b22d,"prêter, prêt",dàikuǎn,贷款,我需要向银行申请贷款,Wǒ xūyào xiàng yíngháng shēnqǐng dàikuǎn,J'ai besoin de demander un prêt à la banque,,
HSK6,Hanzi,af9b8dfd88e0,"représenter, agir comme agent",dàilǐ,代理,公司请他作为我的代理,Gōngsī qǐng tā zuò wèi wǒ de dàilǐ,L'entreprise l'a invité à agir comme mon représentant.,,
HSK6,Hanzi,029f40a82d51,"diriger, guider",dàilǐng,带领,老板带领我们前往会议室,Lǎobǎn dàilǐng wǒmen fāngwè huìyìshì,Le patron nous a dirigés vers la salle de réunion,,
HSK6,Hanzi,04fc7612886b,"simple, pur",dānchún,单纯,我是一个单纯的人,Wǒ shì yī gè dānchún de rén,Je suis une personne simple,,
HSK6,Hanzi,8759e7852259,monotone,dāndiào,单调,老师的讲座很单调,Lǎoshī de jiǎng zuò hěn dāndiào,Le cours du professeur est très monotone,,
HSK6,Hanzi,0677b3e26994,"retarder, faire perdre du temps",dānwu,耽误,如果我再耽误一分钟，我们就会错过最后一班火车,"Rúguǒ wǒ zài dānwu yī fēnzhōng, wǒmen jiù huì cuòguò zuìhòu yī bān huǒchē","Si je retarde encore d'une minute, nous allons rater le dernier train.",,
HSK6,Hanzi,da78ed2d5361,s'inquiéter,dānyōu,担忧,她担忧父亲的健康状况,Tā dānyōu fùqin de jiànkāng zhuàngkuàng,Elle s'inquiète pour l'état de santé de son père,,
HSK6,Hanzi,40b64c12e5c5,protéine,dànbáizhì,蛋白质,鸡肉中含有很多蛋白质,Jī ròu zhōng hán yǒu hěn duō dànbáizhì,La viande de poulet contient beaucoup de protéines,,
HSK6,Hanzi,077de52a7854,naître,dànshēng,诞生,婴儿在医院里诞生,Yīng'ér zài yīyuàn lǐ dànshēng,Le bébé est né à l'hôpital,,
HSK6,Hanzi,182ddd082029,"sur place, séance tenante",dāngchǎng,当场,我当场就答应了他,Wǒ dāngchǎng jiù dāyīng le tā,J'ai accepté sur place sa demande.,,
HSK6,Hanzi,fbb6fcafb846,"à l'origine, à l'époque",dāngchū,当初,当初我不喜欢吃蔬菜,Dāngchū wǒ bù xǐhuān chī shūcài,"À l'origine, je n'aimais pas manger de légumes",,
HSK6,Hanzi,b0d28efc3654,contemporain,dāngdài,当代,当代艺术家非常有才华,Dāngdài yìshùjiā fēicháng yǒu cái huá,Les artistes contemporains sont très talentueux,,
HSK6,Hanzi,aee12a3c92c5,de nos jours,dāngjīn,当今,当今世界非常发达,Dāngjīn shìjiè fēicháng fādá,Le monde d'aujourd'hui est très développé,,
HSK6,Hanzi,99ac14306690,"en personne, face à face",dāngmiàn,当面,我很想当面感谢老板,Wǒ hěn xiǎng dāngmiàn gǎnxiè lǎobǎn,Je veux remercier le patron en personne.,,
HSK6,Hanzi,e4550a282a2c,"à l'instant présent, immédiatement",dāngxià,当下,我要当下开始学习中文,Wǒ yào dāngxià kāishǐ xuéxí zhōngwén,Je veux commencer à apprendre le chinois immédiatement,,
HSK6,Hanzi,e317ab9237f6,être élu,dāngxuǎn,当选,他当选为市长,Tā dāngxuǎn wèi shìzhǎng,Il a été élu maire,,
HSK6,Hanzi,4b4a1be61a60,"dossier, archives",dàng'àn,档案,公司的档案非常重要,Gōngsī de dàng'àn fēicháng zhòngyào,Les archives de l'entreprise sont très importantes,,
HSK6,Hanzi,00ab27e0fe68,ce jour-là,dàngtiān,当天,我当天就收到了你的信,Wǒ dàngtiān jiù shōu dào le nǐ de xìn,J'ai reçu ta lettre ce jour-là,,
HSK6,Hanzi,044c75c79e6d,île,dǎo,岛,我住在一个美丽的海岛,Wǒ zhù zài yī gè měilì de hǎi dǎo,J'habite sur une belle île de mer,,
HSK6,Hanzi,483d4a5dc39c,faire faillite,dǎobì,倒闭,公司去年倒闭了,Gōngsī qùnián dǎobì le,L'entreprise a fait faillite l'année dernière,,
HSK6,Hanzi,0e6b2a698ad7,faire marche arrière,dǎochē,倒车,当我开车到死胡同的时候，我必须倒车,"Dāng wǒ kāichē dào sǐ hú tòng de shí hòu, wǒ bìxū dǎochē","Lorsque je conduis jusqu'à une impasse, je dois faire marche arrière",,
HSK6,Hanzi,8030c6e845f3,"directeur de recherche, mentor",dǎoshī,导师,我的导师教会我很多东西,Wǒ de dǎoshī jiào huì wǒ hěn duō dōng xi,Mon directeur de recherche m'a enseigné beaucoup de choses,,
HSK6,Hanzi,a3b30abfc3c1,"moral, moral",dàodé,道德,他是一个具有道德的人,Tā shì yī gè jùyǒu dàodé de rén,Il est une personne dotée d'une grande moralité,,
HSK6,Hanzi,f11e01922fdd,"au contraire, pourtant",dàoshì,倒是,我喜欢读书，倒是我的弟弟不喜欢读书,"Wǒ xǐhuān dú shū, dàoshì wǒ de dìdì bù xǐhuān dú shū","J'aime lire, mais mon frère, lui, n'aime pas lire.",,
HSK6,Hanzi,3e72281c407c,"ça suffit, ça y est",déle,得了,我已经吃够了，不能再吃了,"Wǒ yǐjīng chī gòu le, bù néng zài chī le","J'en ai déjà assez mangé, ça suffit, je ne peux plus manger.",,
HSK6,Hanzi,1df42258b42f,"pouvoir, avoir l'occasion de",déyǐ,得以,我很高兴得以见到你,Wǒ hěn gāoxìng déyǐ jiàn dào nǐ,Je suis ravi d'avoir l'occasion de te voir,,
HSK6,Hanzi,b1b9fa4945f7,apprendre (une nouvelle),dézhī,得知,我昨晚得知了这个消息,Wǒ zuó wǎn dé zhī le zhè ge xiāo xi,J'ai appris cette nouvelle hier soir,,
HSK6,Hanzi,e0184b94da51,lanterne,dēnglong,灯笼,我家里的花园里挂着一个美丽的灯笼,Wǒ jiā lǐ de huāyuán lǐ guàzhe yī gè měilì de dēnglong,Ma maison a un jardin avec une belle lanterne.,,
HSK6,Hanzi,723a585f8796,"grade, niveau",děngjí,等级,我的等级还不是很高,Wǒ de děngjí hái bù shì hěn gāo,Mon niveau n'est pas encore très élevé.,,
HSK6,Hanzi,3bdafefcac6a,"goutter, classificateur de gouttes",dī,滴,雨滴落在我的头上,Yǔ dī luò zài wǒ de tóu shàng,Les gouttes de pluie tombent sur ma tête,,
HSK6,Hanzi,e31ee7bc3544,bas carbone,dītàn,低碳,我们正在努力推广低碳生活,Wǒmen zhèngzài nǔlì tuīguǎng dītàn shēng huó,Nous sommes en train de promouvoir le mode de vie bas carbone,,
HSK6,Hanzi,29487a85aa3b,arriver,dǐdá,抵达,飞机在下午三点抵达北京,Fēijī zài xiàwǔ sān diǎn dǐdá běijīng,L'avion est arrivé à Pékin à trois heures de l'après-midi,,
HSK6,Hanzi,de5944d24c70,résister,dǐkàng,抵抗,我们必须抵抗压力,Wǒmen bìxū dǐkàng yālì,Nous devons résister à la pression,,
HSK6,Hanzi,7f2f230245c7,authentique,dìdao,地道,这道菜很地道,Zhè dào cài hěn dìdao,Ce plat est très authentique,,
HSK6,Hanzi,3c5eeeef92ac,"relief, relief",dìxíng,地形,山區的地形很複雜,Shān qū de dìxíng hěn fùzá,Le relief de la région montagneuse est très complexe,,
HSK6,Hanzi,bf0ec4b123d6,"région, zone",dìyù,地域,这个城市的地域很大,Gè zhè chéngshì de dìyù hěn dà,La région de cette ville est très grande,,
HSK6,Hanzi,e72821c5b826,géologie,dìzhì,地质,中国有着丰富的地质资源,Zhōngguó yǒu zhe fēngfù de dìzhì zīyuán,La Chine possède des ressources géologiques riches.,,
HSK6,Hanzi,077d2d3208cd,cliquer,diǎnjī,点击,当您点击按钮时会显示一条信息,Dāng nǐ diǎnjī aniū shí huì xiǎn shì yī tiáo xìnxī,"Lorsque vous cliquez sur le bouton, un message s'affiche.",,
HSK6,Hanzi,4a325032dc06,cérémonie,diǎnlǐ,典礼,今天是毕业典礼,Jīn tiān shì bì yè diǎn lǐ,Aujourd'hui c'est la cérémonie de remise des diplômes.,,
HSK6,Hanzi,8f53ce7a95c8,allumer,diǎnrán,点燃,火柴可以点燃蜡烛,Huǒchái kěyǐ diǎnrán làzhú,Les allumettes peuvent allumer les bougies,,
HSK6,Hanzi,d44612577b07,"modèle, typique",diǎnxíng,典型,这种行为是典型的幼稚举动,Zhè zhǒng xíngwéi shì diǎnxíng de yòu zhi jǔdòng,Ce comportement est un exemple typique d'immaturité,,
HSK6,Hanzi,c8c525c477bd,cuiseur à riz,diànfànguō,电饭锅,我家里有一个电饭锅,Wǒ jiā lǐ yǒu yī gè diànfànguō,J'ai un cuiseur à riz à la maison,,
HSK6,Hanzi,d1b3a2128b6a,électricité,diànlì,电力,我们需要更多的电力,Wǒmen xūyào gèng duō de diànlì,Nous avons besoin de plus d'électricité,,
HSK6,Hanzi,9fb0ea821e16,"boutique, magasin",diànpù,店铺,我在这家店铺工作,Wǒ zài zhè jiā diànpù gōngzuò,Je travaille dans cette boutique.,,
HSK6,Hanzi,21b8ba41832b,"source d'alimentation, prise",diànyuán,电源,我的电脑需要一根电源线,Wǒ de diànnǎo xūyào yī gēn diànyuán xiàn,Mon ordinateur a besoin d'une prise électrique,,
HSK6,Hanzi,67d4879bb78d,"suspendre, pendre",diào,吊,灯吊在天花板上,Dēng diào zài tiān huā bǎn shàng,La lampe est suspendue au plafond,,
HSK6,Hanzi,a53a37836c0a,"transférer, mobiliser",diàodòng,调动,公司决定调动他到另一个部门工作,Gōngsī juédìng diàodòng tā dào lìng yī gè bùmén gōngzuò,L'entreprise a décidé de le transférer dans un autre département.,,
HSK6,Hanzi,c454e9b997cd,pêcher,diàoyú,钓鱼,今天我要去钓鱼,Jīn tiān wǒ yào qù diàoyú,"Aujourd'hui, je vais aller pêcher",,
HSK6,Hanzi,0bd175602593,"tomber, chuter",diē,跌,今天股市大跌,Jīn tiān gǔ shì dà diē,"Aujourd'hui, le marché boursier a chuté.",,
HSK6,Hanzi,c377789429a1,"sommet, porter sur la tête, classificateur (chapeaux)",dǐng,顶,我每天都喜欢戴着一顶帽子,Wǒ měi tiān dōu xǐ huān dài zhe yī dǐng mào zì,Je aime porter un chapeau chaque jour,,
HSK6,Hanzi,b03b63b07c7d,bon de commande,dìngdān,订单,我已经完成了这个订单,Wǒ yǐjīng wánchéng le zhè ge dìngdān,J'ai déjà terminé cette commande.,,
HSK6,Hanzi,b1e8edcfbfb4,se fiancer,dìnghūn,订婚,我们刚刚订婚,Wǒmen gānggāng dìnghūn,Nous venons de nous fiancer,,
HSK6,Hanzi,5ce5a3a9b744,"fixer un prix, prix",dìngjià,定价,公司要为新产品定价,Gōngsī yào wèi xīn chǎnpǐn dìngjià,L'entreprise doit fixer un prix pour le nouveau produit.,,
HSK6,Hanzi,d2f75e9f85f5,"programmer, minuterie",dìngshí,定时,,,,,
HSK6,Hanzi,fd4a094603cb,"positionner, position",dìngwèi,定位,GPS技术可以帮助我们快速定位位置,GPS jìshù kěyǐ bāngzhù wǒmen kuàisù dìngwèi wèizhì,La technologie GPS peut nous aider à positionner rapidement notre position.,,
HSK6,Hanzi,90431222dc5a,"définition, définir",dìngyì,定义,他给出了对这个词的定义,Tā gěi le duì zhè ge cí de dìngyì,Il a donné la définition de ce mot,,
HSK6,Hanzi,5c0965c546dc,"personnaliser, faire sur mesure",dìngzhì,定制,他们提供定制服务,Tāmen tígōng dìngzhì fúwù,Ils offrent des services de personnalisation.,,
HSK6,Hanzi,a6ecaea635ed,classificateur de bâtiments,dòng,栋,学校里有一栋大楼,Xuéxiào lǐ yǒu yī dòng dàlóu,Il y a un grand bâtiment dans l'école,,
HSK6,Hanzi,be46c89ecbe0,"motif, motivation",dòngjī,动机,,,,,
HSK6,Hanzi,16a26fa1b4c1,force motrice,dònglì,动力,汽车的动力来自电池,Qìchē de dònglì láizì diàncí,La force motrice de la voiture vient de la batterie,,
HSK6,Hanzi,37bf7f1d0fa3,"animation, anime",dòngmàn,动漫,我喜欢看动漫,Wǒ xǐhuān kàn dòngmàn,J'aime regarder les animations/animes.,,
HSK6,Hanzi,d943da802e8e,"dynamique, tendance",dòngtài,动态,当前的动态对市场产生了重大的影响,Dāngqián de dòngtài duì shìchǎng chǎnshēng le zhòngdà de yǐngxiǎng,La tendance actuelle a un impact important sur le marché,,
HSK6,Hanzi,825d8db67a10,agréable à entendre,dòngtīng,动听,她唱歌的声音很动听,Tā chàng gē de shēng yīn hěn dòng tīng,Elle a une voix agréable à entendre lorsqu'elle chante.,,
HSK6,Hanzi,d85f5c7c47de,"taquiner, drôle",dòu,逗,他逗我笑了,Tā dòu wǒ xiào le,Il m'a fait rire,,
HSK6,Hanzi,33d414a05d4d,"lutter, lutter",dòuzhēng,斗争,我们必须要为我们的权利进行斗争,Wǒmen bìxū yào wèi wǒmen de quánlì jìnxiíng dòuzhēng,Nous devons lutter pour nos droits.,,
HSK6,Hanzi,3f234ae2fb3d,métropole,dūshì,都市,上海是一座大都市,Shàng hǎi shì yī zuò dà dūshì,Shanghai est une grande métropole,,
HSK6,Hanzi,0dccecd70a79,"poison, empoisonner, toxique",dú,毒,这件衣服有毒,Zhè jiàn yīfú yǒu dú,Cette chemise est toxique,,
HSK6,Hanzi,9cd1673f46fb,traverser (une rivière),dù,渡,我们要乘船渡到对面,Wǒmen yào chéng chuán dù dào duìmiàn,Nous allons prendre un bateau pour traverser à l'autre rive,,
HSK6,Hanzi,31935126ff02,"porter, tenir",duān,端,我端着盘子走进客厅,Wǒ duān zhe pánzi zǒu jìn kètīng,Je porte un plateau et entre dans le salon,,
HSK6,Hanzi,56ceac0a610c,"pénurie, manquer de",duǎnquē,短缺,最近中国面临着严重的水资源短缺,Zuìjìn zhōngguó miàn lín zhe yánzhòng de shuǐ zīyuán duǎnquē,"Récemment, la Chine est confrontée à une grave pénurie d'eau.",,
HSK6,Hanzi,dd46f9a6e345,symétrique,duìchèn,对称,这件艺术品具有对称的美感,Zhè jiàn yìshù pǐn jìyǒu duìchèn de měigǎn,Cette œuvre d'art possède une beauté symétrique,,
HSK6,Hanzi,306d62b3bdcf,"s'arrimer, se connecter",duìjiē,对接,我们的系统与其他系统进行了对接,Wǒmen de xìtǒng yǔ qítā xìtǒng jìnxíng le duìjiē,Notre système s'est connecté à d'autres systèmes,,
HSK6,Hanzi,1dbced171cc6,"s'opposer, résister",duìkàng,对抗,中国人民对抗外来侵略,Zhōngguó rénmín duìkàng wàilái qīnlüè,Le peuple chinois s'oppose à l'invasion étrangère,,
HSK6,Hanzi,ae4fdde0fb8c,s'opposer,duìlì,对立,两国之间存在着严重的对立,Liǎng guó zhī jiān cúnzài zhe yánzhòng de duìlì,Deux pays ont une forte opposition entre eux,,
HSK6,Hanzi,b75030ae2a65,"correspondre, correspondant",duìyìng,对应,每个按钮都有对应的功能,Měi gè aniù jiù yǒu duìyìng de gōngnèng,Chaque bouton a une fonction correspondante,,
HSK6,Hanzi,d256c669c937,s'accroupir,dūn,蹲,我蹲在马桶上,Wǒ dūn zài mǎtǒng shàng,Je suis accroupi sur les toilettes,,
HSK6,Hanzi,bca557c6db2f,"soudain, immédiatement",dùnshí,顿时,她听到消息顿时流下了眼泪,Tā tīng dào xiāo xi dùn shí liú xià le yǎn lèi,Elle a versé des larmes dès qu'elle a entendu la nouvelle,,
HSK6,Hanzi,385d401142b4,"polyvalent, talentueux",duōcái-duōyì,多才多艺,他是一位多才多艺的艺术家,Tā shì yī wèi duōcái-duōyì de yìshùjiā,Il est un artiste polyvalent et talentueux,,
HSK6,Hanzi,e932cd274e7c,grâce à,duōkuī,多亏,我今天没有迟到多亏了早起,Wǒ jīntiān méiyǒu chídào duōkuī le zǎo qǐ,Je n'ai pas eu de retard aujourd'hui grâce à mon lever tôt,,
HSK6,Hanzi,72d7112f81fd,multimédia,duōméitǐ,多媒体,公司开发了一个多媒体平台,Gōngsī kāifā le yī gè duōméitǐ píngtái,L'entreprise a développé une plateforme multimédia.,,
HSK6,Hanzi,59eb777d7a0b,"superflu, inutile",duōyú,多余,我觉得这个礼物是多余的,Wǒ juéde zhè ge lǐwù shì duōyú de,Je trouve que ce cadeau est superflu.,,
HSK6,Hanzi,5c1e56eab58b,"diversifié, pluraliste",duōyuán,多元,中国是一个多元的国家,Zhōngguó shì yīgè duōyuán de guójiā,La Chine est un pays diversifié,,
HSK6,Hanzi,3f10348cdf34,s'emparer de,duó,夺,兵们要夺取敌军的据点,Bīngmen yào duó qǔ díjūn de jùdiǎn,Les soldats veulent s'emparer du point d'ancrage de l'armée ennemie,,
HSK6,Hanzi,4c64fe48d68f,"s'emparer de, conquérir",duóqǔ,夺取,我们将夺取冠军,Wǒmen jiāng duóqǔ guànjún,Nous allons conquérir le championnat,,
HSK6,Hanzi,d236acee5dd6,"éviter, se cacher",duǒbì,躲避,我要躲避强盗,Wǒ yào duǒbì qiángdào,Je veux éviter les voleurs,,
HSK6,Hanzi,460b5e23bab5,"écœurant, avoir la nausée",ěxin,恶心,我觉得这个食物很恶心,Wǒ juéde zhè ge shíwù hěn ěxin,Je trouve que ce plat est écœurant,,
HSK6,Hanzi,deee47f0a656,"mauvais, exécrable",èliè,恶劣,天气预报说今天的天气会很恶劣,Tiānqì yúbào shuō jīntiān de tiānqì huì hěn èliè,La météo annonce que le temps sera très mauvais aujourd'hui,,
HSK6,Hanzi,56daa9a2535b,pédiatrie,érkē,儿科,我喜欢学习儿科,Wǒ xǐ huān xué xí ér kē,J'aime étudier la pédiatrie,,
HSK6,Hanzi,a3631505f726,boucle d'oreille,ěrhuán,耳环,她戴着一对漂亮的耳环,Tā dài zhe yí duì piàoliang de ěrhuán,Elle porte une paire de boucles d'oreilles jolies,,
HSK6,Hanzi,6764e66a4ac3,dioxyde de carbone,èryǎnghuàtàn,二氧化碳,工业生产会排放大量的二氧化碳,Gōngyè shēngchǎn huì pāifàng dàliàng de èryǎnghuàtàn,La production industrielle rejette de grandes quantités de dioxyde de carbone,,
HSK6,Hanzi,3cced8b29435,tomber malade,fābìng,发病,我得了重病就要发病了,Wǒ dé le zhòngbìng jiù yào fābìng le,Je suis tombé gravement malade et je vais tomber malade.,,
HSK6,Hanzi,b5c4a63eb646,s'inquiéter,fāchóu,发愁,我为考试发愁,Wǒ wèi kǎoshì fāchóu,Je m'inquiète pour l'examen,,
HSK6,Hanzi,bcab9da78e7c,produire de l'électricité,fādiàn,发电,这个工厂主要发电,Gēi gè gōng chǎng zhǔyào fādiàn,Cette usine produit principalement de l'électricité,,
HSK6,Hanzi,f71847dc0348,"lancer, démarrer",fādòng,发动,我需要发动自己的潜力,Wǒ xūyào fādòng zìjǐ de qiánlì,J'ai besoin de lancer mon plein potentiel,,
HSK6,Hanzi,b5d6dfe863b3,"distribuer, délivrer",fāfàng,发放,公司将在会议后发放奖金,Gōngsī jiāng zài huìyì hòu fāfàng jiǎngjīn,L'entreprise distribuera les primes après la réunion,,
HSK6,Hanzi,be5b7d625ad5,"briller, émettre de la lumière",fāguāng,发光,灯发出美丽的发光,Dēng fāchū měilì de fāguāng,La lampe émet une belle lumière,,
HSK6,Hanzi,365f88873f9a,"facture, reçu",fāpiào,发票,我需要一份发票,Wǒ xūyào yī fēn fāpiào,J'ai besoin d'une facture,,
HSK6,Hanzi,1a2407ac60b8,"publier, émettre",fāxíng,发行,公司将发行新产品,Gōngsī jiāng fāxíng xīn chǎnpǐn,L'entreprise va publier un nouveau produit,,
HSK6,Hanzi,41f30796ca4e,s'enflammer,fāyán,发炎,我的手指发炎了,Wǒ de shǒu zhǐ fāyán le,Ma main s'est enflammée,,
HSK6,Hanzi,b8adc1cb3586,"se développer, croître",fāyù,发育,孩子在健康的环境中会不断发育,Háizi zài jiànkāng de huánjìng zhōng huì búduàn fāyù,L'enfant se développe sans cesse dans un environnement sain.,,
HSK6,Hanzi,fb227b81a68f,"légal, statutaire",fǎdìng,法定,这个公司的法定代表人是李总,Gè gōngsī de fǎdìng dàibiǎo rén shì lǐ zǒng,Le représentant légal de cette entreprise est le directeur Li,,
HSK6,Hanzi,302cc0e24fa8,juge,fǎguān,法官,法院里有很多法官,Fǎyuàn lǐ yǒu hěn duō fǎguān,Il y a beaucoup de juges au tribunal.,,
HSK6,Hanzi,f73aac93b0ae,lois et règlements,fǎguī,法规,企业必须遵守国家的法律法规,Qǐyè bìxū zūnshǒu guójiā de fǎlǜ fǎguī,L'entreprise doit respecter les lois et règlements de l'État.,,
HSK6,Hanzi,8c6f14c2865d,classificateur d'actions/occurrences,fān,番,我每年去中国两番,Wǒ měi nián qù Zhōngguó liǎng fān,Je vais en Chine deux fois par an,,
HSK6,Hanzi,4b8067f51cc3,"occupé, chargé",fánmáng,繁忙,星期五是我最繁忙的一天,Xīngqīwǔ shì wǒ zuì fánmáng de yī tiān,Le vendredi est mon jour le plus occupé.,,
HSK6,Hanzi,1e2e643d98cc,"tous, tout",fánshì,凡是,凡是好事我都会支持,Fánshì hǎoshì wǒ dū huì zhīchí,"Toute bonne chose, je la soutiendrai",,
HSK6,Hanzi,33317f7f47c6,se reproduire,fánzhí,繁殖,动物开始繁殖,Dòngwù kāishǐ fánzhí,Les animaux commencent à se reproduire,,
HSK6,Hanzi,90c561361bd4,donner un retour,fǎnkuì,反馈,客户给了公司宝贵的反馈,Kèhù gěi le gōngsī bǎogù de fǎnkuì,Le client a donné à l'entreprise un retour précieux,,
HSK6,Hanzi,46ac170204ac,"réfléchir, remettre en question",fǎnsī,反思,我经常反思自己的行为和决定,Wǒ jīngcháng fǎnsī zìjǐ de xíngwéi hé juéding,Je réfléchis souvent à mes actes et à mes décisions,,
HSK6,Hanzi,23ac8c9af4f9,commettre (un crime),fàn,犯,他犯了一个严重的错误,Tā fàn le yī gè yán zhòng de cuò wù,Il a commis une erreur grave,,
HSK6,Hanzi,6dd591ce71ba,tous les aspects,fāngfāngmiànmiàn,方方面面,我们应该从方方面面分析这个问题,Wǒmen yīnggāi cóng fāngfāngmiànmiàn fēn xī zhè ge wèntí,Nous devrions analyser ce problème sous tous ses aspects.,,
HSK6,Hanzi,4123d056f5d9,"direction, position",fāngwèi,方位,地图上显示了每个城市的方位,Dìtú shàng xiǎngshì le měi gè chéngshì de fāngwèi,La carte montre la direction de chaque ville,,
HSK6,Hanzi,78a32596799a,dialecte,fāngyán,方言,上海有很多方言,Shàng hǎi yǒu hěn duō fāngyán,Shanghai a beaucoup de dialectes,,
HSK6,Hanzi,a4e8ce6f6c34,"gêner, entraver",fáng'ài,妨碍,这个计划可能会妨碍我们的进度,Zhè ge jì huà fāng fǎ huì fáng'ài wǒ men de jìn dù,Ce plan peut entraver notre progrès,,
HSK6,Hanzi,f912294c6d7e,prix de l'immobilier,fángjià,房价,近年来房价一直在涨,Jìnnián lái fángjià yīzhí zài zhǎng,"Ces dernières années, les prix de l'immobilier ont continué à augmenter",,
HSK6,Hanzi,0ed0759003e9,prévenir et traiter,fángzhì,防治,我们需要采取措施进行防治传染病,Wǒmen xūyào cǎiqǔ cuòshī jìnyí fángzhì chuánrǎnbìng,Nous devons prendre des mesures pour prévenir et traiter les maladies infectieuses.,,
HSK6,Hanzi,d877a8db4cff,intervieweur,fǎngtán,访谈,记者正在进行一次访谈,Jì zhě zhèngzài jìnxíng yī cì fǎngtán,Le journaliste est en train de mener une interview.,,
HSK6,Hanzi,a549c66ac5b3,agrandir,fàngdà,放大,我可以用放大镜放大字体看得更清楚,Wǒ kěyǐ yòng fàngdà jìng fàngdà zìtǐ kàn dé gèng qīngchǔ,Je peux utiliser une loupe pour agrandir le texte et le voir plus clairement,,
HSK6,Hanzi,b1e8020983bb,lâcher (dans les airs),fàngfēi,放飞,孩子们喜欢放飞风筝,Hái zi men xǐ huān fàng fēi fēng zhēng,Les enfants aiment lâcher les cerfs-volants.,,
HSK6,Hanzi,e17e97a216d1,à toute vitesse,fēisù,飞速,他开车飞速地驶过高速公路,Tā kāichē fēisù de shǐguò gāosù gōnglù,Il conduit à toute vitesse sur l'autoroute,,
HSK6,Hanzi,02128b5a3dec,"gras, grossir, engrais",féi,肥,这包种子可以让植物肥,Zhè bāo zhǒngzǐ kěyǐ ràng zhíwù féi,Ce paquet de graines peut aider les plantes à prendre de l'engrais et à grossir,,
HSK6,Hanzi,f6441ba93f6a,obèse,féipàng,肥胖,他得了肥胖病,Tā dé le féi pàng bìng,Il est atteint d'obésité,,
HSK6,Hanzi,8e802a9966fa,fertile,féiwò,肥沃,这片土地肥沃,Zhè piàn tǔdì féiwò,Cette terre est fertile,,
HSK6,Hanzi,c3f4833b31db,poumon,fèi,肺,我有肺部疾病,Wǒ yǒu fèi bù jí bìng,J'ai une maladie du poumon,,
HSK6,Hanzi,b6d968a35e7c,pneumonie,fèiyán,肺炎,他得了严重的肺炎,Tā dé le yánzhòng de fèiyán,Il est atteint d'une pneumonie grave,,
HSK6,Hanzi,83e1e0ea31c5,division du travail,fēngōng,分工,我们要实现分工合作来提高效率,Wǒmen yào shíxiàn fēngōng hézuò lái tí gāo xiàolǜ,Nous devons réaliser la division du travail et la coopération pour améliorer l'efficacité,,
HSK6,Hanzi,0c4a82874d33,"classer, hiérarchiser",fēnjí,分级,他们将根据成绩进行分级,Tāmen jiāng gēnjù chéngjì jìnxíng fēnjí,Ils vont classer en fonction des résultats.,,
HSK6,Hanzi,cc397e71efbe,payer en plusieurs fois,fēnqī,分期,我要分期付款买一辆新车,Wǒ yào fēnqī fùkuǎn mǎi yī liàng xīn chē,Je veux payer en plusieurs fois pour acheter une nouvelle voiture,,
HSK6,Hanzi,40428a69bb2e,"dispersé, disperser",fēnsàn,分散,公司的员工分散在不同部门工作,Gōngsī de yuángōng fēnsàn zài bùtóng bùmén gōngzuò,Les employés de l'entreprise travaillent dispersés dans différents départements.,,
HSK6,Hanzi,4c51352ef9d5,ambiance,fēnwéi,氛围,这个咖啡馆的氛围很好,Gè zhè kāfēi guǎn de fēnwéi hěn hǎo,L'ambiance de ce café est très agréable,,
HSK6,Hanzi,887aaf407a19,"poudre, rose",fěn,粉,她脸上有粉,Tā liǎn shàng yǒu fěn,Elle a de la poudre sur le visage,,
HSK6,Hanzi,8766ff1be4eb,furieux,fènnù,愤怒,当他看到不公平的待遇时，他变得非常愤怒,"Dāng tā kàn dào bù gōng píng de dài yǐ shí, tā biàn de hěn fènnù","Lorsqu'il voit un traitement injuste, il devient très furieux",,
HSK6,Hanzi,519c6765c725,"fermer, sceller",fēngbì,封闭,大门已经封闭了,Dà mén yǐjīng fēngbì le,La grande porte est déjà fermée.,,
HSK6,Hanzi,5f7945b5a4f3,paysage,fēngguāng,风光,这个公园的风光真美丽,Gè zhè gōngyuán de fēngguāng zhēn měilì,Le paysage de ce parc est vraiment beau.,,
HSK6,Hanzi,2885f5777599,force du vent,fēnglì,风力,这个风车的能量来自于风力,Gè zhè fēng chē de néng liàng láizì yú fēnglì,L'énergie de cette éolienne vient de la force du vent,,
HSK6,Hanzi,119e3e51018f,récolte abondante,fēngshōu,丰收,今年的农作物取得了丰收,Jīn nián de nóng zuò wù huò dé le fēng shōu,"Cette année, les cultures ont eu une récolte abondante.",,
HSK6,Hanzi,6b0155d0d315,"vent et pluie, épreuves",fēngyǔ,风雨,我经历过很多风雨，变得更加坚强,"Wǒ jīnglì guò hěn duō fēngyǔ, biàn de gèng jiā jiānqiáng","J'ai vécu beaucoup d'épreuves, ce qui m'a rendu plus fort.",,
HSK6,Hanzi,c0cdda510c52,se dévouer,fèngxiàn,奉献,她一生都在奉献自己帮助别人,Tā yīshēng dōu zài fèngxiàn zìjǐ bāngzhù biérén,Elle a consacré sa vie à se dévouer pour aider les autres,,
HSK6,Hanzi,755c57cd9149,"épouse, madame",fūrén,夫人,我的妻子是位漂亮的夫人,Wǒ de qīzi shì wèi piàoliàng de fūrén,Ma femme est une belle épouse.,,
HSK6,Hanzi,9684f8dabbd3,"servir, obéir",fú,服,我服从公司的决定,Wǒ fúcóng gōngsī de juédìng,Je suis soumis à la décision de l'entreprise,,
HSK6,Hanzi,43b1c51fe986,flotter,fú,浮,她喜欢坐在船上感受水面漂浮的感觉,Tā xǐ huān zuò zài chuán shàng gǎn shòu shuǐ miàn piǎo fú de gǎn shòu,Elle aime s'asseoir sur le bateau pour ressentir la sensation de flotter sur la surface de l'eau,,
HSK6,Hanzi,d3105d35406e,"obéir, se conformer",fúcóng,服从,我必须服从老师的安排,Wǒ bìxū fúcóng lǎoshī de ān pái,Je dois obéir aux dispositions du professeur,,
HSK6,Hanzi,16f7c1ca6c98,"ampleur, étendue",fúdù,幅度,这个项目的幅度很大,Gè zhèng de fúdù hěn dà,L'étendue de ce projet est très grande,,
HSK6,Hanzi,db92d7b0eed8,symbole,fúhào,符号,这个符号很常用,Gè zhè fúhào hěn cháng yòng,Ce symbole est très couramment utilisé,,
HSK6,Hanzi,dde466ff1c9d,"bien-être, avantages",fúlì,福利,公司为员工提供良好的福利,Gōngsī wèi yuángōng tígōng liǎng hǎo de fúlì,L'entreprise offre de bons avantages à ses employés,,
HSK6,Hanzi,e0fa44d3756b,prendre (un médicament),fúyòng,服用,我每天早上都要服用药,Wǒ měi tiān zǎo shàng dū yào fúyòng yào,Je prends des médicaments tous les matins.,,
HSK6,Hanzi,e83b45f7943f,"encadrer, donner des cours",fǔdǎo,辅导,老师辅导我做作业,Lǎoshī fǔdǎo wǒ zuò zuòyè,Le professeur m'encadre pour faire mes devoirs,,
HSK6,Hanzi,c5396f73774d,"assister, auxiliaire",fǔzhù,辅助,计算机辅助设计是现代工业的必备工具,Jì suàn jī fǔzhù shè jì shì xiàn dài gōng yè de bì bèi gōng jù,La conception assistée par ordinateur est un outil indispensable de l'industrie moderne.,,
HSK6,Hanzi,e506b669dda5,couvrir,fùgài,覆盖,新的政策将会覆盖整个地区,Xīn de zhèng cè jiāng huì fùgài zhěng gè dì qū,La nouvelle politique couvrira toute la région,,
HSK6,Hanzi,9f1389cf0595,"pièce jointe, accessoire",fùjiàn,附件,这是我的简历和附件,Zhè shì wǒ de jiǎn lì hé fùjiàn,Voici mon CV et la pièce jointe.,,
HSK6,Hanzi,2eeaabbc840c,négatif,fùmiàn,负面,他对考试的结果持负面态度,Tā duì kǎoshì de jiéguǒ chí fùmiàn tàidu,Il a une attitude négative envers le résultat de l'examen,,
HSK6,Hanzi,8aa127fa872c,"riche, enrichir",fùyù,富裕,中国是一个富裕的国家,Zhōngguó shì yī gè fùyù de guójiā,La Chine est un pays riche,,
HSK6,Hanzi,9e7f37812228,"conférer, accorder",fùyǔ,赋予,教育赋予我们力量和知识,Jiàoyù fùyǔ wǒmen lìliáng hé zhīshì,L'éducation nous confère la force et les connaissances,,
HSK6,Hanzi,16b14f6ba218,adaptateur,gǎibiān,改编,他是电影的改编,Tā shì diànyǐng de gǎibiān,Il est l'adaptateur du film,,
HSK6,Hanzi,8af62f23a670,"transformer, réformer",gǎizào,改造,公司决定改造生产线,Gōngsī juédìng gǎizào shēngchǎn xiàn,L'entreprise a décidé de transformer la ligne de production,,
HSK6,Hanzi,8d453d58bfce,probabilité,gàilǜ,概率,这个事件的发生概率很低,Zhè ge shìjiàn de fāshēng gàilǜ hěn dī,La probabilité que cet événement se produise est très faible,,
HSK6,Hanzi,b545adeff48e,foie,gān,肝,我吃坏肝了,Wǒ chī huài gān le,J'ai mal au foie,,
HSK6,Hanzi,9d137da8eeb6,"franc, direct, carrément",gāncuì,干脆,我觉得他说话很干脆,Wǒ juéde tā shuō huà hěn gāncuì,Je trouve qu'il parle de manière directe,,
HSK6,Hanzi,0a57765ed49d,"embarrassé, gênant",gāngà,尴尬,说话太快让我感到尴尬,Shuō huà tài kuài ràng wǒ gǎn dào gāngà,Parler trop vite me rend embarrassé,,
HSK6,Hanzi,d4819880fe96,"sec, roule",gānhàn,干旱,这个夏天会发生严重的干旱,Zhè ge xià tiān huì fā shēng yán zhòng de gān hàn,Cet été sera touché par une sévère sécheresse,,
HSK6,Hanzi,9f26758d6d4e,"perturber, interférer",gānrǎo,干扰,请不要干扰我学习,Qǐng bù yào gānrǎo wǒ xuéxí,"S'il vous plaît, ne me dérangez pas pendant mes études",,
HSK6,Hanzi,b03036446f45,seconde,gānzào,干燥,沙漠里的空气非常干燥,Shāmò lǐ de kōngqì fēicháng gānzào,L'air dans le désert est très sec,,
HSK6,Hanzi,493a98772cd3,être reconnaissant,gǎnjī,感激,我非常感激父母的帮助,Wǒ fēicháng gǎnjī fùmǔ de bāngzhù,Je suis extrêmement reconnaissant de l'aide de mes parents,,
HSK6,Hanzi,4a69b017fa0a,se dépêcher de,gǎnmáng,赶忙,她因为晚上要去看电影，所以赶忙吃完饭,"Tā yīn wèi wǎn shang yào qù kàn diànyǐng, suǒ yǐ gǎnmáng chī wán fàn",Elle se dépêche de finir son repas parce qu'elle doit aller voir un film ce soir.,,
HSK6,Hanzi,f365dd198aa5,"infecter, contaminer",gǎnrǎn,感染,病毒会感染电脑,Bìng dú huì gǎnrǎn diànnǎo,Le virus peut infecter l'ordinateur,,
HSK6,Hanzi,fbb56f356e9d,"impression, réflexion",gǎnxiǎng,感想,看到这部电影我的感想是很深刻,Kàn dào zhè bù diànyǐng wǒ de gǎnxiǎng shì hěn shēnkè,"Après avoir vu ce film, j'ai eu une impression très profonde",,
HSK6,Hanzi,cba780a4a76f,stylo-plume,gāngbǐ,钢笔,我有两支钢笔,Wǒ yǒu liǎng zhī gāngbǐ,J'ai deux stylos-plumes.,,
HSK6,Hanzi,4e81c3a7b9a5,port,gǎngkǒu,港口,上海有一个很大的港口,Shànghǎi yǒu yī gè hěn dà de gǎngkǒu,Shanghai a un très grand port,,
HSK6,Hanzi,09cc1e7246fc,"poste, emploi",gǎngwèi,岗位,我要申请这个岗位,Wǒ yào shēn qǐng zhè ge gǎng wèi,Je veux postuler pour ce poste,,
HSK6,Hanzi,04ab97c211d0,"niveau supérieur, haut placé",gāocéng,高层,公司高层正在开会,Gōngsī gāocéng zhèngzài kāihuì,Les hauts dirigeants de l'entreprise sont en réunion,,
HSK6,Hanzi,0ab376c9861a,"exceptionnel, supérieur",gāochāo,高超,他有高超的绘画技能,Tā yǒu gāochāo de huìhuà jìnéng,Il a une compétence exceptionnelle en peinture,,
HSK6,Hanzi,73b39d9bd296,"supérieur, avancé",gāoděng,高等,我在高等学校学习中文,Wǒ zài gāoděng xuéxiào xuéxí zhōngwén,J'étudie le chinois à l'école supérieure,,
HSK6,Hanzi,187ed26a84ce,haut de gamme,gāoduān,高端,这个公司生产高端电子产品,Gēi gè gōng sī shēng chǎn gāoduān diànzǐ chǎnpǐn,Cette entreprise produit des produits électroniques haut de gamme,,
HSK6,Hanzi,089bf88503ec,"sommet, pic",gāofēng,高峰,我想攀登高峰,Wǒ xiǎng pān dēng gāofēng,Je veux gravir le sommet,,
HSK6,Hanzi,feb204161606,noble,gāoshàng,高尚,他的行为非常高尚,Tā de xíngwèi fēicháng gāoshàng,Son comportement est très noble,,
HSK6,Hanzi,d518bc293c04,"expert, comme",gāoshǒu,高手,他是棋类游戏的高手,Tā shì qí lèi yóu xì de gāoshǒu,Il est un expert dans les jeux d'échecs.,,
HSK6,Hanzi,48e4a173b575,haute technologie,gāoxīn-jìshù,高新技术,这个公司专门研究高新技术,Gè zhè gōngsī zhuān mén yán jiū gāoxīn-jìshù,Cette entreprise se spécialise dans la recherche en haute technologie,,
HSK6,Hanzi,753abb3a99e6,plateau,gāoyuán,高原,我住在青藏高原,Wǒ zhù zài qīng zàng gāoyuán,J'habite sur le plateau du Tibet,,
HSK6,Hanzi,daee55f30994,manuscrit,gǎojiàn,稿件,编辑正在审阅稿件,Biān jí zhèng zài shěn yàn gǎojiàn,L'éditeur examine le manuscrit,,
HSK6,Hanzi,de6c8f0c6d83,"brouillon, manuscrit",gǎozi,稿子,我刚刚写完了小说的稿子,Wǒ gānggāng xiě wán le xiǎo shuō de gǎozi,Je viens de finir l'écriture du manuscrit de mon roman.,,
HSK6,Hanzi,5013f83d61d8,couper,gē,割,我要把这段布割掉,Wǒ yào bǎ zhè duàn bù gē diào,Je vais couper cette pièce de tissu,,
HSK6,Hanzi,6be989f3004d,chanteur,gēchàng,歌唱,她是歌唱比赛的冠军,Tā shì gēchàng bǐsài de guànjūn,Elle est la championne du concours de chant.,,
HSK6,Hanzi,e580ffcb7d43,"à côté, voisin",gébì,隔壁,我隔壁的房子有人住,Wǒ gébì de fángzi yǒu rén zhù,La maison à côté de chez moi est habitée.,,
HSK6,Hanzi,c65811d0c923,"révolution, révolutionnaire",gémìng,革命,中国正在经历一场伟大的革命,Zhōngguó zhèngzài jīnglì yī chǎng wěidà de gémìng,La Chine est en train de vivre une grande révolution,,
HSK6,Hanzi,abc8ee538866,individuel,gètǐ,个体,我喜欢独处，做个体验生活,"Wǒ xǐ huān dú chǔ, zuò gè tǐ yàn shēng huó","J'aime être seul, faire l'expérience de la vie en tant qu'individu.",,
HSK6,Hanzi,a0d0221d6afc,"donner, accorder",jǐyǔ,给予,她给予我一本书,Tā jǐyǔ wǒ yī běn shū,Elle m'a donné un livre,,
HSK6,Hanzi,d9b60428d65f,"devant, à proximité",gēnqián,跟前,我把钥匙放在桌子跟前,Wǒ bǎ yàoshi fàng zài zhuōzi gēnqián,J'ai mis les clés sur la table devant.,,
HSK6,Hanzi,cbcbaee0d6e1,suivre,gēnsuí,跟随,我喜欢跟随朋友去新地方,Wǒ xǐ huān gēnsuí péng yǒu qù xīn dì fāng,J'aime suivre mes amis pour aller à de nouveaux endroits,,
HSK6,Hanzi,0d92758d24c1,"traquer, suivre à la trace",gēnzōng,跟踪,警察要跟踪盗窃犯,Jǐngchá yào gēnzōng dàozéi fàn,La police veut traquer le voleur.,,
HSK6,Hanzi,901a78134ec5,"public, juste",gōng,公,这是一个公平的竞争,Zhè shì yī gè gōng píng de jìng zhēng,C'est une compétition juste.,,
HSK6,Hanzi,f89f1004c7d6,palais,gōng,宫,北京的故宫非常漂亮,Běijīng de gōng extremely piǎoliàng,Le palais de Pékin est très beau,,
HSK6,Hanzi,f67199dc5352,sécurité publique,gōng'ān,公安,中国的公安人员非常努力,Zhōngguó de gōng'ān rényuán fēicháng nǔlì,Les personnels de sécurité publique chinois travaillent très dur,,
HSK6,Hanzi,894c57712f64,chantier,gōngdì,工地,我在工地工作,Wǒ zài gōngdì gōng zuò,Je travaille sur le chantier,,
HSK6,Hanzi,d1bae7f4afbd,"effort, temps",gōngfu,工夫,我学习中文已花了很多工夫,Wǒ xuéxí zhōngwén yǐ huā le hěn duō gōngfu,J'ai déjà consacré beaucoup d'efforts à l'apprentissage du chinois,,
HSK6,Hanzi,74853a852911,"publicité, publicités",gōnggào,公告,公司要发布新的公告,Gōngsī yào fābù xīn de gōnggào,L'entreprise va publier une nouvelle publicité,,
HSK6,Hanzi,c6edf0eea03e,"fournir, approvisionner",gōngjǐ,供给,公司将为员工供给免费的午餐,Gōngsī jiāng wèi yuángōng gōngjǐ miǎn fèi de wǔcān,L'entreprise fournira un déjeuner gratuit aux employés.,,
HSK6,Hanzi,8c9df628749b,attaquer,gōngjī,攻击,敌军开始攻击我们,Dìjūn kāishǐ gōngjī wǒmen,L'armée ennemie a commencé à nous attaquer,,
HSK6,Hanzi,60a15b2a380f,"public, rendre public",gōngkāi,公开,公司将在会议上公开相关信息,Gōngsī jiāng zài huìyì shàng gōngkāi xiāngguān xìnxī,L'entreprise rendra public les informations pertinentes lors de la réunion.,,
HSK6,Hanzi,10331db4b578,citoyen,gōngmín,公民,每个公民都有权利参与政治,Měi gè gōngmín dōu yǒu quánlì cān yù zhèngzhì,Chaque citoyen a le droit de participer à la politique,,
HSK6,Hanzi,a955dd36d4a6,être généralement reconnu,gōngrèn,公认,他是公认的领导者,Tā shì gōngrèn de lǐngdǎo zhě,Il est généralement reconnu comme leader,,
HSK6,Hanzi,44d32cdaf2cb,efficacité,gōngxiào,功效,新的化妆品有很好的功效,Xīn de huàzhuāng pǐn yǒu hěn hǎo de gōngxiào,Le nouveau produit cosmétique a très bonne efficacité,,
HSK6,Hanzi,2f2e3ec98c06,"processus, procédure",gōngxù,工序,完成这个项目需要经过多个复杂的工序,Wán chéng zhè ge xiàng mù xū yào jīng guò duō gè fù zá de gōng xù,Compléter ce projet nécessite de passer par plusieurs processus complexes.,,
HSK6,Hanzi,545b3b2abcda,bien public,gōngyì,公益,他为公益事业做出了贡献,Tā wèi gōngyì shìyè zuòchūle gòngxiàn,Il a contribué à la cause publique,,
HSK6,Hanzi,8a6596fe0fac,approvisionner,gōngyìng,供应,公司将供应新产品给客户,Gōngsī jiāng gōngyìng xīn chǎnpǐn gěi kèhù,L'entreprise approvisionnera les clients avec de nouveaux produits,,
HSK6,Hanzi,c57b47a6dd1f,après J.-C.,gōngyuán,公元,现在是公元2024年,Xiàn zài shì gōngyuán èr líng èr sì nián,"Maintenant, c'est l'an 2024 après J.-C.",,
HSK6,Hanzi,ec768935952f,"juste, impartial",gōngzhèng,公正,法官应该保持公正,Fǎguān yīnggāi bǎochí gōngzhèng,Le juge doit rester impartial,,
HSK6,Hanzi,0b6ed85df428,publique,gōngzhòng,公众,公众号发布了最新的新闻,Gōngzhòng hào fābù le zuìxīn de xīnwén,Le compte public a publié les dernières nouvelles,,
HSK6,Hanzi,5323ec0fbe27,princesse,gōngzhǔ,公主,我最喜欢的迪士尼人物是白雪公主,Wǒ zuì xǐ huān de dí shí ní rén wù shì bái xuě gōngzhǔ,"Mon personnage Disney préféré est Blanche-Neige, la princesse.",,
HSK6,Hanzi,e1d23edd1917,"solide, consolider",gǒnggù,巩固,我們需要通过练习来巩固語言知识,Wǒmen xūyào tōngguò liànxí lái gǒnggù yǔyán zhīshì,Nous devons consolider nos connaissances linguistiques à travers des exercices.,,
HSK6,Hanzi,b258276ed8e0,totaliser,gòngjì,共计,公司共计有500名员工,Gōngsī gòngjì yǒu 500 míng yuángōng,L'entreprise compte un total de 500 employés,,
HSK6,Hanzi,d4c0a4bc87ba,fossé,gōu,沟,村庄里有一个很大的沟,Cūnzhuāng lǐ yǒu yī gè hěn dà de gōu,Il y a un grand fossé dans le village,,
HSK6,Hanzi,696182d2e396,construire,gòuzào,构造,这座桥的构造非常复杂,Zhè zuò qiáo de gòuzào fēicháng fùzá,La construction de ce pont est très complexe,,
HSK6,Hanzi,ad17103eb99b,solitaire,gūdú,孤独,我是一个孤独的人,Wǒ shì yī gè gūdú de rén,Je suis une personne solitaire.,,
HSK6,Hanzi,bce52295a755,tante (côté paternel),gūgu,姑姑,我的姑姑很好,Wǒ de gūgu hěn hǎo,Ma tante est très gentille,,
HSK6,Hanzi,22bf7eb5c90b,classique,gǔdiǎn,古典,我喜欢阅读古典文学,Wǒ xǐ huān yuè dú gǔ diǎn wén xué,J'aime lire la littérature classique,,
HSK6,Hanzi,2ba0964604ce,site historique,gǔjì,古迹,北京有很多古迹,Běijīng yǒu hěn duō gǔjì,Pékin a de nombreux sites historiques.,,
HSK6,Hanzi,b84fd86f0794,action (finances),gǔpiào,股票,我要买一些股票,Wǒ yào mǎi yī xiē gǔpiào,Je veux acheter quelques actions.,,
HSK6,Hanzi,5ed0e76c8af0,les anciens,gǔrén,古人,古人非常智慧,Gǔrén fēicháng zhìhuì,Les anciens étaient très intelligents,,
HSK6,Hanzi,05468eb93dac,marché boursier,gǔshì,股市,,,,,
HSK6,Hanzi,299912ba763d,système d'exploitation,gǔtou,骨头,我的电脑操作系统是骨头,Wǒ de diànnǎo cāozuò xìtǒng shì gǔtou,"Mon système d'exploitation est Bones ( littéralement ""système d'exploitation est os"" mais ici Bone signifie probablement  un système nommé Bones comme dans le nom  ""Bones"" )",,
HSK6,Hanzi,38572aa46529,"encourager, inspirant",gǔwǔ,鼓舞,电影中伟大的爱情故事给我带来了鼓舞,Diànyǐng zhòng de wěidà de àiqíng gùshì gěi wǒ dài lái le gǔwǔ,L'histoire d'amour exceptionnelle dans le film m'a encouragé,,
HSK6,Hanzi,51950ce35987,s'occuper de,gù,顾,我会顾你的儿子,Wǒ huì gù nǐ de ér zǐ,Je m'occuperai de votre fils,,
HSK6,Hanzi,21c43b3480d0,solide,gùtǐ,固体,这件化学品是固体,Zhè jiàn huàxué pǐn shì gùtǐ,Cette substance chimique est solide,,
HSK6,Hanzi,2c2949c04729,conseiller,gùwèn,顾问,公司有一个顾问帮我们做决定,Gōngsī yǒu yī gè gùwèn bāng wǒmen zuò juéce,L'entreprise a un conseiller qui nous aide à prendre des décisions,,
HSK6,Hanzi,43edab371e50,panne,gùzhàng,故障,电脑出了故障,Diànnǎo chū le gùzhàng,L'ordinateur a une panne.,,
HSK6,Hanzi,d6aa6c0845dd,"tourner, boiter",guǎi,拐,因为腿伤，我拐到一边去,"Yīn wèi tuǐ shāng, wǒ guǎi dào yī biān qù","À cause d'une blessure à la jambe, je bois d'un côté.",,
HSK6,Hanzi,99e7fde336d2,tourner (au coin),guǎiwān,拐弯,拐弯后就是我的家,Guǎiwān hòu jiùshì wǒ de jiā,"Après avoir tourné au coin, c'est juste ma maison",,
HSK6,Hanzi,17192e335713,fonctionnaire,guān,官,他是一名政府官,Tā shì yī míng zhèngfǔ guān,Il est un fonctionnaire du gouvernement,,
HSK6,Hanzi,149ac6d8c613,prendre soin de,guān'ài,关爱,我们应该关爱弱势群体,Wǒmen yīnggāi guān'ài ruòshì qúntǐ,Nous devrions prendre soin des groupes vulnérables,,
HSK6,Hanzi,51cdc7763d6f,officiel,guānfāng,官方,该公司的官方网站已经上线,Gāi gōngsī de guānfāng wǎngzhàn yǐjīng shàngxiàn,Le site officiel de l'entreprise est désormais en ligne,,
HSK6,Hanzi,cd7fe64fe848,faire du tourisme,guānguāng,观光,明天我们去观光,Míngtiān wǒmen qù guānguāng,"Demain, nous allons faire du tourisme",,
HSK6,Hanzi,aeef2f004029,témoigner de la sollicitude,guānhuái,关怀,她对孩子的教育表示关怀,Tā duì háizi de jiàoyù biǎoshì guānhuái,Elle témoigne de la sollicitude envers l'éducation de l'enfant,,
HSK6,Hanzi,5d5193aaf3e0,"être lié, être connecté",guānlián,关联,我和朋友之间有很大的关联,Wǒ hé péng yǒu zhī jiān yǒu hěn dà de guānlián,J'ai un grand lien avec mon ami,,
HSK6,Hanzi,3e1be64a5420,"admirer, contempler",guānshǎng,观赏,我喜欢去公园观赏花,Wǒ xǐhuān qù gōngyuán guānshǎng huā,J'aime aller au parc pour contempler les fleurs,,
HSK6,Hanzi,cf3f6bdd2ccd,"fonctionnaire, officiel",guānyuán,官员,政府官员正在开会,Zhèngfǔ guānyuán zhèngzài kāihuì,Les fonctionnaires du gouvernement sont en réunion,,
HSK6,Hanzi,603f05216bc3,"tuyau, conduite",guǎndào,管道,我家里的自来水是通过地下管道供应的,Wǒ jiā lǐ de zì lái shuǐ shì tōng guò dì xià guǎndào gōng yìng de,L'eau courante de ma maison est fournie par des tuyaux enterrés.,,
HSK6,Hanzi,aae0d9461295,"boîte, bocal",guàn,罐,我有一个装着零食的罐子,Wǒ yǒu yī gè zhuāng zhe líng shí de guàn zǐ,J'ai une boîte qui contient des snacks,,
HSK6,Hanzi,7e759bb06bbb,fixé,guǎngkuò,广阔,中国的天地非常广阔,Zhōngguó de tiāndì fēicháng guǎngkuò,Le territoire de la Chine est très vaste,,
HSK6,Hanzi,692496ec18bb,"retourner, par",guī,归,我明天要归家,Wǒ míng tiān yào guī jiā,"Demain, je dois retourner chez moi",,
HSK6,Hanzi,07823973c46d,"norme, normatif, standardiser",guīfàn,规范,公司将按照国际规范进行生产,Gōngsī jiāng ànzhào guójì guīfàn jìnxíng shēngchǎn,L'entreprise produira selon les normes internationales,,
HSK6,Hanzi,e21ebfbac469,"plan, planifier",guīhuà,规划,,,,,
HSK6,Hanzi,0ffb9e8f258e,"rendre, restituer",guīhuán,归还,,,,,
HSK6,Hanzi,46deb563e04c,"règle, discipliné",guīju,规矩,,,,,
HSK6,Hanzi,324c88dfb803,"voie, orbite",guǐdào,轨道,,,,,
HSK6,Hanzi,bfebabd8cca9,s'agenouiller,guì,跪,,,,,
HSK6,Hanzi,c401fe6f372f,précieux,guìzhòng,贵重,,,,,
HSK6,Hanzi,10226031929e,bâton,gùn,棍,,,,,
HSK6,Hanzi,c6dc8cefe166,trésor national,guóbǎo,国宝,,,,,
HSK6,Hanzi,2c2fadcfb1af,"fabriqué en Chine, national",guóchǎn,国产,,,,,
HSK6,Hanzi,57c86ca85fd4,hymne national,guógē,国歌,,,,,
HSK6,Hanzi,b8db69343b8b,drapeau national,guóqí,国旗,,,,,
HSK6,Hanzi,c88875db1a86,réalités nationales,guóqíng,国情,,,,,
HSK6,Hanzi,04956a9162c1,roi,guówáng,国王,,,,,
HSK6,Hanzi,8c743391893e,transition,guòdù,过渡,,,,,
HSK6,Hanzi,b4b13a06f4c4,après coup,guòhòu,过后,,,,,
HSK6,Hanzi,41792188f5b2,"démodé, obsolète",guòshí,过时,,,,,
HSK6,Hanzi,1249bac5a838,en Chine et à l'étranger,hǎi nèiwài,海内外,,,,,
HSK6,Hanzi,69567a7aadd4,"côte, littoral",hǎi'àn,海岸,,,,,
HSK6,Hanzi,1e82ce6acff5,altitude,hǎibá,海拔,,,,,
HSK6,Hanzi,a8a1fd5bef29,surface de la mer,hǎimiàn,海面,,,,,
HSK6,Hanzi,1adfdd558d6f,zone maritime,hǎiyù,海域,,,,,
HSK6,Hanzi,03204872b59a,"nuire, dommage",hài,害,,,,,
HSK6,Hanzi,8e9d56a4dfd3,hiver rigoureux,hándōng,寒冬,,,,,
HSK6,Hanzi,3bbea305b7e4,signification,hányì,含义,,,,,
HSK6,Hanzi,8ccea9d29c82,rare,hǎnjiàn,罕见,,,,,
HSK6,Hanzi,20c8b75bf33d,sécheresse,hànzāi,旱灾,,,,,
HSK6,Hanzi,f3dc2dcf70bd,aviation,hángkōng,航空,,,,,
HSK6,Hanzi,003403deadca,pas du tout,háo bù,毫不,,,,,
HSK6,Hanzi,1b5d3f7c73dc,absolument sans,háo wú,毫无,,,,,
HSK6,Hanzi,e5f11a337ac7,millimètre,háomǐ,毫米,,,,,
HSK6,Hanzi,c9fd65aa42c9,millilitres,háoshēng,毫升,,,,,
HSK6,Hanzi,69aa47f092e9,"vraiment, très",hǎobù,好不,,,,,
HSK6,Hanzi,a226f5eadd15,bonne impression,hǎogǎn,好感,,,,,
HSK6,Hanzi,86207ddc8c9e,avec difficulté,hǎoróngyì,好容易,,,,,
HSK6,Hanzi,8b145c1f3659,hospitalier,hàokè,好客,,,,,
HSK6,Hanzi,39ca128b7110,"studieux, aimer étudier",hàoxué,好学,,,,,
HSK6,Hanzi,bab40e67a7bb,"appeler, lancer un appel",hàozhào,号召,,,,,
HSK6,Hanzi,7e6bff64c77b,fusionner,hébìng,合并,,,,,
HSK6,Hanzi,9a6f7114e5a1,synthétiser,héchéng,合成,,,,,
HSK6,Hanzi,fa4d55fd6a7f,paix,hépíng,和平,,,,,
HSK6,Hanzi,54dc0c94067e,harmonieux,héxié,和谐,,,,,
HSK6,Hanzi,af6927eed262,"noyau, cœur",héxīn,核心,,,,,
HSK6,Hanzi,8ee1143e0ec8,hé!,hēi,嘿,,,,,
HSK6,Hanzi,b7df689428b3,"obscur, sombre",hēi'àn,黑暗,,,,,
HSK6,Hanzi,1ec993baffac,tracer,hénjì,痕迹,,,,,
HSK6,Hanzi,d9ee54da98e3,"féroce, endurcir, férocement",hěn,狠,,,,,
HSK6,Hanzi,1e9300499beb,haïr,hèn,恨,,,,,
HSK6,Hanzi,93fdfa326cba,"horizontal, traverser, ligne horizontale",héng,横,,,,,
HSK6,Hanzi,f6a9ab64fb82,"mesurer, évaluer",héngliáng,衡量,,,,,
HSK6,Hanzi,82f337518286,grandiose,hóngdà,宏大,,,,,
HSK6,Hanzi,4069ab1f2f93,inondation,hóngshuǐ,洪水,,,,,
HSK6,Hanzi,ccd0db1e521b,descendance,hòudài,后代,,,,,
HSK6,Hanzi,5db5f379a370,dernière phase,hòuqī,后期,,,,,
HSK6,Hanzi,be43dda2f542,générations futures,hòurén,后人,,,,,
HSK6,Hanzi,0100c2ad43db,reculer,hòutuì,后退,,,,,
HSK6,Hanzi,0036f1e0e64a,ce dernier,hòuzhě,后者,,,,,
HSK6,Hanzi,508f52a6167c,négliger,hūlüè,忽略,,,,,
HSK6,Hanzi,60dbf43d6b1e,"théière, bouilloire",hú,壶,,,,,
HSK6,Hanzi,e52f60f55f33,"barbe, moustache",húzi,胡子,,,,,
HSK6,Hanzi,79411ee6d66a,classificateur de ménages,hù,户,,,,,
HSK6,Hanzi,1c7635764c4c,entraide,hùzhù,互助,,,,,
HSK6,Hanzi,d517c7aa4cd6,fleur,huāduǒ,花朵,,,,,
HSK6,Hanzi,21f10aad266a,cacahuète,huāshēng,花生,,,,,
HSK6,Hanzi,a9f39f5b4ed9,patiner,huábīng,滑冰,,,,,
HSK6,Hanzi,fd467e4ca994,glisser,huáxíng,滑行,,,,,
HSK6,Hanzi,ba9a88256d93,skieur,huáxuě,滑雪,,,,,
HSK6,Hanzi,98b8873f9f43,diviser,huàfēn,划分,,,,,
HSK6,Hanzi,f5338c427762,fossile,huàshí,化石,,,,,
HSK6,Hanzi,cb5f36114de0,microphone,huàtǒng,话筒,,,,,
HSK6,Hanzi,8047088fc65d,se maquiller,huàzhuāng,化妆,,,,,
HSK6,Hanzi,3d4c2e83e496,"poitrine, garder à l'esprit",huái,怀,,,,,
HSK6,Hanzi,cce19f2a3644,se souvenir avec nostalgie,huáiniàn,怀念,,,,,
HSK6,Hanzi,0c0e00c53bea,être enceinte,huáiyùn,怀孕,,,,,
HSK6,Hanzi,911d8343211e,joyeux,huānlè,欢乐,,,,,
HSK6,Hanzi,f8a1c954d56b,"anneau, classificateur, entourer",huán,环,,,,,
HSK6,Hanzi,fdf66531d7f5,"restaurer, remettre en état",huányuán,还原,,,,,
HSK6,Hanzi,fe861f7dd8b6,souffrir de (maladie),huàn,患,,,,,
HSK6,Hanzi,264a7a70e246,"fantasmer, fantasme",huànxiǎng,幻想,,,,,
HSK6,Hanzi,5bfa02848aba,patient,huànzhě,患者,,,,,
HSK6,Hanzi,4d8502a353b9,jaune,huáng,黄,,,,,
HSK6,Hanzi,e8a3ed31726d,empereur,huángdì,皇帝,,,,,
HSK6,Hanzi,4d5267ba6730,poussière,huīchén,灰尘,,,,,
HSK6,Hanzi,1d1c5de0f749,découragé,huīxīn,灰心,,,,,
HSK6,Hanzi,11666985a21b,"récompenser, rendre",huíbào,回报,,,,,
HSK6,Hanzi,4421ea833615,"revenir sur, faire le bilan",huígù,回顾,,,,,
HSK6,Hanzi,8e10f0f26c23,"se retourner, plus tard, si",huítóu,回头,,,,,
HSK6,Hanzi,9db6915e244d,"remettre (de l'argent), converger",huì,汇,,,,,
HSK6,Hanzi,43d869cc9e95,faire un rapport,huìbào,汇报,,,,,
HSK6,Hanzi,1b87b9f6a5fd,"dessiner, peindre",huìhuà,绘画,,,,,
HSK6,Hanzi,0a27735c688c,rencontrer,huìjiàn,会见,,,,,
HSK6,Hanzi,1639be162987,"virer de l'argent, virement",huìkuǎn,汇款,,,,,
HSK6,Hanzi,1bda5b936d66,mariage,hūnyīn,婚姻,,,,,
HSK6,Hanzi,6dac27e253c9,"mélanger, au hasard",hùn,混,,,,,
HSK6,Hanzi,88b631851bc4,mélanger,hùnhé,混合,,,,,
HSK6,Hanzi,4a4f94df4cb6,chaotique,hùnluàn,混乱,,,,,
HSK6,Hanzi,f5e90287fae2,vitalité,huólì,活力,,,,,
HSK6,Hanzi,b021bb8133b2,"actif, être actif",huóyuè,活跃,,,,,
HSK6,Hanzi,737e1da28c7e,allumette,huǒchái,火柴,,,,,
HSK6,Hanzi,f820bfd5d7dc,incendie,huǒzāi,火灾,,,,,
HSK6,Hanzi,ffd9a9856dd2,monnaie,huòbì,货币,,,,,
HSK6,Hanzi,352ccbff21bc,camion,huòchē,货车,,,,,
HSK6,Hanzi,01078d4438d6,vaincre,jībài,击败,,,,,
HSK6,Hanzi,846e5a2a399b,base,jīdì,基地,,,,,
HSK6,Hanzi,6cd7ce015e43,véhicule à moteur,jīdòngchē,机动车,,,,,
HSK6,Hanzi,11fb168b56e4,affamé,jī'è,饥饿,,,,,
HSK6,Hanzi,8a768d9d242e,stimuler,jīfā,激发,,,,,
HSK6,Hanzi,bdd49fba3054,fonds,jījīn,基金,,,,,
HSK6,Hanzi,7fc825eeebcf,"encourager, motiver",jīlì,激励,,,,,
HSK6,Hanzi,e491a60848aa,passion,jīqíng,激情,,,,,
HSK6,Hanzi,3beb133fb5ee,"machine, mécanique",jīxiè,机械,,,,,
HSK6,Hanzi,01ffed302326,gène,jīyīn,基因,,,,,
HSK6,Hanzi,756a27e45ff9,opportunité,jīyù,机遇,,,,,
HSK6,Hanzi,d21148684ad5,mécanisme,jīzhì,机制,,,,,
HSK6,Hanzi,8e1ff9d8df6b,même si,jíbiàn,即便,,,,,
HSK6,Hanzi,c6b140ef9693,"extrémité, extrêmement, extrême",jíduān,极端,,,,,
HSK6,Hanzi,cc6d0246c77e,premiers secours,jíjiù,急救,,,,,
HSK6,Hanzi,49da47542bcc,"pressant, impatient",jíqiè,急切,,,,,
HSK6,Hanzi,56874fd16eb0,"groupe, corporation",jítuán,集团,,,,,
HSK6,Hanzi,33fe7eb88fb2,extrêmement,jíwéi,极为,,,,,
HSK6,Hanzi,f30e7260d38f,de bon augure,jíxiáng,吉祥,,,,,
HSK6,Hanzi,a3496f9ab830,hériter,jìchéng,继承,,,,,
HSK6,Hanzi,1808f7413d1a,troisième place,jìjūn,季军,,,,,
HSK6,Hanzi,e8a9b5a202ca,discipline,jìlǜ,纪律,,,,,
HSK6,Hanzi,5976e65d6f22,solitaire,jìmò,寂寞,,,,,
HSK6,Hanzi,9b94abacbbc7,"technique, compétence",jìqiǎo,技巧,,,,,
HSK6,Hanzi,9f7856f0e7e7,"art, savoir-faire",jìyì,技艺,,,,,
HSK6,Hanzi,e627ed083e0b,"pincer, serrer",jiā,夹,,,,,
HSK6,Hanzi,ff2dfe5aa7b4,doubleur,jiābèi,加倍,,,,,
HSK6,Hanzi,e7029bd9f445,vie quotidienne,jiācháng,家常,,,,,
HSK6,Hanzi,af0f709cc2b2,chaque foyer,jiājiāhùhù,家家户户,,,,,
HSK6,Hanzi,91979d8ae8b3,s'aggraver,jiājù,加剧,,,,,
HSK6,Hanzi,6110545e627b,"foyer, maison",jiājū,家居,,,,,
HSK6,Hanzi,4ca08ceda3b1,membre de la famille,jiāshǔ,家属,,,,,
HSK6,Hanzi,20fad28f5ec2,"appliquer, en outre",jiāyǐ,加以,,,,,
HSK6,Hanzi,02b62ae8e1a1,"foyer, patrie",jiāyuán,家园,,,,,
HSK6,Hanzi,f764a0abaa86,aggraver,jiāzhòng,加重,,,,,
HSK6,Hanzi,864dcc268878,"supposer, hypothèse",jiǎshè,假设,,,,,
HSK6,Hanzi,58906acf80ab,se marier (femme),jià,嫁,,,,,
HSK6,Hanzi,43198caf00f6,"pointu, pointe",jiān,尖,,,,,
HSK6,Hanzi,376ff5e562fe,épaule,jiānbǎng,肩膀,,,,,
HSK6,Hanzi,f057c70ebead,surveiller,jiāncè,监测,,,,,
HSK6,Hanzi,6269b9aa7745,"ferme, affermir",jiāndìng,坚定,,,,,
HSK6,Hanzi,079e6870f8d9,superviser,jiāndū,监督,,,,,
HSK6,Hanzi,74d5eb8b0823,solide,jiāngù,坚固,,,,,
HSK6,Hanzi,4cb8730f08c5,résolu,jiānjué,坚决,,,,,
HSK6,Hanzi,9f49ab88da4a,difficile,jiānnán,艰难,,,,,
HSK6,Hanzi,f089531b56a8,pénible,jiānxīn,艰辛,,,,,
HSK6,Hanzi,9a94dd39eed4,dur,jiānyìng,坚硬,,,,,
HSK6,Hanzi,8aa7b0972536,"cumuler un emploi, travail à temps partiel",jiānzhí,兼职,,,,,
HSK6,Hanzi,047e21c93ff2,testeur,jiǎncè,检测,,,,,
HSK6,Hanzi,4c0acb1e0cd9,simplifier,jiǎnhuà,简化,,,,,
HSK6,Hanzi,31406ba94bce,"présenter brièvement, brève présentation",jiǎnjiè,简介,,,,,
HSK6,Hanzi,6746508cb385,s'affaiblir,jiǎnruò,减弱,,,,,
HSK6,Hanzi,ff0ee1c04039,réduire la pression,jiǎnyā,减压,,,,,
HSK6,Hanzi,a2f617570c90,"inspecter, vérifier",jiǎnyàn,检验,,,,,
HSK6,Hanzi,2d296d5929cd,épée,jiàn,剑,,,,,
HSK6,Hanzi,1afc58f9af8c,flèche,jiàn,箭,,,,,
HSK6,Hanzi,c4ff59c128c2,"expertiser, expertise",jiàndìng,鉴定,,,,,
HSK6,Hanzi,490fcaed5fd1,"intervalle, espacer",jiàngé,间隔,,,,,
HSK6,Hanzi,99a796e565ca,indirect,jiànjiē,间接,,,,,
HSK6,Hanzi,a4f4cd44ed1e,"solide, sain, perfectionner",jiànquán,健全,,,,,
HSK6,Hanzi,7b884dd7712d,bâtiment,jiànzhùwù,建筑物,,,,,
HSK6,Hanzi,81101f2b12ef,général,jiāngjūn,将军,,,,,
HSK6,Hanzi,b86d2b6158f2,expliquer,jiǎngjiě,讲解,,,,,
HSK6,Hanzi,f73ec956d268,médaille,jiǎngpái,奖牌,,,,,
HSK6,Hanzi,8fc648344bd8,"prix, récompense",jiǎngpǐn,奖品,,,,,
HSK6,Hanzi,e73dafdaece5,"sauce, assaisonner de sauce",jiàng,酱,,,,,
HSK6,Hanzi,e8f60398a41a,sauce soja,jiàngyóu,酱油,,,,,
HSK6,Hanzi,3fc5c0ae8812,ruban adhésif,jiāodài,胶带,,,,,
HSK6,Hanzi,eba4936c9cc5,point focal,jiāodiǎn,焦点,,,,,
HSK6,Hanzi,cb2f4c504cc0,interaction sociale,jiāojì,交际,,,,,
HSK6,Hanzi,2c4ff1f6ffea,anxieux,jiāolǜ,焦虑,,,,,
HSK6,Hanzi,cd96f4aafdd4,colle,jiāoshuǐ,胶水,,,,,
HSK6,Hanzi,cf71b272f8f3,converser,jiāotán,交谈,,,,,
HSK6,Hanzi,96601afed0dd,banlieue,jiāowài,郊外,,,,,
HSK6,Hanzi,18ee91536e70,pièce de monnaie,jiǎoluò,角落,,,,,
HSK6,Hanzi,6ba085ad80a5,empreinte de pas,jiǎoyìn,脚印,,,,,
HSK6,Hanzi,cf18b75e4577,relativement,jiàowéi,较为,,,,,
HSK6,Hanzi,a32914364319,"faire la leçon, leçon",jiàoxùn,教训,,,,,
HSK6,Hanzi,c781687ab9cd,consécutivement,jiēlián,接连,,,,,
HSK6,Hanzi,19839c7700f7,robuste,jiēshi,结实,,,,,
HSK6,Hanzi,8c1a067a7754,rue,jiētóu,街头,,,,,
HSK6,Hanzi,ca734d0e3776,éminent,jiéchū,杰出,,,,,
HSK6,Hanzi,a0751f780396,économiser l'énergie,jiénéng,节能,,,,,
HSK6,Hanzi,78f1ea611577,"conclure, fin",jiéwěi,结尾,,,,,
HSK6,Hanzi,9f6173a87597,jusqu'à (une date),jiézhì,截至,,,,,
HSK6,Hanzi,ae8fad2d0252,prendre fin,jiézhǐ,截止,,,,,
HSK6,Hanzi,9b13e32c0edb,rythme,jiézòu,节奏,,,,,
HSK6,Hanzi,e3479d1780d2,"délier, résoudre",jiě,解,,,,,
HSK6,Hanzi,2fbac81be067,"répondre, expliquer",jiědá,解答,,,,,
HSK6,Hanzi,b9360b487a08,interpréter,jiědú,解读,,,,,
HSK6,Hanzi,0a6929e1c249,libérer,jiěfàng,解放,,,,,
HSK6,Hanzi,f2991a3431d3,"expliquer, commenter",jiěshuō,解说,,,,,
HSK6,Hanzi,dbce8ace29df,s'inspirer de,jièjiàn,借鉴,,,,,
HSK6,Hanzi,4be19d84e331,bague,jièzhi,戒指,,,,,
HSK6,Hanzi,86c807c621bf,s'aider de,jièzhù,借助,,,,,
HSK6,Hanzi,9833c813aa55,montant (d'argent),jīn'é,金额,,,,,
HSK6,Hanzi,1dadaebfd63e,médaille d'or,jīnpái,金牌,,,,,
HSK6,Hanzi,35d1d1f93213,argent,jīnqián,金钱,,,,,
HSK6,Hanzi,a11afaf1e3d0,finance,jīnróng,金融,,,,,
HSK6,Hanzi,1c25a58f1bc7,métal,jīnshǔ,金属,,,,,
HSK6,Hanzi,56452bba783c,ou,jīnzi,金子,,,,,
HSK6,Hanzi,4ce8e489e8b5,"épuiser, au maximum",jìn,尽,,,,,
HSK6,Hanzi,9818122b1697,"puis, et ensuite",jìn'ér,进而,,,,,
HSK6,Hanzi,ab8c3a10290e,"avancement, progrès",jìndù,进度,,,,,
HSK6,Hanzi,d2cc3fd7d492,évoluer,jìnhuà,进化,,,,,
HSK6,Hanzi,fbc6bb7ed898,récemment,jìnlái,近来,,,,,
HSK6,Hanzi,fd0dd6c91dcd,myope,jìnshì,近视,,,,,
HSK6,Hanzi,1bf194359a86,progresser,jìnzhǎn,进展,,,,,
HSK6,Hanzi,5cccba537b9d,exquis,jīngměi,精美,,,,,
HSK6,Hanzi,6142c04f6366,précis,jīngquè,精确,,,,,
HSK6,Hanzi,d116924cf396,étonnant,jīngrén,惊人,,,,,
HSK6,Hanzi,a0df62776487,faire du commerce,jīngshāng,经商,,,,,
HSK6,Hanzi,0aeea4983a01,maîtriser,jīngtōng,精通,,,,,
HSK6,Hanzi,3bc2cdde85c4,avec soin,jīngxīn,精心,,,,,
HSK6,Hanzi,21f004411d7a,surpris,jīngyà,惊讶,,,,,
HSK6,Hanzi,cbd10c9cdb2e,raffiné,jīngzhì,精致,,,,,
HSK6,Hanzi,84bb58b89e0a,précis,jīngzhǔn,精准,,,,,
HSK6,Hanzi,96a95d91903c,puits,jǐng,井,,,,,
HSK6,Hanzi,71df63cf1136,avertir,jǐnggào,警告,,,,,
HSK6,Hanzi,67024b352f23,paysage,jǐngguān,景观,,,,,
HSK6,Hanzi,1b7907588f8f,"spectacle, scène",jǐngxiàng,景象,,,,,
HSK6,Hanzi,3abd24b790c0,vertèbre cervicale,jǐngzhuī,颈椎,,,,,
HSK6,Hanzi,81044e85fde6,"propre, net, seulement",jìng,净,,,,,
HSK6,Hanzi,4793e6116d42,concourir,jìngsài,竞赛,,,,,
HSK6,Hanzi,3b354e04ec5a,"objectif, plan (caméra)",jìngtóu,镜头,,,,,
HSK6,Hanzi,e771dee3cfeb,litige,jiūfēn,纠纷,,,,,
HSK6,Hanzi,2ffe94478d91,corriger,jiūzhèng,纠正,,,,,
HSK6,Hanzi,70bd7b0a328f,alcool,jiǔjīng,酒精,,,,,
HSK6,Hanzi,cd77204428ab,boissons alcoolisées,jiǔshuǐ,酒水,,,,,
HSK6,Hanzi,acda3765ae6a,être scolarisé,jiùdú,就读,,,,,
HSK6,Hanzi,84ecca8a0209,oncle (frère de la mère),jiùjiu,舅舅,,,,,
HSK6,Hanzi,3526af88d5c8,sauver une vie,jiùmìng,救命,,,,,
HSK6,Hanzi,abbf737a114d,même si,jiùsuàn,就算,,,,,
HSK6,Hanzi,2443bb4d65c7,secourir,jiùyuán,救援,,,,,
HSK6,Hanzi,1aaf27680af9,porter secours (catastrophe),jiùzāi,救灾,,,,,
HSK6,Hanzi,2c943523e968,"aider, secourir",jiùzhù,救助,,,,,
HSK6,Hanzi,ca549cd5c6bf,classificateur de parties (jeu),jú,局,,,,,
HSK6,Hanzi,25090bd494ad,chrysanthème,júhuā,菊花,,,,,
HSK6,Hanzi,c4a9e52ff328,situation,júmiàn,局面,,,,,
HSK6,Hanzi,f6b44210419d,limiteur,júxiàn,局限,,,,,
HSK6,Hanzi,37a7a13fc16b,"action, geste",jǔdòng,举动,,,,,
HSK6,Hanzi,32cecf52ab3d,scénario,jùběn,剧本,,,,,
HSK6,Hanzi,f9b9f908a30c,se rassembler,jùjí,聚集,,,,,
HSK6,Hanzi,f181289cb913,club,jùlèbù,俱乐部,,,,,
HSK6,Hanzi,983a5d7edbe4,intense,jùliè,剧烈,,,,,
HSK6,Hanzi,cc4f10a8fc70,"faire un don, don",juānkuǎn,捐款,,,,,
HSK6,Hanzi,675dad27a8c1,faire don,juānzèng,捐赠,,,,,
HSK6,Hanzi,47c6b72b657a,"rouler, rouleau, classificateur",juǎn,卷,,,,,
HSK6,Hanzi,27c5886f9f1f,"décider, prise de décision",juécè,决策,,,,,
HSK6,Hanzi,816a5ef3653d,désespérer,juéwàng,绝望,,,,,
HSK6,Hanzi,07c4e5213282,armée,jūnduì,军队,,,,,
HSK6,Hanzi,281fc4659f8a,militaire,jūnrén,军人,,,,,
HSK6,Hanzi,ca80c06e1efb,"uniforme, régulier",jūnyún,均匀,,,,,
HSK6,Hanzi,1fd07951f60a,carte,kǎpiàn,卡片,,,,,
HSK6,Hanzi,381eda16f57a,"initier, fonder",kāichuàng,开创,,,,,
HSK6,Hanzi,958de08798b8,interrupteur,kāiguān,开关,,,,,
HSK6,Hanzi,302a61f8354f,"ouvrir, démarrer",kāiqǐ,开启,,,,,
HSK6,Hanzi,d247dd906cc3,"ouvrir (un commerce, un cours)",kāishè,开设,,,,,
HSK6,Hanzi,fbcd649730e7,"commencer, début",kāitóu,开头,,,,,
HSK6,Hanzi,c28d2051dff7,"couper, hacher",kǎn,砍,,,,,
HSK6,Hanzi,da0b53fe6960,mépriser,kànbuqǐ,看不起,,,,,
HSK6,Hanzi,0ab12772e113,considérer,kàndài,看待,,,,,
HSK6,Hanzi,d870bb7f22f1,"estimer, respecter",kàndeqǐ,看得起,,,,,
HSK6,Hanzi,94f8fb963cd4,être optimiste sur,kànhǎo,看好,,,,,
HSK6,Hanzi,0fbec14b0791,sembler,kànsì,看似,,,,,
HSK6,Hanzi,8e818b34ea7a,jeter son dévolu sur,kànzhòng,看中,,,,,
HSK6,Hanzi,22f8f888ea32,attacher de l'importance à,kànzhòng,看重,,,,,
HSK6,Hanzi,1c3fd2937634,se rétablir,kāngfù,康复,,,,,
HSK6,Hanzi,c1fab21625b8,"inspecter, étudier sur le terrain",kǎochá,考察,,,,,
HSK6,Hanzi,501111822b8a,"faire de l'archéologie, archéologie",kǎogǔ,考古,,,,,
HSK6,Hanzi,a6db9421676b,évaluer,kǎohé,考核,,,,,
HSK6,Hanzi,edb302d28fe5,mettre à l'épreuve,kǎoyàn,考验,,,,,
HSK6,Hanzi,cb8fb7555adb,"discipline, domaine",kē,科,,,,,
HSK6,Hanzi,26d9e2c03dbc,la science-fiction,kēhuàn,科幻,,,,,
HSK6,Hanzi,70c975239a9f,"matière, sujet",kēmù,科目,,,,,
HSK6,Hanzi,0c3815c65018,vulgariser la science,kēpǔ,科普,,,,,
HSK6,Hanzi,eca7ac135f02,délicieux,kěkǒu,可口,,,,,
HSK6,Hanzi,708c2beb17e3,"pitoyable, plaindre",kělián,可怜,,,,,
HSK6,Hanzi,dacc39bdf3e2,aspirer à,kěwàng,渴望,,,,,
HSK6,Hanzi,a89e1be11013,faisable,kěxíng,可行,,,,,
HSK6,Hanzi,09217e9b5789,voiture automobile,kèchē,客车,,,,,
HSK6,Hanzi,96bfb89e5ba7,sujet de recherche,kètí,课题,,,,,
HSK6,Hanzi,b08c4e4780a9,être disposé à,kěn,肯,,,,,
HSK6,Hanzi,9ea8adac3c75,terrifié,kǒngjù,恐惧,,,,,
HSK6,Hanzi,3eef5ea9d693,terrain vague,kòngdì,空地,,,,,
HSK6,Hanzi,e3a44b3a3c9e,"libre, temps libre",kòngxián,空闲,,,,,
HSK6,Hanzi,e568a13fa026,texture (goût),kǒugǎn,口感,,,,,
HSK6,Hanzi,07e1c17c407a,slogan,kǒuhào,口号,,,,,
HSK6,Hanzi,e776a2b8a67d,cavité buccale,kǒuqiāng,口腔,,,,,
HSK6,Hanzi,b43c22d578b6,"oral, superficiel",kǒutóu,口头,,,,,
HSK6,Hanzi,d3dd548a3fa5,"déduire, bouton",kòu,扣,,,,,
HSK6,Hanzi,fbb3228fc510,"ennuyeux, aride",kūzào,枯燥,,,,,
HSK6,Hanzi,0745bf070222,"cool, génial",kù,酷,,,,,
HSK6,Hanzi,837151259909,"vanter, louer",kuā,夸,,,,,
HSK6,Hanzi,789b3c546da0,féliciter,kuājiǎng,夸奖,,,,,
HSK6,Hanzi,db945e368ab4,exagéré,kuāzhāng,夸张,,,,,
HSK6,Hanzi,e33fe3736570,comptable,kuàijì,会计,,,,,
HSK6,Hanzi,271db2a12570,rapide,kuàijié,快捷,,,,,
HSK6,Hanzi,585b9f6289c6,"somme d'argent, classificateur d'articles",kuǎn,款,,,,,
HSK6,Hanzi,25e025c615b8,"style, modèle",kuǎnshì,款式,,,,,
HSK6,Hanzi,b9eba82bb482,perdre de l'argent,kuīsǔn,亏损,,,,,
HSK6,Hanzi,6fc48c336d6a,troubler,kùnrǎo,困扰,,,,,
HSK6,Hanzi,0e9274f41b85,étendre,kuòzhǎn,扩展,,,,,
HSK6,Hanzi,5574b387a933,piment,làjiāo,辣椒,,,,,
HSK6,Hanzi,00eb50a35ec2,particule d'exclamation,la,啦,,,,,
HSK6,Hanzi,e84d5a5e7f37,"arriver, survenir",láilín,来临,,,,,
HSK6,Hanzi,c3e0ddeee52d,aller et venir,láiwǎng,来往,,,,,
HSK6,Hanzi,2c994e526c11,"mauvais, dépendre de",lài,赖,,,,,
HSK6,Hanzi,d44da9321dab,bloquer,lán,拦,,,,,
HSK6,Hanzi,b058ad7d7856,"balustrade, colonne",lán,栏,,,,,
HSK6,Hanzi,6a07c66061eb,orchidée,lánhuā,兰花,,,,,
HSK6,Hanzi,d9f1620c96a8,"pourri, usé",làn,烂,,,,,
HSK6,Hanzi,5834de765ff3,loup,láng,狼,,,,,
HSK6,Hanzi,9a42f692c688,lire à haute voix,lǎngdú,朗读,,,,,
HSK6,Hanzi,9b75bc8ac60b,"prison, solide",láo,牢,,,,,
HSK6,Hanzi,365b2632c451,main-d'œuvre,láodònglì,劳动力,,,,,
HSK6,Hanzi,a2bfa237b9b6,honnête,lǎoshi,老实,,,,,
HSK6,Hanzi,a4f86efe1f1c,"souris, rat",lǎoshǔ,老鼠,,,,,
HSK6,Hanzi,595fc240c103,vieille dame,lǎotàitai,老太太,,,,,
HSK6,Hanzi,ba13b77480c4,être heureux de,lèyú,乐于,,,,,
HSK6,Hanzi,ba0b4cc60a8d,tonnerre,léi,雷,,,,,
HSK6,Hanzi,2cb43cded444,catégorie,lèibié,类别,,,,,
HSK6,Hanzi,c2ce999b6fdf,"raison, logique, gérer",lǐ,理,,,,,
HSK6,Hanzi,1e94f5486192,gérer ses finances,lǐcái,理财,,,,,
HSK6,Hanzi,446d1ce0608d,sciences,lǐkē,理科,,,,,
HSK6,Hanzi,bf51ccdbc828,"concept, idée",lǐniàn,理念,,,,,
HSK6,Hanzi,1595fdfcfc1c,"rationnel, raison",lǐxìng,理性,,,,,
HSK6,Hanzi,1f42a0848b18,"se tenir debout, établir",lì,立,,,,,
HSK6,Hanzi,2bef16121b3f,"grain, classificateur de petites particules",lì,粒,,,,,
HSK6,Hanzi,3a0239470c4c,"position, point de vue",lìchǎng,立场,,,,,
HSK6,Hanzi,47f543da5e5a,intensité,lìdù,力度,,,,,
HSK6,Hanzi,bd88029ee1b1,traverser (des épreuves),lìjīng,历经,,,,,
HSK6,Hanzi,6db6b48b89ed,au fil des ans,lìnián,历年,,,,,
HSK6,Hanzi,3c4d6b1afbff,"faire exception, exception",lìwài,例外,,,,,
HSK6,Hanzi,4660ed07410d,intérêt (finance),lìxī,利息,,,,,
HSK6,Hanzi,a29a7919bf84,Nations Unies,Liánhéguó,联合国,,,,,
HSK6,Hanzi,b40e5194234a,se connecter au réseau,liánwǎng,联网,,,,,
HSK6,Hanzi,3fe5ba36df23,"associer, faire un lien d'idées",liánxiǎng,联想,,,,,
HSK6,Hanzi,b9bd7d320897,"lier, connecter",liànjiē,链接,,,,,
HSK6,Hanzi,f950ba132339,les deux rives,liǎng'àn,两岸,,,,,
HSK6,Hanzi,d6b5b6350cf0,les deux pôles,liǎngjí,两极,,,,,
HSK6,Hanzi,aa532b8281cd,faire sécher,liàng,晾,,,,,
HSK6,Hanzi,c43b10be95f3,matériau,liào,料,,,,,
HSK6,Hanzi,1f64d85e8314,"tremper, arroser",lín,淋,,,,,
HSK6,Hanzi,8ec733530c26,petites heures du matin,língchén,凌晨,,,,,
HSK6,Hanzi,20c5aef1e9fd,processus,liúchéng,流程,,,,,
HSK6,Hanzi,0da09c716d30,circuler,liúdòng,流动,,,,,
HSK6,Hanzi,a0e3c1169152,navigateur web,liúlǎnqì,浏览器,,,,,
HSK6,Hanzi,ea5de1b43657,"trafic, débit de données",liúliàng,流量,,,,,
HSK6,Hanzi,1d2a2edbc241,affluer,liúrù,流入,,,,,
HSK6,Hanzi,b81f616f413c,circuler,liútōng,流通,,,,,
HSK6,Hanzi,334324b61751,couloir,lóudào,楼道,,,,,
HSK6,Hanzi,94f468fadcac,"exposer, révéler",lòu,露,,,,,
HSK6,Hanzi,a9b5257c686b,"faille, brèche",lòudòng,漏洞,,,,,
HSK6,Hanzi,495116dd0b65,"distance, trajet",lùchéng,路程,,,,,
HSK6,Hanzi,c323c7dbffcf,état de la route,lùkuàng,路况,,,,,
HSK6,Hanzi,37986deb28d1,chaussée,lùmiàn,路面,,,,,
HSK6,Hanzi,2e92e33a317a,"enregistrer une vidéo, enregistrement vidéo",lùxiàng,录像,,,,,
HSK6,Hanzi,ed683a073a22,embaucher,lùyòng,录用,,,,,
HSK6,Hanzi,4e426b16bcb0,enregistrer,lùzhì,录制,,,,,
HSK6,Hanzi,2c75938b5d25,voyage,lǚchéng,旅程,,,,,
HSK6,Hanzi,e55a51c86ec2,"trajet, voyage",lǚtú,旅途,,,,,
HSK6,Hanzi,825c8f01174a,"exécuter, remplir (une obligation)",lǚxíng,履行,,,,,
HSK6,Hanzi,95d0827feddd,suffixe signifiant taux,lǜ,率,,,,,
HSK6,Hanzi,3ef57d1cc8d3,"reboiser, verdir",lǜhuà,绿化,,,,,
HSK6,Hanzi,35a5cb414b4a,"roue, alterner, classificateur de tours",lún,轮,,,,,
HSK6,Hanzi,774c3403f806,paquebot,lúnchuán,轮船,,,,,
HSK6,Hanzi,b865fa710353,à tour de rôle,lúnliú,轮流,,,,,
HSK6,Hanzi,c465386449b3,fauteuil roulant,lúnyǐ,轮椅,,,,,
HSK6,Hanzi,68241ef7baab,roue,lúnzi,轮子,,,,,
HSK6,Hanzi,2632f385d73d,forum,lùntán,论坛,,,,,
HSK6,Hanzi,29de481b9c35,atterrir,luòdì,落地,,,,,
HSK6,Hanzi,f851ea4cd81f,"être à la traîne, arriéré",luòhòu,落后,,,,,
HSK6,Hanzi,260927a70067,négligent,mǎhu,马虎,,,,,
HSK6,Hanzi,b2e3abb40846,quai,mǎtóu,码头,,,,,
HSK6,Hanzi,c959312bc18d,fourmi,mǎyǐ,蚂蚁,,,,,
HSK6,Hanzi,97ded8033870,particule d'évidence,ma,嘛,,,,,
HSK6,Hanzi,2fccfe210a6b,enterrer,mái,埋,,,,,
HSK6,Hanzi,1e855f097c62,marcher à grands pas,mài,迈,,,,,
HSK6,Hanzi,7d89d7bf30a6,microphone,màikèfēng,麦克风,,,,,
HSK6,Hanzi,6fb3b6b21b8b,très long,màncháng,漫长,,,,,
HSK6,Hanzi,b78273133d96,bande dessinée,mànhuà,漫画,,,,,
HSK6,Hanzi,432b288c9030,non-voyant,mángrén,盲人,,,,,
HSK6,Hanzi,dbad72b842d1,"émettre, risquer",mào,冒,,,,,
HSK6,Hanzi,97cfb5da7192,prendre des risques,màoxiǎn,冒险,,,,,
HSK6,Hanzi,4ad7d7600512,commerce,màoyì,贸易,,,,,
HSK6,Hanzi,bb6b3ebccc23,charbon,méi,煤,,,,,
HSK6,Hanzi,07bdb6c607fb,fleur de prunier,méihuā,梅花,,,,,
HSK6,Hanzi,cc642f465029,sourcil,méimao,眉毛,,,,,
HSK6,Hanzi,6421dc6d77c7,esthétique,měiguān,美观,,,,,
HSK6,Hanzi,d7a354690a79,compenser,míbǔ,弥补,,,,,
HSK6,Hanzi,c95ab03ece3a,charmant,mírén,迷人,,,,,
HSK6,Hanzi,d1e42c2e78bf,dense,mì,密,,,,,
HSK6,Hanzi,21d0ed1901e0,densité,mìdù,密度,,,,,
HSK6,Hanzi,15af72a20c34,abeille,mìfēng,蜜蜂,,,,,
HSK6,Hanzi,337d11743a09,"se concentrer, dense",mìjí,密集,,,,,
HSK6,Hanzi,56599088021a,coton,mián,棉,,,,,
HSK6,Hanzi,03805855a0ba,"exempter, éviter",miǎn,免,,,,,
HSK6,Hanzi,2a4a08a41227,"réticent, se forcer à",miǎnqiǎng,勉强,,,,,
HSK6,Hanzi,c678a217805b,exonéré de taxe,miǎnshuì,免税,,,,,
HSK6,Hanzi,0028e2128788,être immunisé,miǎnyì,免疫,,,,,
HSK6,Hanzi,ce0848fb7520,visage,miànbù,面部,,,,,
HSK6,Hanzi,7483e759bf0b,farine,miànfěn,面粉,,,,,
HSK6,Hanzi,f8871021cd48,"réputation, face",miànzi,面子,,,,,
HSK6,Hanzi,fb4cf49f8ee2,dépeindre,miáohuì,描绘,,,,,
HSK6,Hanzi,a097e02884c3,décrire,miáoxiě,描写,,,,,
HSK6,Hanzi,e9d4f414a5b0,merveilleux,miào,妙,,,,,
HSK6,Hanzi,1a0a0511f09a,"éteindre, détruire",miè,灭,,,,,
HSK6,Hanzi,1d11c215fc0f,chanson folklorique,míngē,民歌,,,,,
HSK6,Hanzi,154285b89b97,"populaire, folklorique",mínjiān,民间,,,,,
HSK6,Hanzi,8f55b03cf60a,coutume populaire,mínsú,民俗,,,,,
HSK6,Hanzi,4958157d033e,"gîte, chambre d'hôte",mínsù,民宿,,,,,
HSK6,Hanzi,7696505130b7,population,mínzhòng,民众,,,,,
HSK6,Hanzi,4d2d5d12ddbe,"démocratie, démocratique",mínzhǔ,民主,,,,,
HSK6,Hanzi,725927bf4b1a,quota de places,míng'é,名额,,,,,
HSK6,Hanzi,1c3315b26d0d,lumineux,míngliàng,明亮,,,,,
HSK6,Hanzi,3bb1cb55127c,manifestement,míngmíng,明明,,,,,
HSK6,Hanzi,355b9beef4db,renommée,míngqi,名气,,,,,
HSK6,Hanzi,c0bfad013b46,site célèbre,míngshèng,名胜,,,,,
HSK6,Hanzi,246f3db0cf08,"ordonner, ordre",mìnglìng,命令,,,,,
HSK6,Hanzi,502c8a5650e4,nombre,mìngmíng,命名,,,,,
HSK6,Hanzi,2809c0a95d73,imiter,mófǎng,模仿,,,,,
HSK6,Hanzi,9abe6e74fcaf,simuler,mónǐ,模拟,,,,,
HSK6,Hanzi,157eec0809c6,mannequin,mótèr,模特儿,,,,,
HSK6,Hanzi,6238c4f844c4,moto,mótuōchē,摩托车,,,,,
HSK6,Hanzi,fa8236ac7b74,"maquette, modèle",móxíng,模型,,,,,
HSK6,Hanzi,d42c155ebb89,silencieusement,mòmò,默默,,,,,
HSK6,Hanzi,4c468d9b11a9,apparence,múyàng,模样,,,,,
HSK6,Hanzi,19031726834d,femelle,mǔ,母,,,,,
HSK6,Hanzi,9f2366f288fe,langue maternelle,mǔyǔ,母语,,,,,
HSK6,Hanzi,233c32d7daae,bois (matériau),mùcái,木材,,,,,
HSK6,Hanzi,c55fbc1eadc6,catalogue,mùlù,目录,,,,,
HSK6,Hanzi,e9a555a55805,lait en poudre,nǎifěn,奶粉,,,,,
HSK6,Hanzi,df2f617c59e2,point difficile,nándiǎn,难点,,,,,
HSK6,Hanzi,9450d4a7f55a,Antarctique,Nánjízhōu,南极洲,,,,,
HSK6,Hanzi,781db6a7cbbc,Amérique du Sud,Nánměizhōu,南美洲,,,,,
HSK6,Hanzi,ac89468ac4e3,inévitable,nánmiǎn,难免,,,,,
HSK6,Hanzi,a5d8198731d3,tête,nǎodai,脑袋,,,,,
HSK6,Hanzi,3468ac11fd50,cerveau,nǎozi,脑子,,,,,
HSK6,Hanzi,fd6201f419f7,connotation,nèihán,内涵,,,,,
HSK6,Hanzi,fbb1e23e99de,médecine interne,nèikē,内科,,,,,
HSK6,Hanzi,9c58d8f9da2c,intérieur et extérieur,nèiwài,内外,,,,,
HSK6,Hanzi,c8d7d4087747,sous-vêtements,nèiyī,内衣,,,,,
HSK6,Hanzi,946865567351,énergie,néngliàng,能量,,,,,
HSK6,Hanzi,08b6d57dd395,source d'énergie,néngyuán,能源,,,,,
HSK6,Hanzi,e05d3301f3b5,boue,ní,泥,,,,,
HSK6,Hanzi,82ba0cd3dd72,année (exercice),niándù,年度,,,,,
HSK6,Hanzi,b396a001b01f,fin d'année,niánzhōng,年终,,,,,
HSK6,Hanzi,7eb1bc8d99b5,"étudier, faire ses études",niànshū,念书,,,,,
HSK6,Hanzi,afe767f66d30,tordre,niǔ,扭,,,,,
HSK6,Hanzi,c58082e558ad,produit agricole,nóngchǎnpǐn,农产品,,,,,
HSK6,Hanzi,64710c598e10,"dense, fort (intérêt)",nónghòu,浓厚,,,,,
HSK6,Hanzi,323495c4e7ad,terres agricoles,nóngtián,农田,,,,,
HSK6,Hanzi,e4a6cd24140b,"chaud, réchauffer",nuǎn,暖,,,,,
HSK6,Hanzi,ac646e01680c,chauffage,nuǎnqì,暖气,,,,,
HSK6,Hanzi,c4abb9cbc14b,idole,ǒuxiàng,偶像,,,,,
HSK6,Hanzi,c983df82a51e,"exclure, éliminer",páichú,排除,,,,,
HSK6,Hanzi,b4f8b94ecb05,"émettre, rejeter",páifàng,排放,,,,,
HSK6,Hanzi,84fd02f9b32d,répéter,páiliàn,排练,,,,,
HSK6,Hanzi,efd84d9b612b,classer,páimíng,排名,,,,,
HSK6,Hanzi,43f267609a9a,"classificateur (plats), s'enrouler",pán,盘,,,,,
HSK6,Hanzi,89b91e621836,espérer ardemment,pànwàng,盼望,,,,,
HSK6,Hanzi,3ab3a72eed63,immense,pángdà,庞大,,,,,
HSK6,Hanzi,50cc89ad1208,jeter,pāo,抛,,,,,
HSK6,Hanzi,7cfe089d815d,"bulle, infuser",pào,泡,,,,,
HSK6,Hanzi,2c5bec2c9367,dédommager,péicháng,赔偿,,,,,
HSK6,Hanzi,ab8270deca6c,accompagner,péitóng,陪同,,,,,
HSK6,Hanzi,aa57e0025661,"cultiver, élever",péiyù,培育,,,,,
HSK6,Hanzi,6544b8edfec2,"équiper, équipement",pèibèi,配备,,,,,
HSK6,Hanzi,887d44d0c71b,admirateur,pèifú,佩服,,,,,
HSK6,Hanzi,aeff8294b9cc,compléter un ensemble,pèitào,配套,,,,,
HSK6,Hanzi,1028eba6146a,pulvériser,pēn,喷,,,,,
HSK6,Hanzi,11417c2d6474,tenir à deux mains,pěng,捧,,,,,
HSK6,Hanzi,ac427012daa6,entrer en collision,pèngzhuàng,碰撞,,,,,
HSK6,Hanzi,57cb3598e54c,draper sur les épaules,pī,披,,,,,
HSK6,Hanzi,fc4a39c04e8a,"peau, cuir, coriace",pí,皮,,,,,
HSK6,Hanzi,3b9398212455,fatigué,píláo,疲劳,,,,,
HSK6,Hanzi,6751ee67b744,instantané,piànkè,片刻,,,,,
HSK6,Hanzi,5808c3efbf2c,"partial, unilatéral",piànmiàn,片面,,,,,
HSK6,Hanzi,8dd40986a4bc,escroc,piànzi,骗子,,,,,
HSK6,Hanzi,4e5795fe82b9,"flotter dans l'air, léger",piāo,飘,,,,,
HSK6,Hanzi,deae8efc53c4,dériver,piāo,漂,,,,,
HSK6,Hanzi,546497a594db,chaîne (TV),píndào,频道,,,,,
HSK6,Hanzi,e0727dd9f3b5,fréquent,pínfán,频繁,,,,,
HSK6,Hanzi,7f6413822de3,pauvre,pínkùn,贫困,,,,,
HSK6,Hanzi,06b7591f42ff,fréquence,pínlǜ,频率,,,,,
HSK6,Hanzi,a23f2f2e05a5,déguster,pǐncháng,品尝,,,,,
HSK6,Hanzi,a1457838ddb2,égal,píngděng,平等,,,,,
HSK6,Hanzi,65b5d823ace3,ordinaire,píngfán,平凡,,,,,
HSK6,Hanzi,b46760d03012,"carré, unité de surface",píngfāng,平方,,,,,
HSK6,Hanzi,7d5dbab5e09e,mètre carré,píngfāngmǐ,平方米,,,,,
HSK6,Hanzi,8c99e8b405be,évaluer,pínggū,评估,,,,,
HSK6,Hanzi,7e4eeabc0e20,"commenter, commentaire",pínglùn,评论,,,,,
HSK6,Hanzi,f97636ed1d99,sélectionner,píngxuǎn,评选,,,,,
HSK6,Hanzi,7f9cdd30e9a7,"pente, en pente",pō,坡,,,,,
HSK6,Hanzi,d89161c3322c,éclabousser,pō,泼,,,,,
HSK6,Hanzi,c835bf9733bd,faire faillite,pòchǎn,破产,,,,,
HSK6,Hanzi,27f61dd946a0,"urgent, pressant",pòqiè,迫切,,,,,
HSK6,Hanzi,1fa37b6ede0f,se jeter sur,pū,扑,,,,,
HSK6,Hanzi,2204955be753,"étaler, paver",pū,铺,,,,,
HSK6,Hanzi,31704fa0b955,éteindre (un feu),pūmiè,扑灭,,,,,
HSK6,Hanzi,336cf4b7af59,"simple, modeste",pǔsù,朴素,,,,,
HSK6,Hanzi,6f7233f7b1ab,tromper,qīpiàn,欺骗,,,,,
HSK6,Hanzi,95f48c7b0edd,espérer,qīwàng,期望,,,,,
HSK6,Hanzi,509385339b3c,délai,qīxiàn,期限,,,,,
HSK6,Hanzi,f8996055e4a9,entre-temps,qíjiān,其间,,,,,
HSK6,Hanzi,08c54641b5cc,complet,qíquán,齐全,,,,,
HSK6,Hanzi,9b16bce9642f,pièce de jeu (échecs),qízǐ,棋子,,,,,
HSK6,Hanzi,90776088cf0a,au début,qǐchū,起初,,,,,
HSK6,Hanzi,e0a99efb640c,point de départ,qǐdiǎn,起点,,,,,
HSK6,Hanzi,34ca099c4be8,démarrer,qǐdòng,启动,,,,,
HSK6,Hanzi,edc2d8a05f00,inspirer,qǐfā,启发,,,,,
HSK6,Hanzi,c07ecd575fd0,"révéler, enseignement",qǐshì,启示,,,,,
HSK6,Hanzi,b386ba7e26e5,"avis, annonce",qǐshì,启事,,,,,
HSK6,Hanzi,6f229a52eecf,"provenir, origine",qǐyuán,起源,,,,,
HSK6,Hanzi,a1be4ca9ba49,ambiance,qìfēn,气氛,,,,,
HSK6,Hanzi,87285549e9ba,gaz,qìtǐ,气体,,,,,
HSK6,Hanzi,8841c834533c,odeur,qìwèi,气味,,,,,
HSK6,Hanzi,381a06d0c135,tempérament,qìzhì,气质,,,,,
HSK6,Hanzi,29157ecec991,approprié,qiàdàng,恰当,,,,,
HSK6,Hanzi,26896ca8bbdb,justement,qiàhǎo,恰好,,,,,
HSK6,Hanzi,907d4ed4fe48,précisément,qiàqià,恰恰,,,,,
HSK6,Hanzi,e1bf25aa2bdb,"tirer, impliquer",qiān,牵,,,,,
HSK6,Hanzi,f9623d96cad0,d'innombrables foyers,qiānjiā-wànhù,千家万户,,,,,
HSK6,Hanzi,13b6f9efd033,"modeste, être modeste",qiānxū,谦虚,,,,,
HSK6,Hanzi,e5cf3715dbeb,perspective,qiánjǐng,前景,,,,,
HSK6,Hanzi,a18196f10884,potentiel,qiánlì,潜力,,,,,
HSK6,Hanzi,0b099e011e6f,phase initiale,qiánqī,前期,,,,,
HSK6,Hanzi,fd0592073349,prémisse,qiántí,前提,,,,,
HSK6,Hanzi,358e22418434,le premier (des deux),qiánzhě,前者,,,,,
HSK6,Hanzi,603cb0c005cd,"fusil, arme à feu",qiāng,枪,,,,,
HSK6,Hanzi,94f8a00b635c,mur,qiángbì,墙壁,,,,,
HSK6,Hanzi,812c8380470f,renforcer,qiánghuà,强化,,,,,
HSK6,Hanzi,198a686d10cd,"robuste, fortifier",qiángzhuàng,强壮,,,,,
HSK6,Hanzi,556b8d252726,"forcer, contraindre",qiǎngpò,强迫,,,,,
HSK6,Hanzi,ce79664788f8,regarder,qiáo,瞧,,,,,
HSK6,Hanzi,9cb1562eb267,pont,qiáoliáng,桥梁,,,,,
HSK6,Hanzi,d28d72dfc8ab,ingénieux,qiǎomiào,巧妙,,,,,
HSK6,Hanzi,93838d9efa9c,"concret, réaliste",qièshí,切实,,,,,
HSK6,Hanzi,7fb9bb0a9829,intime,qīnmì,亲密,,,,,
HSK6,Hanzi,ff879decdacb,parent (famille),qīnshǔ,亲属,,,,,
HSK6,Hanzi,1d58106ba59f,travailleur,qínláo,勤劳,,,,,
HSK6,Hanzi,93c6c620ab00,"clair, clarifier",qīng,清,,,,,
HSK6,Hanzi,61cc28cd501a,petit matin,qīngchén,清晨,,,,,
HSK6,Hanzi,b6faee850768,jeunesse,qīngchūn,青春,,,,,
HSK6,Hanzi,98eea5c585ce,adolescence,qīngchūnqī,青春期,,,,,
HSK6,Hanzi,2e98576a487e,léger (goût),qīngdàn,清淡,,,,,
HSK6,Hanzi,8e49a91d354e,propre,qīngjié,清洁,,,,,
HSK6,Hanzi,151c8b324fe8,"nettoyer, ranger",qīnglǐ,清理,,,,,
HSK6,Hanzi,44a1847d264c,balayer,qīngsǎo,清扫,,,,,
HSK6,Hanzi,b00ed61aadf1,écouter attentivement,qīngtīng,倾听,,,,,
HSK6,Hanzi,d732941c2148,laver,qīngxǐ,清洗,,,,,
HSK6,Hanzi,4a59d7c4ccc4,"clair, net",qīngxī,清晰,,,,,
HSK6,Hanzi,7144531bf489,"tendre à, tendance",qīngxiàng,倾向,,,,,
HSK6,Hanzi,67c82afce4c9,"lucide, se réveiller",qīngxǐng,清醒,,,,,
HSK6,Hanzi,1c36adf45943,intrigue,qíngjié,情节,,,,,
HSK6,Hanzi,2be93ac39802,ensoleillé,qínglǎng,晴朗,,,,,
HSK6,Hanzi,5008dcba2b9c,situation,qíngxing,情形,,,,,
HSK6,Hanzi,f1cc4d1f2ea1,"demander, chercher",qiú,求,,,,,
HSK6,Hanzi,0a6c371b52c5,faire une demande en mariage,qiúhūn,求婚,,,,,
HSK6,Hanzi,28b23d0856e4,appeler au secours,qiújiù,求救,,,,,
HSK6,Hanzi,f6ae5eb12eea,chercher un emploi,qiúzhí,求职,,,,,
HSK6,Hanzi,e44b3196ef0f,demander de l'aide,qiúzhù,求助,,,,,
HSK6,Hanzi,1c51e004b939,distinguer,qūfēn,区分,,,,,
HSK6,Hanzi,47b2fd617c6e,"canal, moyen",qúdào,渠道,,,,,
HSK6,Hanzi,ccb29970b2f3,mélodie,qǔ,曲,,,,,
HSK6,Hanzi,4fba87ddb894,épouser (femme),qǔ,娶,,,,,
HSK6,Hanzi,af42d3ae7cd7,remplacer,qǔdài,取代,,,,,
HSK6,Hanzi,b5bdf23f450d,"intérêt, plaisir",qùwèi,趣味,,,,,
HSK6,Hanzi,23887915c49f,"cercle, entourer",quān,圈,,,,,
HSK6,Hanzi,7f28ef30a4dc,parcours entier,quánchéng,全程,,,,,
HSK6,Hanzi,6442ac6df5ec,pouvoir,quánlì,权力,,,,,
HSK6,Hanzi,0adddfe947a0,"billette, coupon",quàn,券,,,,,
HSK6,Hanzi,7fd3dfcbfeeb,défaut,quēxiàn,缺陷,,,,,
HSK6,Hanzi,19426ff7e574,établir,quèlì,确立,,,,,
HSK6,Hanzi,e854a0dd0554,les masses,qúnzhòng,群众,,,,,
HSK6,Hanzi,22fe03f466ae,carburant,ránliào,燃料,,,,,
HSK6,Hanzi,89813a40d1d2,teindre,rǎn,染,,,,,
HSK6,Hanzi,9c596fda2cff,"point chaud, sujet populaire",rèdiǎn,热点,,,,,
HSK6,Hanzi,87e9e549a011,"chaleur, popularité",rèdù,热度,,,,,
HSK6,Hanzi,8d277f4869e5,"populaire, en vogue",rèmén,热门,,,,,
HSK6,Hanzi,c2534014028c,chauffe-eau,rèshuǐqì,热水器,,,,,
HSK6,Hanzi,9b3e992a2a2f,ligne directe,rèxiàn,热线,,,,,
HSK6,Hanzi,0e3e414ca029,débat animé,rèyì,热议,,,,,
HSK6,Hanzi,364e94fc572e,intelligence artificielle,réngōng zhìnéng,人工智能,,,,,
HSK6,Hanzi,a46a0eb7edc0,"les autres, moi",rénjia,人家,,,,,
HSK6,Hanzi,008c59b3cd85,par habitant,rénjūn,人均,,,,,
HSK6,Hanzi,369ed21e7d1f,une foule immense,rénshān-rénhǎi,人山人海,,,,,
HSK6,Hanzi,ffbf22703498,personnalité,rénshì,人士,,,,,
HSK6,Hanzi,888ca58d5152,ressources humaines,rénshì,人事,,,,,
HSK6,Hanzi,30bc6e3c0912,"artificiel, humain",rénwéi,人为,,,,,
HSK6,Hanzi,7287d412e925,trottoir,rénxíngdào,人行道,,,,,
HSK6,Hanzi,78e41d51f628,endurer,rěnshòu,忍受,,,,,
HSK6,Hanzi,b7f90e9cd2e6,admettre une erreur,rèncuò,认错,,,,,
HSK6,Hanzi,0b197fc195b1,"déterminer, conclure",rèndìng,认定,,,,,
HSK6,Hanzi,50a47a44657b,approuver,rènkě,认可,,,,,
HSK6,Hanzi,095447c95924,s'identifier à,rèntóng,认同,,,,,
HSK6,Hanzi,ea6c4e9d1d82,"reconnaître, prendre conscience",rènzhī,认知,,,,,
HSK6,Hanzi,b5c3d3a545ac,"toujours, encore",réngjiù,仍旧,,,,,
HSK6,Hanzi,c96a8915b8fc,plus tard,rìhòu,日后,,,,,
HSK6,Hanzi,ce5d7bb54453,il y a quelques jours,rìqián,日前,,,,,
HSK6,Hanzi,7cc37304114c,jour et nuit,rìyè,日夜,,,,,
HSK6,Hanzi,dde148deb112,de plus en plus,rìyì,日益,,,,,
HSK6,Hanzi,eff6c1bcf76e,fusionner,rónghé,融合,,,,,
HSK6,Hanzi,4e26b8a2cfa6,fondre,rónghuà,融化,,,,,
HSK6,Hanzi,b7f3f913d611,capacité,róngliàng,容量,,,,,
HSK6,Hanzi,4470f20e6e8b,s'intégrer,róngrù,融入,,,,,
HSK6,Hanzi,3143663dc4ce,honneur,róngyù,荣誉,,,,,
HSK6,Hanzi,118fe4d1d4e4,souple,róuruǎn,柔软,,,,,
HSK6,Hanzi,6a16307c8b7d,entrer dans un pays,rùjìng,入境,,,,,
HSK6,Hanzi,afc735170f54,"s'initier, initiation",rùmén,入门,,,,,
HSK6,Hanzi,2ebd75e51960,être sélectionné,rùxuǎn,入选,,,,,
HSK6,Hanzi,38cb80b3164a,faiblesse,ruòdiǎn,弱点,,,,,
HSK6,Hanzi,3383426163b6,répandre,sǎ,撒,,,,,
HSK6,Hanzi,3451d07e4f06,"fourrer, bouchon",sāi,塞,,,,,
HSK6,Hanzi,d50443dda3ad,compétition,sàishì,赛事,,,,,
HSK6,Hanzi,c8b2c13d4838,se disperser,sǎn,散,,,,,
HSK6,Hanzi,3bfb6e8010c1,prose,sǎnwén,散文,,,,,
HSK6,Hanzi,d60f3b9b2667,"dégager, émettre",sànfā,散发,,,,,
HSK6,Hanzi,2041661e98d5,gorge,sǎngzi,嗓子,,,,,
HSK6,Hanzi,a7d4292e116b,perdre,sàngshī,丧失,,,,,
HSK6,Hanzi,36f4a10f2965,scanner,sǎomiáo,扫描,,,,,
HSK6,Hanzi,c84a178d7355,tuer,shā,杀,,,,,
HSK6,Hanzi,6af981bf97c7,"freiner, frein",shāchē,刹车,,,,,
HSK6,Hanzi,489111ad4fc0,requin,shāyú,鲨鱼,,,,,
HSK6,Hanzi,52564217ce7f,"filtrer, sélectionner",shāixuǎn,筛选,,,,,
HSK6,Hanzi,ae7d04ae0f73,sommet de la montagne,shāndǐng,山顶,,,,,
HSK6,Hanzi,0d30fe1b68f8,pic montagneux,shānfēng,山峰,,,,,
HSK6,Hanzi,440837a3c227,versant de montagne,shānpō,山坡,,,,,
HSK6,Hanzi,beb5a95892a1,"briller, clignoter",shǎn,闪,,,,,
HSK6,Hanzi,7df9908879af,éclair,shǎndiàn,闪电,,,,,
HSK6,Hanzi,1eb6a8dd2550,marque déposée,shāngbiāo,商标,,,,,
HSK6,Hanzi,8c44f70ec332,blessure,shāngkǒu,伤口,,,,,
HSK6,Hanzi,a510fdc1dd39,"être blessé, victimes",shāngwáng,伤亡,,,,,
HSK6,Hanzi,96de9227a628,blessé,shāngyuán,伤员,,,,,
HSK6,Hanzi,75a5ddd571c3,se faire avoir,shàngdàng,上当,,,,,
HSK6,Hanzi,3e36a795578b,supérieur hiérarchique,shàngjí,上级,,,,,
HSK6,Hanzi,77a9b7587f68,"progresser, aller de l'avant",shàngjìn,上进,,,,,
HSK6,Hanzi,3a2b10216d16,entrer en bourse,shàngshì,上市,,,,,
HSK6,Hanzi,a247bba33a52,susmentionné,shàngshù,上述,,,,,
HSK6,Hanzi,17475489d265,monter sur scène,shàngtái,上台,,,,,
HSK6,Hanzi,8cb310a2cdff,début du mois,shàngxún,上旬,,,,,
HSK6,Hanzi,132962b850e0,enfants,shào'ér,少儿,,,,,
HSK6,Hanzi,5c84f34a3cc6,langue (organe),shétou,舌头,,,,,
HSK6,Hanzi,59290f976d34,"société, association",shè,社,,,,,
HSK6,Hanzi,f9c0cc9aca36,tirer (une flèche),shè,射,,,,,
HSK6,Hanzi,77c1912f338e,concerner,shèjí,涉及,,,,,
HSK6,Hanzi,99fc35e1ef60,tir,shèjī,射击,,,,,
HSK6,Hanzi,4c3323de4998,films,shèxiàng,摄像,,,,,
HSK6,Hanzi,05d3dee49735,envisager,shèxiǎng,设想,,,,,
HSK6,Hanzi,58f355b3453f,caméra,shèxiàngtóu,摄像头,,,,,
HSK6,Hanzi,a4faeb4f0328,corps et esprit,shēnxīn,身心,,,,,
HSK6,Hanzi,940e1a15a9be,tard dans la nuit,shēnyè,深夜,,,,,
HSK6,Hanzi,0c82bf51b12a,"dieu, esprit, extraordinaire",shén,神,,,,,
HSK6,Hanzi,db6930abb53d,nerf,shénjīng,神经,,,,,
HSK6,Hanzi,d78efb0599ce,magique,shénqí,神奇,,,,,
HSK6,Hanzi,01c9ee308b83,apprécier l'esthétique,shěnměi,审美,,,,,
HSK6,Hanzi,9ddc7ea6889b,générer,shēngchéng,生成,,,,,
HSK6,Hanzi,9c8bb17aaaf5,tonne,shēngdiào,声调,,,,,
HSK6,Hanzi,51480db82512,vitalité,shēngmìnglì,生命力,,,,,
HSK6,Hanzi,d342ae8ea951,écologie,shēngtài,生态,,,,,
HSK6,Hanzi,2dad296c3d43,poursuivre des études supérieures,shēngxué,升学,,,,,
HSK6,Hanzi,9f2e1e337fff,"restant, surplus",shèngyú,剩余,,,,,
HSK6,Hanzi,237515e3b9c1,poésie,shīcí,诗词,,,,,
HSK6,Hanzi,187c04f5f7a9,humidité,shīdù,湿度,,,,,
HSK6,Hanzi,dc56f5d69698,maître,shīfu,师父,,,,,
HSK6,Hanzi,38c261b205ff,poésie,shīgē,诗歌,,,,,
HSK6,Hanzi,eda174d0bca5,lion,shīzi,狮子,,,,,
HSK6,Hanzi,be3ad20ad773,"connaître, reconnaître",shí,识,,,,,
HSK6,Hanzi,15c592a6e719,ramasser,shí,拾,,,,,
HSK6,Hanzi,76cd9ac3278c,identifiant,shíbié,识别,,,,,
HSK6,Hanzi,b62ef095e626,temps,shíguāng,时光,,,,,
HSK6,Hanzi,be5092c9ae6d,vérité,shíhuà,实话,,,,,
HSK6,Hanzi,5f6865acd096,"avantage concret, pratique",shíhuì,实惠,,,,,
HSK6,Hanzi,44737f3a2b43,occasion,shíjī,时机,,,,,
HSK6,Hanzi,a9de21c5254c,"mode, à la mode",shíshàng,时尚,,,,,
HSK6,Hanzi,ffbd423f328a,en temps réel,shíshí,实时,,,,,
HSK6,Hanzi,523b1d414cc2,vitesse horaire,shísù,时速,,,,,
HSK6,Hanzi,f1430c5b4377,pétrole,shíyóu,石油,,,,,
HSK6,Hanzi,1df5ae98da95,appétit,shíyù,食欲,,,,,
HSK6,Hanzi,a9b57c5c0710,"essence, nature",shízhì,实质,,,,,
HSK6,Hanzi,6896ff3f12e7,"total, pur",shízú,十足,,,,,
HSK6,Hanzi,4016f2e90e10,faire un effort,shǐjìn,使劲,,,,,
HSK6,Hanzi,06011e3ef496,soldat,shìbīng,士兵,,,,,
HSK6,Hanzi,2bb943ad7d1b,modéré,shìdù,适度,,,,,
HSK6,Hanzi,3c2c1f90eae4,faire une démonstration,shìfàn,示范,,,,,
HSK6,Hanzi,a0c8a20c6332,libérer,shìfàng,释放,,,,,
HSK6,Hanzi,ab612e0fc1da,après coup,shìhòu,事后,,,,,
HSK6,Hanzi,22ceccaa4acc,vision,shìjué,视觉,,,,,
HSK6,Hanzi,17561edb30e6,"influence, puissance",shìlì,势力,,,,,
HSK6,Hanzi,baa053304826,acuité visuelle,shìlì,视力,,,,,
HSK6,Hanzi,ff75dfd27b19,tenter de,shìtú,试图,,,,,
HSK6,Hanzi,db4b51846e6f,affaires,shìwù,事务,,,,,
HSK6,Hanzi,7d835495251b,"point, élément",shìxiàng,事项,,,,,
HSK6,Hanzi,7383903c804e,approprié,shìyí,适宜,,,,,
HSK6,Hanzi,fa70b5db2c96,collectionner,shōucáng,收藏,,,,,
HSK6,Hanzi,9b3574d0cea7,"racheter, acquérir",shōugòu,收购,,,,,
HSK6,Hanzi,74bdb9f9f3ad,percevoir,shōuqǔ,收取,,,,,
HSK6,Hanzi,9dff932707bc,profit,shōuyì,收益,,,,,
HSK6,Hanzi,4f758e3252bd,soutiens-gorge,shǒubì,手臂,,,,,
HSK6,Hanzi,e5217bfa22e8,technique,shǒufǎ,手法,,,,,
HSK6,Hanzi,19f41fee3437,geste,shǒushì,手势,,,,,
HSK6,Hanzi,2e749296e39c,primordial,shǒuyào,首要,,,,,
HSK6,Hanzi,feb50f23fa28,durée de vie,shòumìng,寿命,,,,,
HSK6,Hanzi,a0af31a7700c,être sinistré,shòuzāi,受灾,,,,,
HSK6,Hanzi,f0ddada1636d,"exporter, produire en sortie",shūchū,输出,,,,,
HSK6,Hanzi,0fdbaf7d5422,calligraphie et peinture,shūhuà,书画,,,,,
HSK6,Hanzi,9cee8d1e2c2e,livres,shūjí,书籍,,,,,
HSK6,Hanzi,5190a5743d2a,écrit,shūmiàn,书面,,,,,
HSK6,Hanzi,df4c361e9ef5,"transporter, acheminer",shūsòng,输送,,,,,
HSK6,Hanzi,e34646c716f7,écrire,shūxiě,书写,,,,,
HSK6,Hanzi,bf3d362a7d6f,appartenir à,shǔ,属,,,,,
HSK6,Hanzi,8d3e5c12322b,puces,shǔpiàn,薯片,,,,,
HSK6,Hanzi,7925dbc2bf5c,"vertical, dresser, ligne verticale",shù,竖,,,,,
HSK6,Hanzi,bb7788319ea4,établir,shùlì,树立,,,,,
HSK6,Hanzi,380986f8a4b0,"nombre, quantité",shùmù,数目,,,,,
HSK6,Hanzi,3a71245bbcd7,numériser,shùzìhuà,数字化,,,,,
HSK6,Hanzi,f170044224e5,vieillir,shuāilǎo,衰老,,,,,
HSK6,Hanzi,803610907804,"diriger, commander",shuàilǐng,率领,,,,,
HSK6,Hanzi,a28fed68847d,être le premier à,shuàixiān,率先,,,,,
HSK6,Hanzi,97149137497d,riz (non décortiqué),shuǐdào,水稻,,,,,
HSK6,Hanzi,0c24ab60c46a,réservoir d'eau,shuǐkù,水库,,,,,
HSK6,Hanzi,0f81d00f0e05,courant d'eau,shuǐliú,水流,,,,,
HSK6,Hanzi,ac3e9872a6f3,surface de l'eau,shuǐmiàn,水面,,,,,
HSK6,Hanzi,2733f628819a,ciment,shuǐní,水泥,,,,,
HSK6,Hanzi,cdc35bc1295b,instantané,shùnjiān,瞬间,,,,,
HSK6,Hanzi,abb8bd4c4199,fil de pensée,sīlù,思路,,,,,
HSK6,Hanzi,b78bfc28932c,se languir de,sīniàn,思念,,,,,
HSK6,Hanzi,808877f7611c,mourir,sǐwáng,死亡,,,,,
HSK6,Hanzi,80bee56e651d,"lâche, desserrer",sōng,松,,,,,
HSK6,Hanzi,cee6214446de,classificateur de bateaux,sōu,艘,,,,,
HSK6,Hanzi,48ad8cdb3cac,collecter,sōují,搜集,,,,,
HSK6,Hanzi,fdc7a4190103,façonner,sùzào,塑造,,,,,
HSK6,Hanzi,d6c5db9b4d21,"qualité, aptitude",sùzhì,素质,,,,,
HSK6,Hanzi,e76da34b33a4,laisse tomber,suànle,算了,,,,,
HSK6,Hanzi,ac67b5395791,être considéré comme,suànshì,算是,,,,,
HSK6,Hanzi,435377633893,"eh bien, ça",suī,虽,,,,,
HSK6,Hanzi,742539d7446a,âge,suìshu,岁数,,,,,
HSK6,Hanzi,581d685c3e8b,"années, temps",suìyuè,岁月,,,,,
HSK6,Hanzi,88ff5637bd14,endommager,sǔnhuài,损坏,,,,,
HSK6,Hanzi,86e0e72c6d62,"endommager, léser",sǔnshāng,损伤,,,,,
HSK6,Hanzi,c62192b7d02a,"stable, sérieux",tāshi,踏实,,,,,
HSK6,Hanzi,233855160c71,"pagode, tour",tǎ,塔,,,,,
HSK6,Hanzi,560904d2de6c,typhon,táifēng,台风,,,,,
HSK6,Hanzi,44549d431531,billard,táiqiú,台球,,,,,
HSK6,Hanzi,16efaaf12428,espace (cosmos),tàikōng,太空,,,,,
HSK6,Hanzi,63a3e4d2c51e,énergie solaire,tàiyángnéng,太阳能,,,,,
HSK6,Hanzi,57b3559e9bd8,discuter de,tánlùn,谈论,,,,,
HSK6,Hanzi,d57ecd27ee3b,négocier,tánpàn,谈判,,,,,
HSK6,Hanzi,72ff150d9900,élasticité,tánxìng,弹性,,,,,
HSK6,Hanzi,306e65d48ba7,explorateur,tànsuǒ,探索,,,,,
HSK6,Hanzi,670f1b8e4915,"examiner, débattre",tàntǎo,探讨,,,,,
HSK6,Hanzi,11a1b6cde031,boulettes de riz gluant sucrées,tāngyuán,汤圆,,,,,
HSK6,Hanzi,92563429fbc0,cookies,tángguǒ,糖果,,,,,
HSK6,Hanzi,d8e9cd50928a,"ébouillanter, brûlant",tàng,烫,,,,,
HSK6,Hanzi,dd5661d4d102,sortir (de sa poche),tāo,掏,,,,,
HSK6,Hanzi,54c66494e25a,s'enfuir,táo,逃,,,,,
HSK6,Hanzi,ac2fce7f0993,fuir,táopǎo,逃跑,,,,,
HSK6,Hanzi,1624997d8ada,espiègle,táoqì,淘气,,,,,
HSK6,Hanzi,42087a8990be,éliminer,táotài,淘汰,,,,,
HSK6,Hanzi,a43df672227b,"menu, forfait",tàocān,套餐,,,,,
HSK6,Hanzi,54d7cde07291,particulièrement,tè,特,,,,,
HSK6,Hanzi,88323f459c73,"spécialité, talent particulier",tècháng,特长,,,,,
HSK6,Hanzi,3544457584b3,exprès,tèdì,特地,,,,,
HSK6,Hanzi,032ac97904ae,spécifique,tèdìng,特定,,,,,
HSK6,Hanzi,19a64383a5ae,caractéristique,tèxìng,特性,,,,,
HSK6,Hanzi,18064d4ece77,délibérément,tèyì,特意,,,,,
HSK6,Hanzi,a26c14d3a4e4,"thème, sujet",tícái,题材,,,,,
HSK6,Hanzi,34c1f7cae377,extraire,tíqǔ,提取,,,,,
HSK6,Hanzi,d023d8aff480,"indiquer, faire remarquer",tíshì,提示,,,,,
HSK6,Hanzi,2409afc871e2,gymnastique,tǐcāo,体操,,,,,
HSK6,Hanzi,c13d0b93c6ad,volume,tǐjī,体积,,,,,
HSK6,Hanzi,90de9d8b2e34,système,tǐxì,体系,,,,,
HSK6,Hanzi,3d8f609953bf,ajouter,tiān,添,,,,,
HSK6,Hanzi,54346776cf80,génie,tiāncái,天才,,,,,
HSK6,Hanzi,43454585dbdc,ajouter,tiānjiā,添加,,,,,
HSK6,Hanzi,12643439096d,naturel,tiānrán,天然,,,,,
HSK6,Hanzi,3f817280f736,gaz naturel,tiānránqì,天然气,,,,,
HSK6,Hanzi,85534ca74699,astronomie,tiānwén,天文,,,,,
HSK6,Hanzi,3a16ad089433,le monde,tiānxià,天下,,,,,
HSK6,Hanzi,f620b34168af,"naïf, innocent",tiānzhēn,天真,,,,,
HSK6,Hanzi,0dd7eae58011,champion,tián,田,,,,,
HSK6,Hanzi,a787264f8a48,athlétisme,tiánjìng,田径,,,,,
HSK6,Hanzi,4ffa7ee3937e,ajuster,tiáojié,调节,,,,,
HSK6,Hanzi,7fe0815d4417,plongeon,tiàoshuǐ,跳水,,,,,
HSK6,Hanzi,c298a2f77d18,"se rapprocher de, proche",tiējìn,贴近,,,,,
HSK6,Hanzi,d6d2aaec74e3,obéissant,tīnghuà,听话,,,,,
HSK6,Hanzi,a0cbe7315ac9,ouïe,tīngjué,听觉,,,,,
HSK6,Hanzi,c92b414d506e,écouter (un avis),tīngqǔ,听取,,,,,
HSK6,Hanzi,19198536919f,passage,tōngdào,通道,,,,,
HSK6,Hanzi,52b943a995b4,vannes,tōngfēng,通风,,,,,
HSK6,Hanzi,abf35d717b0a,parler au téléphone,tōnghuà,通话,,,,,
HSK6,Hanzi,4016ba5db4a3,"communiquer (courrier, téléphone)",tōngxìn,通信,,,,,
HSK6,Hanzi,b1af457d0f79,communication,tōngxùn,通讯,,,,,
HSK6,Hanzi,2b8a5962a80c,être d'usage courant,tōngyòng,通用,,,,,
HSK6,Hanzi,902d153c49fd,cuivre,tóng,铜,,,,,
HSK6,Hanzi,45e0f6d79fe1,compagnon,tóngbàn,同伴,,,,,
HSK6,Hanzi,6aa898a5b24b,"exercer le même métier, collègue",tóngháng,同行,,,,,
HSK6,Hanzi,6795f5ab3313,conte de fées,tónghuà,童话,,,,,
HSK6,Hanzi,f0aafc301176,"similaire, du même genre",tónglèi,同类,,,,,
HSK6,Hanzi,bb382fce7cb7,médaille de bronze,tóngpái,铜牌,,,,,
HSK6,Hanzi,ea5aadb07b09,plein d'entrain,tòngkuài,痛快,,,,,
HSK6,Hanzi,80c94f32783f,"voler, furtivement",tōu,偷,,,,,
HSK6,Hanzi,3191328f3f28,en cachette,tōutōu,偷偷,,,,,
HSK6,Hanzi,6b2e648740ab,"esprit, cerveau",tóunǎo,头脑,,,,,
HSK6,Hanzi,ed0ec23fe29f,électeur,tóupiào,投票,,,,,
HSK6,Hanzi,3c0c296d310f,porter plainte,tóusù,投诉,,,,,
HSK6,Hanzi,71f58b18b371,"investir, investissement",tóuzī,投资,,,,,
HSK6,Hanzi,9761574ad07c,"pénétrer, à fond",tòu,透,,,,,
HSK6,Hanzi,a675dc605343,à travers,tòuguò,透过,,,,,
HSK6,Hanzi,368c762f8977,révéler,tòulù,透露,,,,,
HSK6,Hanzi,4ad521fcd687,transparent,tòumíng,透明,,,,,
HSK6,Hanzi,d945a33f3e5d,survenir soudainement,tūfā,突发,,,,,
HSK6,Hanzi,df1340fa8855,"percer, franchir",tūpò,突破,,,,,
HSK6,Hanzi,62f7b89a417c,motif,tú'àn,图案,,,,,
HSK6,Hanzi,d82bb92694f2,graphique,túbiǎo,图表,,,,,
HSK6,Hanzi,2628d61c65aa,apprenti,túdì,徒弟,,,,,
HSK6,Hanzi,01b97e483bbd,"voie, moyen",tújìng,途径,,,,,
HSK6,Hanzi,7ab41cf63da2,image,túxiàng,图像,,,,,
HSK6,Hanzi,0a26c0434129,cracher,tǔ,吐,,,,,
HSK6,Hanzi,3d1062475fd5,sol,tǔrǎng,土壤,,,,,
HSK6,Hanzi,98a5ecc72c51,"unir, unir",tuánjié,团结,,,,,
HSK6,Hanzi,2f4c58f662be,"groupe, organisation",tuántǐ,团体,,,,,
HSK6,Hanzi,b9644a88d366,se réunir (famille),tuányuán,团圆,,,,,
HSK6,Hanzi,3fe76a5452b8,"spéculer, supposer",tuīcè,推测,,,,,
HSK6,Hanzi,7fd234bc6872,promouvoir la vente,tuīxiāo,推销,,,,,
HSK6,Hanzi,2217a87b2f10,mettre en œuvre,tuīxíng,推行,,,,,
HSK6,Hanzi,fa2a41a11a28,remboursement de taxe,tuìshuì,退税,,,,,
HSK6,Hanzi,7b02a2f9bad1,avaler,tūn,吞,,,,,
HSK6,Hanzi,0d6953cb5243,traîner,tuō,拖,,,,,
HSK6,Hanzi,4ce2e28673f0,ralentisseur,tuōyán,拖延,,,,,
HSK6,Hanzi,c351dfff3bde,faire enregistrer (bagages),tuōyùn,托运,,,,,
HSK6,Hanzi,ba6de3556442,creuser,wā,挖,,,,,
HSK6,Hanzi,ccee34146ef6,wouah,wā,哇,,,,,
HSK6,Hanzi,4d11cc6feaba,"poupée, bébé",wáwa,娃娃,,,,,
HSK6,Hanzi,55dc969a1732,de travers,wāi,歪,,,,,
HSK6,Hanzi,7524c467740d,apparence extérieure,wàibiǎo,外表,,,,,
HSK6,Hanzi,328826c81476,diplomatie,wàijiāo,外交,,,,,
HSK6,Hanzi,d65f3208b1f4,monde extérieur,wàijiè,外界,,,,,
HSK6,Hanzi,de68bc4a555a,chirurgie,wàikē,外科,,,,,
HSK6,Hanzi,4c1f6ecae1ab,"extérieur, étranger",wàilái,外来,,,,,
HSK6,Hanzi,09b5349b26a1,neveu (fils de sœur),wàisheng,外甥,,,,,
HSK6,Hanzi,cd01f1b9ac33,courbé,wānqū,弯曲,,,,,
HSK6,Hanzi,95771215ce78,tenace,wánqiáng,顽强,,,,,
HSK6,Hanzi,946dcf4dc868,toutes choses,wànwù,万物,,,,,
HSK6,Hanzi,a35f2b5a35f7,prince,wángzǐ,王子,,,,,
HSK6,Hanzi,e5bc216e0c15,"filet, réseau, capturer au filet",wǎng,网,,,,,
HSK6,Hanzi,3d24b82fc917,désormais,wǎnghòu,往后,,,,,
HSK6,Hanzi,bf3c220ca351,"avoir des relations, aller et venir",wǎnglái,往来,,,,,
HSK6,Hanzi,a8632dcd829b,les années passées,wǎngnián,往年,,,,,
HSK6,Hanzi,9e84274bc355,regarder au loin,wàng,望,,,,,
HSK6,Hanzi,4b41c86c00e1,crise,wēijī,危机,,,,,
HSK6,Hanzi,ef47987b270f,minuscule,wēixiǎo,微小,,,,,
HSK6,Hanzi,427597c55f46,enfreindre une règle,wéiguī,违规,,,,,
HSK6,Hanzi,bb6226c42db1,"préserver, maintenir",wéihù,维护,,,,,
HSK6,Hanzi,c3fd02f8a51c,"embarrassant, mettre dans l'embarras",wéinán,为难,,,,,
HSK6,Hanzi,3784d6cb9399,go (jeu),wéiqí,围棋,,,,,
HSK6,Hanzi,65fc2cb305eb,devoir durer,wéiqī,为期,,,,,
HSK6,Hanzi,15783574b2b6,vitamines,wéishēngsù,维生素,,,,,
HSK6,Hanzi,0ba501247b86,jusqu'à,wéizhǐ,为止,,,,,
HSK6,Hanzi,6143a5b5a162,"lésé, se sentir lésé",wěiqu,委屈,,,,,
HSK6,Hanzi,5cc59b15267e,"confier, mandater",wěituō,委托,,,,,
HSK6,Hanzi,36dd0255d4fa,pas encore,wèi,未,,,,,
HSK6,Hanzi,d5ae0796b3fc,pas nécessairement,wèibì,未必,,,,,
HSK6,Hanzi,c746029d8ffd,mineur,wèichéngniánrén,未成年人,,,,,
HSK6,Hanzi,91361094d204,pour cette raison,wèicǐ,为此,,,,,
HSK6,Hanzi,6d3a6970d912,pourquoi,wèihé,为何,,,,,
HSK6,Hanzi,e90c7232858d,goût (sens),wèijué,味觉,,,,,
HSK6,Hanzi,2def9fc876dc,appétit,wèikǒu,胃口,,,,,
HSK6,Hanzi,3a916f84d881,"doux, tempéré",wēnhé,温和,,,,,
HSK6,Hanzi,0ace655b3382,"tendre, doux",wēnróu,温柔,,,,,
HSK6,Hanzi,4120daadcfe9,document,wéndàng,文档,,,,,
HSK6,Hanzi,5d867249ee9b,fournitures scolaires,wénjù,文具,,,,,
HSK6,Hanzi,6d98eb11757f,"lettres, sciences humaines",wénkē,文科,,,,,
HSK6,Hanzi,dfbccd39ea66,"civilisation, civilisé",wénmíng,文明,,,,,
HSK6,Hanzi,b670d835c02b,célèbre,wénmíng,闻名,,,,,
HSK6,Hanzi,8d515ca27339,"objet culturel, relique",wénwù,文物,,,,,
HSK6,Hanzi,320f3aaada79,"document, littérature",wénxiàn,文献,,,,,
HSK6,Hanzi,60935de517d1,littérature et art,wényì,文艺,,,,,
HSK6,Hanzi,d353e63906a1,tortue,wūguī,乌龟,,,,,
HSK6,Hanzi,47d5aa19ba8b,eaux usées,wūshuǐ,污水,,,,,
HSK6,Hanzi,5d940bf7fae7,"être indifférent, peu importe",wúsuǒwèi,无所谓,,,,,
HSK6,Hanzi,e3fdba5d8716,sans aucun doute,wúyí,无疑,,,,,
HSK6,Hanzi,2d7bd3af0dbb,arme,wǔqì,武器,,,,,
HSK6,Hanzi,352920ef2da3,se tromper,wù,误,,,,,
HSK6,Hanzi,8b74936ab824,"mal comprendre, malentendu",wùjiě,误解,,,,,
HSK6,Hanzi,b0aee9e2c8d2,objet,wùtǐ,物体,,,,,
HSK6,Hanzi,385fa030cd6e,"absorber, tirer (une leçon)",xīqǔ,吸取,,,,,
HSK6,Hanzi,07a605f194d4,belle-fille,xífu,媳妇,,,,,
HSK6,Hanzi,9652f287138d,coutume,xísú,习俗,,,,,
HSK6,Hanzi,d0b75852ab6d,comédie,xǐjù,喜剧,,,,,
HSK6,Hanzi,cd61075fd133,heureux événement,xǐshì,喜事,,,,,
HSK6,Hanzi,9695d7a6d678,faire sa toilette,xǐshù,洗漱,,,,,
HSK6,Hanzi,48f2e7de41e4,cellules,xìbāo,细胞,,,,,
HSK6,Hanzi,7d756bc6eccf,bactérie,xìjūn,细菌,,,,,
HSK6,Hanzi,88cff536a478,série,xìliè,系列,,,,,
HSK6,Hanzi,18b86efd2344,opéra traditionnel chinois,xìqǔ,戏曲,,,,,
HSK6,Hanzi,a52adda0b1ed,minutieux,xìzhì,细致,,,,,
HSK6,Hanzi,35dd6b64d142,effrayer,xià,吓,,,,,
HSK6,Hanzi,32d1c90680c7,faire des efforts,xià gōngfu,下功夫,,,,,
HSK6,Hanzi,3263acbde9f3,passer commande,xiàdān,下单,,,,,
HSK6,Hanzi,e8e9d2c0339b,colonie de vacances,xiàlìngyíng,夏令营,,,,,
HSK6,Hanzi,1121cbae7f49,se déconnecter,xiàxiàn,下线,,,,,
HSK6,Hanzi,a2b1f39c05e6,fin du mois (20 derniers jours),xiàxún,下旬,,,,,
HSK6,Hanzi,c40b5207a78c,"éclatant, net",xiānmíng,鲜明,,,,,
HSK6,Hanzi,edcf844cb676,auparavant,xiānqián,先前,,,,,
HSK6,Hanzi,79b88a1e1697,"vif, éclatant (couleur)",xiānyàn,鲜艳,,,,,
HSK6,Hanzi,b0ca3f0ca67a,"trouver à redire à, se méfier",xián,嫌,,,,,
HSK6,Hanzi,86b1332eeb6b,"évident, montrer",xiǎn,显,,,,,
HSK6,Hanzi,aceeaa0a0cbb,"dangereux, de justesse",xiǎn,险,,,,,
HSK6,Hanzi,331887ed383b,remarquable,xiǎnzhù,显著,,,,,
HSK6,Hanzi,2b21e3a0f221,limiteur,xiàn,限,,,,,
HSK6,Hanzi,aadc8ba3e697,"fil, ligne, classificateur de lignes",xiàn,线,,,,,
HSK6,Hanzi,712fea0473a3,existant,xiàncún,现存,,,,,
HSK6,Hanzi,83e108d40564,limite,xiàndù,限度,,,,,
HSK6,Hanzi,b464a5349643,marchandise en stock,xiànhuò,现货,,,,,
HSK6,Hanzi,32e5e968466b,sombrer dans,xiànrù,陷入,,,,,
HSK6,Hanzi,afea90e68a82,indice,xiànsuǒ,线索,,,,,
HSK6,Hanzi,71d2a7328a70,être limité à,xiànyú,限于,,,,,
HSK6,Hanzi,dac748b1c086,différer,xiāngchà,相差,,,,,
HSK6,Hanzi,b706e51add9f,saucisse,xiāngcháng,香肠,,,,,
HSK6,Hanzi,dec9eddd0739,transmettre par tradition,xiāngchuán,相传,,,,,
HSK6,Hanzi,7d1cf2e6b692,être égal,xiāngděng,相等,,,,,
HSK6,Hanzi,73e66017e8ab,être relié,xiānglián,相连,,,,,
HSK6,Hanzi,b980c8cf098e,parfum,xiāngshuǐ,香水,,,,,
HSK6,Hanzi,c8f70a422e6b,correspondre,xiāngyìng,相应,,,,,
HSK6,Hanzi,9a58864d1ba2,charbonnier,xiàngliàn,项链,,,,,
HSK6,Hanzi,1fc070a893ef,échecs chinois,xiàngqí,象棋,,,,,
HSK6,Hanzi,41d43962cab3,dialogue comique,xiàngsheng,相声,,,,,
HSK6,Hanzi,f371de3aa82e,aspirer à,xiàngwǎng,向往,,,,,
HSK6,Hanzi,2842c56a6a9d,éliminer,xiāochú,消除,,,,,
HSK6,Hanzi,389baa90352d,désinfecter,xiāodú,消毒,,,,,
HSK6,Hanzi,3067ff13f136,lutte contre l'incendie,xiāofáng,消防,,,,,
HSK6,Hanzi,922c9f03704b,consommer,xiāohào,消耗,,,,,
HSK6,Hanzi,2b4a8edf0742,anéantir,xiāomiè,消灭,,,,,
HSK6,Hanzi,c8a9d99dfbcb,blé,xiǎomài,小麦,,,,,
HSK6,Hanzi,0154af6e88d1,avare,xiǎoqi,小气,,,,,
HSK6,Hanzi,2035d04467f9,voleur,xiǎotōur,小偷儿,,,,,
HSK6,Hanzi,77c682f56c5d,sourire,xiàoróng,笑容,,,,,
HSK6,Hanzi,1585386907d0,effet,xiàoyìng,效应,,,,,
HSK6,Hanzi,3645b0dc69e1,se reposer,xiē,歇,,,,,
HSK6,Hanzi,b7a4bea886a8,transporter avec soi,xiédài,携带,,,,,
HSK6,Hanzi,48ae2b2eae28,association,xiéhuì,协会,,,,,
HSK6,Hanzi,9334fdd7633b,"coordonné, coordonner",xiétiáo,协调,,,,,
HSK6,Hanzi,d7bd5350fbae,assister,xiézhù,协助,,,,,
HSK6,Hanzi,67a2e27b6dfb,bien-aimé,xīn'ài,心爱,,,,,
HSK6,Hanzi,98e6da5297c5,fond du cœur,xīndǐ,心底,,,,,
HSK6,Hanzi,981f3eb6c2f8,nouveau modèle,xīnkuǎn,新款,,,,,
HSK6,Hanzi,c587ba3335a3,"âme, esprit",xīnlíng,心灵,,,,,
HSK6,Hanzi,988d4095f09c,nouveaux médias,xīnméitǐ,新媒体,,,,,
HSK6,Hanzi,9c00a3ddc973,"esprit, opinion",xīnmù,心目,,,,,
HSK6,Hanzi,e97714779feb,nouvelle énergie,xīnnéngyuán,新能源,,,,,
HSK6,Hanzi,b2073b69b283,salaire,xīnshui,薪水,,,,,
HSK6,Hanzi,5d45694506bc,avoir de la peine pour,xīnténg,心疼,,,,,
HSK6,Hanzi,3a45c7ba47f4,émergent,xīnxīng,新兴,,,,,
HSK6,Hanzi,ab56cd99b058,"original, novateur",xīnyǐng,新颖,,,,,
HSK6,Hanzi,15ffbe25bd35,vœu,xīnyuàn,心愿,,,,,
HSK6,Hanzi,330ae1775670,cœur (organe),xīnzàng,心脏,,,,,
HSK6,Hanzi,4129cdd3709a,faire confiance,xìnlài,信赖,,,,,
HSK6,Hanzi,ebf55931a351,conviction,xìnniàn,信念,,,,,
HSK6,Hanzi,1cf4aec01055,émerger,xīngqǐ,兴起,,,,,
HSK6,Hanzi,8c3643a79995,modèle (référence),xínghào,型号,,,,,
HSK6,Hanzi,78de1e50c770,forme,xíngtài,形态,,,,,
HSK6,Hanzi,0aef2950cd02,rapport qualité-prix,xìngjiàbǐ,性价比,,,,,
HSK6,Hanzi,77ea24ba87f5,performance,xìngnéng,性能,,,,,
HSK6,Hanzi,a5cdc2703ce4,poitrine,xiōng,胸,,,,,
HSK6,Hanzi,9b4fbea2138f,réviser,xiūdìng,修订,,,,,
HSK6,Hanzi,311b685c39ea,"réparer, restaurer",xiūfù,修复,,,,,
HSK6,Hanzi,f80c6eba14bb,manche (vêtement),xiùzi,袖子,,,,,
HSK6,Hanzi,1a78a9c02105,permettre,xǔkě,许可,,,,,
HSK6,Hanzi,fed3e401b15d,raconter,xùshù,叙述,,,,,
HSK6,Hanzi,720405a34fb7,"tourner, pivoter",xuánzhuǎn,旋转,,,,,
HSK6,Hanzi,980f82c17d00,sélectionner,xuǎnbá,选拔,,,,,
HSK6,Hanzi,2658beb1b680,cours optionnel,xuǎnxiū,选修,,,,,
HSK6,Hanzi,5224d840fca4,société savante,xuéhuì,学会,,,,,
HSK6,Hanzi,62747460e934,diplôme universitaire,xuéwèi,学位,,,,,
HSK6,Hanzi,0316ac01a14a,"savoir, érudition",xuéwen,学问,,,,,
HSK6,Hanzi,d86a204665ff,"stagiaire, élève",xuéyuán,学员,,,,,
HSK6,Hanzi,2ad5e4302a70,vaisseau sanguin,xuèguǎn,血管,,,,,
HSK6,Hanzi,1a556c9e3dd4,groupe sanguin,xuèxíng,血型,,,,,
HSK6,Hanzi,e196e13c8b51,tension artérielle,xuèyā,血压,,,,,
HSK6,Hanzi,efa512f4206a,Error 500 (Server Error)!!1500.That’s an error.There was an error. Please try again later.That’s all we know.,xuèyè,血液,,,,,
HSK6,Hanzi,93b598797ee9,circuler,xúnhuán,循环,,,,,
HSK6,Hanzi,b5f972166ab6,rechercher,xúnqiú,寻求,,,,,
HSK6,Hanzi,dba75e5be2b7,compresser,yāsuō,压缩,,,,,
HSK6,Hanzi,a46fdd773faa,deuxième place,yàjūn,亚军,,,,,
HSK6,Hanzi,6dc492125333,"inonder, submerger",yān,淹,,,,,
HSK6,Hanzi,d716110a0fbf,submerger,yānmò,淹没,,,,,
HSK6,Hanzi,3712d3dff3cd,strict,yán,严,,,,,
HSK6,Hanzi,a4aa90bcc35b,zone côtière,yánhǎi,沿海,,,,,
HSK6,Hanzi,d35689ade865,grand froid,yánhán,严寒,,,,,
HSK6,Hanzi,42049edfcd8a,interdire strictement,yánjìn,严禁,,,,,
HSK6,Hanzi,92240a0de0a5,sévère,yánlì,严厉,,,,,
HSK6,Hanzi,af931b4ff7a5,journaliste,yánqī,延期,,,,,
HSK6,Hanzi,a2492a7f84f8,torride,yánrè,炎热,,,,,
HSK6,Hanzi,2d1a5f15df1a,s'étendre,yánshēn,延伸,,,,,
HSK6,Hanzi,b670189c9cf1,"discuter, débattre",yántǎo,研讨,,,,,
HSK6,Hanzi,9fe4d5d18788,se poursuivre,yánxù,延续,,,,,
HSK6,Hanzi,fe7040395426,"parole, langage",yányǔ,言语,,,,,
HSK6,Hanzi,acd04f3ac41f,inflammation,yánzhèng,炎症,,,,,
HSK6,Hanzi,92edd6e8c314,"regard, jugement",yǎnguāng,眼光,,,,,
HSK6,Hanzi,f4c94cae90e9,"sous peu, voir de ses yeux",yǎnkàn,眼看,,,,,
HSK6,Hanzi,07c25f676e17,jouer (musique),yǎnzòu,演奏,,,,,
HSK6,Hanzi,414a57ec0d51,banquet,yànhuì,宴会,,,,,
HSK6,Hanzi,e21de9b2fcac,vérifier,yànzhèng,验证,,,,,
HSK6,Hanzi,1918b8afb2c3,lever la tête,yǎng,仰,,,,,
HSK6,Hanzi,c1625123be51,démangeaison,yǎng,痒,,,,,
HSK6,Hanzi,3436da4d020b,prendre soin des personnes âgées,yǎnglǎo,养老,,,,,
HSK6,Hanzi,de12690b2910,maison de retraite,yǎnglǎoyuàn,养老院,,,,,
HSK6,Hanzi,a9d7f201d8eb,oxygène,yǎngqì,氧气,,,,,
HSK6,Hanzi,172c4abf7b38,classificateur de types,yàng,样,,,,,
HSK6,Hanzi,3786fd3923b5,lointain,yáoyuǎn,遥远,,,,,
HSK6,Hanzi,ba09432a9b56,point essentiel,yàodiǎn,要点,,,,,
HSK6,Hanzi,1b639c156f7c,soit... soit...,yàome,要么,,,,,
HSK6,Hanzi,4eb183b31014,élément essentiel,yàosù,要素,,,,,
HSK6,Hanzi,cd7f62e66533,sauvage,yě,野,,,,,
HSK6,Hanzi,55f234eb1850,"ça va, ou bien",yěhǎo,也好,,,,,
HSK6,Hanzi,05b8ecedb40a,"sauvage (animal, plante)",yěshēng,野生,,,,,
HSK6,Hanzi,ddc47c45529f,"plein air, campagne",yěwài,野外,,,,,
HSK6,Hanzi,d043e7ed8833,suffixe signifiant industrie,yè,业,,,,,
HSK6,Hanzi,97e38d5606fb,liquide,yètǐ,液体,,,,,
HSK6,Hanzi,17169c0ac3c1,"rester, toujours",yījiù,依旧,,,,,
HSK6,Hanzi,55f2a4c84848,dépendre de,yīlài,依赖,,,,,
HSK6,Hanzi,c60c5332e196,de premier ordre,yīliú,一流,,,,,
HSK6,Hanzi,db41a2654d7b,les besoins essentiels de la vie,yī-shí-zhù-xíng,衣食住行,,,,,
HSK6,Hanzi,6b1d06d67600,"médecine, médicaments",yīyào,医药,,,,,
HSK6,Hanzi,953fd4ee1198,un par un,yīyī,一一,,,,,
HSK6,Hanzi,8c6d885c77d9,tante (côté maternel),yí,姨,,,,,
HSK6,Hanzi,c26a4f85c046,toute une vie,yíbèizi,一辈子,,,,,
HSK6,Hanzi,93f387bb8cce,héritage,yíchǎn,遗产,,,,,
HSK6,Hanzi,1d82a3a572e4,transmettre héréditairement,yíchuán,遗传,,,,,
HSK6,Hanzi,451c6b97597f,région,yídài,一带,,,,,
HSK6,Hanzi,c1df8ed591b0,ensemble,yídào,一道,,,,,
HSK6,Hanzi,95b2f5cc928b,constante,yíguàn,一贯,,,,,
HSK6,Hanzi,3f6b07736be5,"douter, doute",yíhuò,疑惑,,,,,
HSK6,Hanzi,a1e10195d5a2,"uniformément, sans exception",yílǜ,一律,,,,,
HSK6,Hanzi,ff6519511dc0,"immigrer, immigrant",yímín,移民,,,,,
HSK6,Hanzi,5883114bbac2,instrument,yíqì,仪器,,,,,
HSK6,Hanzi,e77b20126103,cérémonie,yíshì,仪式,,,,,
HSK6,Hanzi,099dab5f7b07,toujours (depuis toujours),yíxiàng,一向,,,,,
HSK6,Hanzi,434ef4f81fd1,une série de,yíxìliè,一系列,,,,,
HSK6,Hanzi,b837c8e100d7,à plusieurs reprises,yízài,一再,,,,,
HSK6,Hanzi,599e1666ca70,"un moment, une rafale",yízhèn,一阵,,,,,
HSK6,Hanzi,93c57d84e342,site de ruines,yízhǐ,遗址,,,,,
HSK6,Hanzi,4a366fc3cd7f,afin de,yǐbiàn,以便,,,,,
HSK6,Hanzi,e468b3cdc9bb,pour éviter que,yǐmiǎn,以免,,,,,
HSK6,Hanzi,d7c2ba4ac9ca,autrefois,yǐwǎng,以往,,,,,
HSK6,Hanzi,2719ea863553,"anormal, extrêmement",yìcháng,异常,,,,,
HSK6,Hanzi,fb5227a77fd1,avantage,yìchù,益处,,,,,
HSK6,Hanzi,1319cce370d5,réussir sans encombre,yìfān-fēngshùn,一帆风顺,,,,,
HSK6,Hanzi,159141869b45,d'un seul trait,yìkǒuqì,一口气,,,,,
HSK6,Hanzi,9ba9c72e3520,"discuter, discussion",yìlùn,议论,,,,,
HSK6,Hanzi,599a9693a694,exactement pareil,yìmú-yíyàng,一模一样,,,,,
HSK6,Hanzi,e2eb471177d2,"artiste, interprète",yìrén,艺人,,,,,
HSK6,Hanzi,7ef86c727792,tout le corps,yìshēn,一身,,,,,
HSK6,Hanzi,2cdf56735575,momentanément,yìshí,一时,,,,,
HSK6,Hanzi,193deae2e30c,ensemble,yìtóng,一同,,,,,
HSK6,Hanzi,59f187eeffcf,facile à,yìyú,易于,,,,,
HSK6,Hanzi,0e1a1bf1650a,réprimer,yìzhì,抑制,,,,,
HSK6,Hanzi,ab8385b9c563,"à cause de, parce que",yīn,因,,,,,
HSK6,Hanzi,8c047d79f457,syllabe,yīnjié,音节,,,,,
HSK6,Hanzi,622995971300,argent (métal),yín,银,,,,,
HSK6,Hanzi,d1d2ca9b0de1,médaille d'argent,yínpái,银牌,,,,,
HSK6,Hanzi,7a9508e871c4,"guides, moyens",yǐn,引,,,,,
HSK6,Hanzi,552e5e11d08d,cacher,yǐncáng,隐藏,,,,,
HSK6,Hanzi,cd5162d8557b,guider,yǐndǎo,引导,,,,,
HSK6,Hanzi,e9083304c1a0,déclencher,yǐnfā,引发,,,,,
HSK6,Hanzi,b97116108df4,introduire,yǐnrù,引入,,,,,
HSK6,Hanzi,0316a057a960,vie privée,yǐnsī,隐私,,,,,
HSK6,Hanzi,95cb615bb725,eau potable,yǐnyòngshuǐ,饮用水,,,,,
HSK6,Hanzi,25f6ba14de84,"sceau, imprimer",yìn,印,,,,,
HSK6,Hanzi,b15695b96d09,bébé,yīng'ér,婴儿,,,,,
HSK6,Hanzi,77b67f455814,héros,yīngxióng,英雄,,,,,
HSK6,Hanzi,6b1552e9798a,ombre,yǐngzi,影子,,,,,
HSK6,Hanzi,9c0eb6c5a126,"bondé, se presser",yōngjǐ,拥挤,,,,,
HSK6,Hanzi,042e540a63c2,"surgir, apparaître en masse",yǒngxiàn,涌现,,,,,
HSK6,Hanzi,8ca73373b24f,oser,yǒngyú,勇于,,,,,
HSK6,Hanzi,339641b9f983,prendre un repas,yòngcān,用餐,,,,,
HSK6,Hanzi,60d20fb4162c,utilité,yòngchù,用处,,,,,
HSK6,Hanzi,efec6ca5805e,"être assidu, studieux",yònggōng,用功,,,,,
HSK6,Hanzi,71c67284af78,employer quelqu'un,yòngrén,用人,,,,,
HSK6,Hanzi,4d0988bffd8e,avec attention,yòngxīn,用心,,,,,
HSK6,Hanzi,3ada6bcc731c,optimiser,yōuhuà,优化,,,,,
HSK6,Hanzi,0e2912b0288d,priorité,yōuxiān,优先,,,,,
HSK6,Hanzi,f47b9e017456,excellent,yōuyì,优异,,,,,
HSK6,Hanzi,a621ae627ff9,origine,yóulái,由来,,,,,
HSK6,Hanzi,d8247f73a630,touriste,yóurén,游人,,,,,
HSK6,Hanzi,49efa4707511,"comme, tel que",yóurú,犹如,,,,,
HSK6,Hanzi,75996ca23394,"organique, bio",yǒujī,有机,,,,,
HSK6,Hanzi,3083d2e919ef,"plein d'énergie, vigoureux",yǒujìn,有劲,,,,,
HSK6,Hanzi,2aef0c0db711,ordonné,yǒuxù,有序,,,,,
HSK6,Hanzi,d2c05731bcea,"à, en, dans",yú,于,,,,,
HSK6,Hanzi,4d612f35e37a,solde restant,yú'é,余额,,,,,
HSK6,Hanzi,8a1ec5201982,plutôt que,yǔqí,与其,,,,,
HSK6,Hanzi,3c3c7fea1946,doudoune,yǔróngfú,羽绒服,,,,,
HSK6,Hanzi,c61253b890dc,réserver,yùdìng,预定,,,,,
HSK6,Hanzi,c7d556a8e65c,"prévoir, prévision",yùliào,预料,,,,,
HSK6,Hanzi,efefaa489919,anticiper,yùqī,预期,,,,,
HSK6,Hanzi,c6e94069aa1c,salle de bain,yùshì,浴室,,,,,
HSK6,Hanzi,1ee24197a85a,désir,yùwàng,欲望,,,,,
HSK6,Hanzi,9e173e4f07d5,à l'origine,yuánběn,原本,,,,,
HSK6,Hanzi,c492360e4f3b,matière première,yuáncáiliào,原材料,,,,,
HSK6,Hanzi,1f6a0db915c7,principe,yuánlǐ,原理,,,,,
HSK6,Hanzi,cb14dfe91716,matière première,yuánliào,原料,,,,,
HSK6,Hanzi,3fb50cf4927d,"jardin, parc paysager",yuánlín,园林,,,,,
HSK6,Hanzi,3a1a31e4420d,"satisfaisant, réussi",yuánmǎn,圆满,,,,,
HSK6,Hanzi,24986f59fadb,"primitif, originel",yuánshǐ,原始,,,,,
HSK6,Hanzi,c7f151393de4,élément,yuánsù,元素,,,,,
HSK6,Hanzi,9b47e5554a14,auparavant,yuánxiān,原先,,,,,
HSK6,Hanzi,b85d5f9c5a54,boulettes de riz gluant (Yuanxiao),yuánxiāo,元宵,,,,,
HSK6,Hanzi,49ae1792d373,venir de,yuányú,源于,,,,,
HSK6,Hanzi,fbc1d8cc6ff1,à distance,yuǎnchéng,远程,,,,,
HSK6,Hanzi,d234915352b6,lieu lointain,yuǎnfāng,远方,,,,,
HSK6,Hanzi,86b20736e732,restreindre,yuēshù,约束,,,,,
HSK6,Hanzi,8c9ec4c2f87c,clair de lune,yuèguāng,月光,,,,,
HSK6,Hanzi,020a1f4c8d6b,instrument de musique,yuèqì,乐器,,,,,
HSK6,Hanzi,436b01d74c62,la Lune,yuèqiú,月球,,,,,
HSK6,Hanzi,efb99bbf6ba8,composition musicale,yuèqǔ,乐曲,,,,,
HSK6,Hanzi,10159555eacb,"étourdi, s'évanouir",yūn,晕,,,,,
HSK6,Hanzi,e6e161e93ed6,avoir le mal des transports,yùnchē,晕车,,,,,
HSK6,Hanzi,deee95d5d8fd,transporteur,yùnsòng,运送,,,,,
HSK6,Hanzi,ee950eb7b882,fonctionner,yùnxíng,运行,,,,,
HSK6,Hanzi,d36e1d85a800,exploiter (une entreprise),yùnyíng,运营,,,,,
HSK6,Hanzi,33f2c4f62ff9,"divers, mélangé",zá,杂,,,,,
HSK6,Hanzi,51b09dd1144c,catastrophe,zāi,灾,,,,,
HSK6,Hanzi,20c05c69f321,calamité,zāihài,灾害,,,,,
HSK6,Hanzi,b26c100b15ce,catastrophe,zāinàn,灾难,,,,,
HSK6,Hanzi,927aa4bd6dd7,zone sinistrée,zāiqū,灾区,,,,,
HSK6,Hanzi,be4215123560,à maintes reprises,zàisān,再三,,,,,
HSK6,Hanzi,6454a51ee7ac,"régénérer, recycler",zàishēng,再生,,,,,
HSK6,Hanzi,10e304ceb8dd,se soucier de,zàiyì,在意,,,,,
HSK6,Hanzi,f98a12fcd280,"apprécier, admirer",zànshǎng,赞赏,,,,,
HSK6,Hanzi,8c35100f3b8f,approuver,zàntóng,赞同,,,,,
HSK6,Hanzi,18e3c757a56a,augmenter,zāodào,遭到,,,,,
HSK6,Hanzi,e9778d5a166d,augmenter,zāoshòu,遭受,,,,,
HSK6,Hanzi,bb284ad7e7df,"rencontrer (une épreuve), sort",zāoyù,遭遇,,,,,
HSK6,Hanzi,32736f6381bd,bruit,zàoshēng,噪声,,,,,
HSK6,Hanzi,cbb66fb06b2d,"modélisation, forme, design",zàoxíng,造型,,,,,
HSK6,Hanzi,77d2175e803f,"alors, particule auxiliaire",zé,则,,,,,
HSK6,Hanzi,382af4002e95,piquer,zhā,扎,,,,,
HSK6,Hanzi,1ad9c49d5b5f,coller,zhān,粘,,,,,
HSK6,Hanzi,d359f08ad950,coller,zhāntiē,粘贴,,,,,
HSK6,Hanzi,a353625cbf63,flambant neuf,zhǎnxīn,崭新,,,,,
HSK6,Hanzi,11717bacbda8,proportion,zhànbǐ,占比,,,,,
HSK6,Hanzi,3070b4bf625a,"combat, combattre",zhàndòu,战斗,,,,,
HSK6,Hanzi,b7ed3bb6543f,occuper,zhànjù,占据,,,,,
HSK6,Hanzi,70c5544a4cf1,vaincre,zhànshèng,战胜,,,,,
HSK6,Hanzi,64fbf389d128,posséder,zhànyǒu,占有,,,,,
HSK6,Hanzi,62d2a889a39e,guerre,zhànzhēng,战争,,,,,
HSK6,Hanzi,f4589d5ca087,classificateur de chapitres,zhāng,章,,,,,
HSK6,Hanzi,37d2adee43cc,aîné (génération),zhǎngbèi,长辈,,,,,
HSK6,Hanzi,7c84e67bcc52,"obstacle, entraver",zhàng'ài,障碍,,,,,
HSK6,Hanzi,782583fbeea1,fabrication,zhàngdān,账单,,,,,
HSK6,Hanzi,67a90275c1f0,"recruter, attirer",zhāo,招,,,,,
HSK6,Hanzi,467c7a12a9e7,"recevoir, accueillir",zhāodài,招待,,,,,
HSK6,Hanzi,a99f2c4c2900,recruter des étudiants,zhāoshēng,招生,,,,,
HSK6,Hanzi,ee1aec842738,faire signe de la main,zhāoshǒu,招手,,,,,
HSK6,Hanzi,ea1d8e829cee,recruter,zhāoshōu,招收,,,,,
HSK6,Hanzi,e430824a17c3,éclairage,zhàomíng,照明,,,,,
HSK6,Hanzi,4159b0924258,"plier, casser",zhé,折,,,,,
HSK6,Hanzi,f0ef0f57fac3,aiguille,zhēn,针,,,,,
HSK6,Hanzi,cc8c6e22089b,vérité,zhēnxiàng,真相,,,,,
HSK6,Hanzi,68c7ba59d6c3,perle,zhēnzhū,珍珠,,,,,
HSK6,Hanzi,773ad1497470,oreiller,zhěntou,枕头,,,,,
HSK6,Hanzi,6302b2e5d932,"garder, bourg",zhèn,镇,,,,,
HSK6,Hanzi,f3ed4b1d82b2,opposé,zhènyǔ,阵雨,,,,,
HSK6,Hanzi,a7be20599c57,ouvrir (les yeux),zhēng,睁,,,,,
HSK6,Hanzi,2df0d922b529,se quereller,zhēngchǎo,争吵,,,,,
HSK6,Hanzi,ae38a612b0f3,"se disputer, rivaliser pour",zhēngduó,争夺,,,,,
HSK6,Hanzi,19ef4047ce54,débattre,zhēnglùn,争论,,,,,
HSK6,Hanzi,0dd7997f76d2,solliciter,zhēngqiú,征求,,,,,
HSK6,Hanzi,d8b932e41770,"controverse, contester",zhēngyì,争议,,,,,
HSK6,Hanzi,c651b43cbb76,politique (mesure),zhèngcè,政策,,,,,
HSK6,Hanzi,d10413296748,"régulier, formel",zhèngguī,正规,,,,,
HSK6,Hanzi,1d411d229884,"face avant, positif",zhèngmiàn,正面,,,,,
HSK6,Hanzi,b51f2bda4f84,confirmer,zhèngshí,证实,,,,,
HSK6,Hanzi,a20f60687387,"justice, juste",zhèngyì,正义,,,,,
HSK6,Hanzi,f45a97c1a702,symptôme,zhèngzhuàng,症状,,,,,
HSK6,Hanzi,a0bb0ebf6c2d,"branche, classificateur d'objets longs et fins",zhī,枝,,,,,
HSK6,Hanzi,d587ec7f3fa9,soutenir,zhīchēng,支撑,,,,,
HSK6,Hanzi,e40a52149f1b,"dépenser, dépense",zhīchū,支出,,,,,
HSK6,Hanzi,ae3d6e752942,graisse,zhīfáng,脂肪,,,,,
HSK6,Hanzi,df88f110517f,la raison pour laquelle,zhīsuǒyǐ,之所以,,,,,
HSK6,Hanzi,510a6edcd4a3,être de garde,zhíbān,值班,,,,,
HSK6,Hanzi,69bdf99b151d,après,zhíwèi,职位,,,,,
HSK6,Hanzi,fc7ddd0377b5,"fonction, poste",zhíwù,职务,,,,,
HSK6,Hanzi,4543de0c1e2d,employé de bureau,zhíyuán,职员,,,,,
HSK6,Hanzi,5438f890faf2,responsabilité,zhízé,职责,,,,,
HSK6,Hanzi,62b3c6ebbf51,neveu (fils du frère),zhízi,侄子,,,,,
HSK6,Hanzi,13e2fffa07fb,n'avoir d'autre choix que,zhǐdé,只得,,,,,
HSK6,Hanzi,4458d52fbd5d,désigner,zhǐdìng,指定,,,,,
HSK6,Hanzi,d4d132f52e13,ne se soucier que de,zhǐgù,只顾,,,,,
HSK6,Hanzi,f24d08815d97,"commander, commandement",zhǐhuī,指挥,,,,,
HSK6,Hanzi,f0b6611c1bb6,instruction,zhǐshì,指示,,,,,
HSK6,Hanzi,63a44eed8613,"accuser, critiquer",zhǐzé,指责,,,,,
HSK6,Hanzi,568f1bd8da0d,fabriquer,zhì,制,,,,,
HSK6,Hanzi,c9d1a1dcf784,"crucial, d'une importance capitale",zhìguānzhòngyào,至关重要,,,,,
HSK6,Hanzi,6e4787b93cd5,intelligence,zhìlì,智力,,,,,
HSK6,Hanzi,09d9ffeeb91e,"gouverner, gérer",zhìlǐ,治理,,,,,
HSK6,Hanzi,c88a59df5ecc,produit,zhìpǐn,制品,,,,,
HSK6,Hanzi,ecab991d8250,ordre,zhìxù,秩序,,,,,
HSK6,Hanzi,74d8cb06ac99,mettre en doute,zhìyí,质疑,,,,,
HSK6,Hanzi,0ae4d4a096aa,"aller jusqu'à, quant à",zhìyú,至于,,,,,
HSK6,Hanzi,87afa8a88206,moyen,zhōngděng,中等,,,,,
HSK6,Hanzi,a2721eb9777b,"point final, arrivée",zhōngdiǎn,终点,,,,,
HSK6,Hanzi,df2a3d218350,interrompre,zhōngduàn,中断,,,,,
HSK6,Hanzi,48fad0bda61d,toute la vie,zhōngshēn,终身,,,,,
HSK6,Hanzi,38584c36fde5,heure (durée),zhōngtóu,钟头,,,,,
HSK6,Hanzi,f65655fda817,milieu du mois,zhōngxún,中旬,,,,,
HSK6,Hanzi,23b15a9de140,centre,zhōngyāng,中央,,,,,
HSK6,Hanzi,0dc5c9823dd4,enfler,zhǒng,肿,,,,,
HSK6,Hanzi,21662a7bb0e7,cultiver la terre,zhòngdì,种地,,,,,
HSK6,Hanzi,48194bb073b2,être empoisonné,zhòngdú,中毒,,,,,
HSK6,Hanzi,83158c3148d2,gagner (à une loterie),zhòngjiǎng,中奖,,,,,
HSK6,Hanzi,4e826bab9526,tout le monde,zhòngrén,众人,,,,,
HSK6,Hanzi,477f78fe0114,"insolation, avoir une insolation",zhòngshǔ,中暑,,,,,
HSK6,Hanzi,4d0b1eaf1f7b,comme chacun sait,zhòngsuǒzhōuzhī,众所周知,,,,,
HSK6,Hanzi,29fb8d4804be,centre de gravité,zhòngxīn,重心,,,,,
HSK6,Hanzi,e53fb443219e,"préfecture, État",zhōu,州,,,,,
HSK6,Hanzi,7d6e7f016ad8,bouillie de riz,zhōu,粥,,,,,
HSK6,Hanzi,eb79bb9eb689,alentours,zhōubiān,周边,,,,,
HSK6,Hanzi,9faff447a974,"prévenant, attentionné",zhōudào,周到,,,,,
HSK6,Hanzi,8dbe96aa2f42,faire du vélo,zhōuqī,周期,,,,,
HSK6,Hanzi,d8ec2e16aa30,classificateur de plantes,zhū,株,,,,,
HSK6,Hanzi,fa6d1edc6f33,bijoux,zhūbǎo,珠宝,,,,,
HSK6,Hanzi,c7dffd3829a3,de nombreux,zhūduō,诸多,,,,,
HSK6,Hanzi,e42a1587abb5,organiser (un événement),zhǔbàn,主办,,,,,
HSK6,Hanzi,fdbf766ab6f0,"présenter en direct, streamer",zhǔbō,主播,,,,,
HSK6,Hanzi,2ea2b6b3b3c4,"diriger, rôle dominant",zhǔdǎo,主导,,,,,
HSK6,Hanzi,f34fd808f492,"être responsable de, superviseur",zhǔguǎn,主管,,,,,
HSK6,Hanzi,6cb9dfe1dcf6,protagonistes,zhǔjué,主角,,,,,
HSK6,Hanzi,2de9138daeea,courant dominant,zhǔliú,主流,,,,,
HSK6,Hanzi,32730b706cac,"jouer le rôle principal, acteur principal",zhǔyǎn,主演,,,,,
HSK6,Hanzi,3116ed1aeb5c,"préconiser, point de vue",zhǔzhāng,主张,,,,,
HSK6,Hanzi,0f7de1646e87,"bénir, souhaiter du bonheur",zhùfú,祝福,,,,,
HSK6,Hanzi,aa8596c78407,assistant,zhùlǐ,助理,,,,,
HSK6,Hanzi,ec60ab4de2cf,assistant,zhùshǒu,助手,,,,,
HSK6,Hanzi,eabe9e1969e7,souhaiter,zhùyuàn,祝愿,,,,,
HSK6,Hanzi,c49e8315e908,résidence,zhùzhái,住宅,,,,,
HSK6,Hanzi,334acaa072cc,œuvre écrite,zhùzuò,著作,,,,,
HSK6,Hanzi,10d166144c28,brique,zhuān,砖,,,,,
HSK6,Hanzi,e2eaa8a20097,spécialité (études),zhuānkē,专科,,,,,
HSK6,Hanzi,01d25f486fb8,brevet,zhuānlì,专利,,,,,
HSK6,Hanzi,6bb7427ecd1a,sujet spécial,zhuāntí,专题,,,,,
HSK6,Hanzi,0582c06bfc10,réservé à un usage spécifique,zhuānyòng,专用,,,,,
HSK6,Hanzi,494907440e10,concentré,zhuānzhù,专注,,,,,
HSK6,Hanzi,4ff2f084beae,convertir,zhuǎnhuàn,转换,,,,,
HSK6,Hanzi,84d2ff8922ed,transmettre,zhuǎnjiāo,转交,,,,,
HSK6,Hanzi,a5f8b361956b,"céder, transférer",zhuǎnràng,转让,,,,,
HSK6,Hanzi,d766f1d605b2,se retourner,zhuǎnshēn,转身,,,,,
HSK6,Hanzi,d3c6ff190b31,transférer,zhuǎnyí,转移,,,,,
HSK6,Hanzi,815de302d5a6,faire tourner,zhuàndòng,转动,,,,,
HSK6,Hanzi,6fdd99612c71,"équiper, équipement",zhuāngbèi,装备,,,,,
HSK6,Hanzi,5b02caaf7be7,"récolte, culture",zhuāngjia,庄稼,,,,,
HSK6,Hanzi,61006fd7d440,"enquêter sur, imputer",zhuījiū,追究,,,,,
HSK6,Hanzi,53943f2666b7,attraper,zhuō,捉,,,,,
HSK6,Hanzi,3d187a2e5247,capital,zīběn,资本,,,,,
HSK6,Hanzi,a281583f10e6,"actif, patrimoine",zīchǎn,资产,,,,,
HSK6,Hanzi,a0d0606bc52d,fer,zìháo,自豪,,,,,
HSK6,Hanzi,6554f28d90e1,eau du robinet,zìláishuǐ,自来水,,,,,
HSK6,Hanzi,b2fb98728235,autodiscipline,zìlǜ,自律,,,,,
HSK6,Hanzi,4ffef1a14c00,sous-titres,zìmù,字幕,,,,,
HSK6,Hanzi,5da7676482ec,se suicider,zìshā,自杀,,,,,
HSK6,Hanzi,d3a9f4eae24a,soi-même,zìwǒ,自我,,,,,
HSK6,Hanzi,7474f044906d,parler tout seul,zìyán-zìyǔ,自言自语,,,,,
HSK6,Hanzi,357861fb3e01,volontaire,zìyuàn,自愿,,,,,
HSK6,Hanzi,d734c06ea2fd,libre-service,zìzhù,自助,,,,,
HSK6,Hanzi,2ce824571fb9,marron,zōngsè,棕色,,,,,
HSK6,Hanzi,28185b7df23d,PDG,zǒngcái,总裁,,,,,
HSK6,Hanzi,b6e4703cb240,totaliser,zǒngjì,总计,,,,,
HSK6,Hanzi,432f997ad0a3,premier ministre,zǒnglǐ,总理,,,,,
HSK6,Hanzi,919a798fce6b,enfin,zǒngsuàn,总算,,,,,
HSK6,Hanzi,365f0d9e257c,zongzi (riz gluant enveloppé),zòngzi,粽子,,,,,
HSK6,Hanzi,1e175276e742,couloir,zǒuláng,走廊,,,,,
HSK6,Hanzi,6f745b0df938,"pied, suffisamment",zú,足,,,,,
HSK6,Hanzi,21864e047f69,suffisant pour,zúyǐ,足以,,,,,
HSK6,Hanzi,c6ce931a6550,"entraver, obstacle",zǔ'ài,阻碍,,,,,
HSK6,Hanzi,2de4c0bef00c,bloquer,zǔdǎng,阻挡,,,,,
HSK6,Hanzi,cf4a55a64ec3,patrie,zǔguó,祖国,,,,,
HSK6,Hanzi,e8ace028736c,ancêtres,zǔxiān,祖先,,,,,
HSK6,Hanzi,339489392cdc,"forer, se faufiler",zuān,钻,,,,,
HSK6,Hanzi,f88b91c334e5,crime,zuì,罪,,,,,
