deck_level,deck_type,entry_id,french_word,pinyin,hanzi,chinese_sentence,pinyin_sentence,french_sentence,translation_word,translation_sentence
HSK5,Francais,0310c1521faf,"hé, oh",āi,哎,我丢了手机，哎，真麻烦,"Wǒ diū le shǒujī, āi, zhēn máfan","J'ai perdu mon téléphone, oh, quel ennui",,
HSK5,Francais,a2c46388462e,"oh mon Dieu, ah",āiyā,哎呀,我刚刚看到一只大蜘蛛，哎呀！,"Wǒ gānggāng kàndào yī zhī dà zhīzhū, āiyā !","J'ai juste vu une grosse araignée, oh mon Dieu !",,
HSK5,Francais,bbd7a0ce8572,"hélas, oh",ài,唉,我考试失败了，唉,"Wǒ kǎoshì shībài le, ài","J'ai échoué à l'examen, hélas",,
HSK5,Francais,e50fd95e81ab,"chérir, prendre bien soin de",àihù,爱护,我们应该爱护环境,Wǒmen yīnggāi àihù huánjìng,Nous devons chérir l'environnement,,
HSK5,Francais,188d05fc375f,"paisible, calme, apaiser, réconforter",ān,安,我喜欢安静的环境,Wǒ xǐ huān ān jìng de huán jìng,J'aime les environnements calmes,,
HSK5,Francais,2e357e5b926b,ceinture de sécurité,ānquándài,安全带,我系上了安全带,Wǒ jī shàng le ānquándài,J'ai bouclé ma ceinture de sécurité.,,
HSK5,Francais,0395f1acb975,"réconforter, consoler, réconforter",ānwèi,安慰,她试图安慰哭泣的孩子,Tā shìyì ān wèi kūqì de háizi,Elle essaie de réconforter l'enfant qui pleure,,
HSK5,Francais,918dd033b5e8,"installer, mettre en place",ānzhuāng,安装,我需要安装新的软件,Wǒ xūyào ānzhùāng xīn de ruǎnjiàn,J'ai besoin d'installer un nouveau logiciel,,
HSK5,Francais,15b115571c9d,sombre,àn,暗,黑暗的房间里没有光,Hēi àn de fángjiān lǐ méi yǒu guāng,La chambre sombre n'a pas de lumière,,
HSK5,Francais,c37c3d6ad859,veiller tard,áoyè,熬夜,我总是熬夜看电视,Wǒ zǒng shì áo yè kàn diàn shì,Je regarde toujours la télévision jusqu'à tard dans la nuit,,
HSK5,Francais,e6e0c8d80abe,"saisir, détenir, certitude",bǎwò,把握,我们要把握好这个难得的机会,Wǒmen yào bǎwò hǎo zhè ge nán dé de jī huì,Nous devons saisir cette occasion rare,,
HSK5,Francais,97bbda6de222,"blanc, en vain, pour rien",bái,白,我白忙了一场,Wǒ bái máng le yī chǎng,J'ai travaillé pour rien,,
HSK5,Francais,e5eb4acd26a4,"minuit, milieu de la nuit",bànyè,半夜,我通常在半夜看书,Wǒ tōngcháng zài bànyè kàn shū,Je lis généralement des livres à minuit,,
HSK5,Francais,a1c0a7d40b95,"soir, crépuscule",bàngwǎn,傍晚,我喜欢傍晚散步,Wǒ xǐ huān bàng wǎn sàn bù,J'aime faire une promenade le soir.,,
HSK5,Francais,bd5c22ef6bdd,"emballer, colis, emballer",bāoguǒ,包裹,我要寄一个包裹,Wǒ yào jì yī gè bāoguǒ,Je veux envoyer un colis.,,
HSK5,Francais,05bac5b869cf,contenir,bāohán,包含,这个项目包含多个阶段,Gè zhèng mǒu xiàng bāohán duō gè jiē duàn,Ce projet contient plusieurs phases,,
HSK5,Francais,c251b550bd45,inclure,bāokuò,包括,这个城市包括很多公园和博物馆,Gè zhè chéngshì bāokuò hěn duō gōngyuán hé bówùguǎn,Cette ville inclut de nombreux parcs et musées,,
HSK5,Francais,48e672ec5557,"emballer, emballer, emballer",bāozhuāng,包装,这个产品的包装很漂亮,Gè zhè shāng pǐn de bāozhuāng hěn piàoliang,L'emballage de ce produit est très beau,,
HSK5,Francais,95f0f162ea7c,mince,báo,薄,这块玻璃很薄,Zhè kuài bō lí hěn báo,Cette feuille de verre est très mince,,
HSK5,Francais,b1d753d2a20b,"trésor, précieux",bǎo,宝,这件东西是我的宝,Zhè jiàn dōngxi shì wǒ de bǎo,Cet objet est mon trésor,,
HSK5,Francais,7616bef72058,"protéger, sauvegarder, gardien",bǎo,保,我会保护环境,Wǒ huì bǎohù huánjìng,Je vais protéger l'environnement,,
HSK5,Francais,d4ba052f2bbd,"pour assurer la sécurité, agent de sécurité",bǎo’ān,保安,,,,,
HSK5,Francais,3476adc54d0e,"trésor, bébé",bǎobèi,宝贝,我的宝贝很可爱,Wǒ de bǎobèi hěn kě ài,Mon trésor est très mignon,,
HSK5,Francais,cadd4187e30d,"garder, maintenir",bǎochí,保持,我会保持秘密,Wǒ huì bǎochí mìmì,Je vais garder le secret,,
HSK5,Francais,e4c8ac4796b6,"préserver, sauver",bǎocún,保存,我们需要保存环境,Wǒmen xūyào bǎocún huánjìng,Nous devons préserver l'environnement,,
HSK5,Francais,8ed50833c843,"précieux, précieux",bǎoguì,宝贵,时间是宝贵的,Shíguò shì bǎoguì de,Le temps est précieux,,
HSK5,Francais,008c983c1fd4,"retenir, garder",bǎoliú,保留,为了保持健康，应该保留晨跑的习惯,"Wèi le bǎo qiú jiàn kāng, yīng gāi bǎoliú chén pǎo de xí guàn","Pour rester en bonne santé, il faut garder l'habitude de courir le matin",,
HSK5,Francais,90ec22af95f8,"assurance, sûr, sécurisé",bǎoxiǎn,保险,我的汽车有保险,Wǒ de qìchē yǒu bǎoxiǎn,Ma voiture est assurée,,
HSK5,Francais,7576a14f1495,"durée de conservation, date de péremption",bǎozhìqī,保质期,这包饼干的保质期是明年,Zhè bāo bǐnggān de bǎozhìqī shì míngnián,La date de péremption de ce paquet de biscuits est l'année prochaine,,
HSK5,Francais,843619cc535c,"se présenter au travail, s'enregistrer",bàodào,报到,我已经报到工作了,Wǒ yǐjīng bàodào gōngzuò le,J'ai déjà pris mon service au travail.,,
HSK5,Francais,270effe9f280,"rapporter des nouvelles, reportage",bàodào,报道,新闻报道说昨天发生了一起大火,Xīnwén bàodào shuō zuótiān fāshēng le yīqǐ dàhuǒ,Le reportage d'actualité dit qu'il y a eu un grand incendie hier.,,
HSK5,Francais,1455271b3b1a,"signaler, signaler",bàogào,报告,公司需要员工提交每月的工作报告,Gōngsī xūyào yuángōng tíjiāo měi yuè de gōngzuò bàogào,L'entreprise nécessite que les employés soumettent un rapport de travail mensuel.,,
HSK5,Francais,e177b5e615ad,se présenter à la police,bàojǐng,报警,我去警察局报警,Wǒ qù jǐngchájú bàojǐng,Je vais au poste de police pour me présenter.,,
HSK5,Francais,7a46618874a2,"pluie torrentielle, averse",bàoyǔ,暴雨,昨天下了暴雨,Zuótiān xià le bàoyǔ,"Hier, il y a eu une pluie torrentielle.",,
HSK5,Francais,c9bfd4db3b75,se plaindre,bàoyuàn,抱怨,她总是抱怨工作太辛苦,Tā zǒng shì bàoyuàn gōngzuò tài xīnkuì,Elle se plaint toujours que son travail est trop fatigant,,
HSK5,Francais,ddd93be805cb,"derrière, à l'arrière",bèihòu,背后,我站在门的背后,Wǒ zhàn zài mén de bèihòu,Je me tiens derrière la porte,,
HSK5,Francais,da9d54cf5bdd,arrière-plan,bèijǐng,背景,这部电影的背景设定在上海,Zhè bù diànyǐng de bèijǐng shèdìng zài Shànghǎi,L'arrière-plan de ce film se situe à Shanghai,,
HSK5,Francais,c093f39f15ed,"couverture, couette",bèizi,被子,我在沙发上裹着被子,Wǒ zài shāfā shàng guǒzhe bèizi,"Je suis assis sur le canapé, enveloppé dans une couverture",,
HSK5,Francais,5a40043829b1,zone locale,běndì,本地,本地菜馆很受欢迎,Běndì càiguǎn hěn shòu huānyíng,Le restaurant local est très populaire,,
HSK5,Francais,3fc411a3c76e,"compétence, capacité",běnlǐng,本领,我学习很努力，想提高本领,"Wǒ xuéxí hěn nǔlì, xiǎng tí gāo běnlǐng",J'étudie très dur pour améliorer mes compétences,,
HSK5,Francais,818f13c6524f,"soi-même, je",běnrén,本人,我本人会参加会议,Wǒ běnrén huì cānjiā huìyì,Je vais assister à la réunion moi-même,,
HSK5,Francais,15d3808eb332,"essence, nature",běnzhì,本质,这个问题揭示了事情的本质,Zhè ge wèn tí jiē shì le shì qíng de běnzhì,Ce problème révèle l'essence des choses,,
HSK5,Francais,6c2e586a9561,"les uns les autres, les uns les autres",bǐcǐ,彼此,我们彼此帮助,Wǒmen bǐcǐ bāngzhù,Nous nous aidons les uns les autres,,
HSK5,Francais,bccd946342b9,score,bǐfēn,比分,足球比赛的比分是3比2,Zúqiú bǐsài de bǐfēn shì 3 bǐ 2,Le score du match de football est de 3 à 2,,
HSK5,Francais,86339cfb5ea1,"proportion, rapport",bǐlì,比例,这个新政策的比例是50%,Zhè ge xīn zhèng cè de bǐlì shì 50%,Ce nouvelle politique a un rapport de 50%,,
HSK5,Francais,007fa46be6a1,"comparer, métaphore, analogie",bǐyù,比喻,这句话是比喻,Zhè jù huà shì bǐyù,Cette phrase est une comparaison,,
HSK5,Francais,3a62d464aaad,"certainement, nécessairement",bì,必,我必须去上班,Wǒ bìxū qù shàngbān,Je dois aller travailler,,
HSK5,Francais,a9ec1a9ce52b,"après tout, après tout",bìjìng,毕竟,他没有通过考试，毕竟他没有认真学习,"Tā méiyǒu tōngguò kǎoshì, bìjìng tā méiyǒu rènzhen xuéxí","Il n'a pas réussi l'examen, après tout, il n'a pas étudié sérieusement",,
HSK5,Francais,cc631cad58c1,éviter,bìmiǎn,避免,为了避免麻烦，我们应该注意安全,"Wèi le bìmiǎn máfan, wǒmen yīnggāi zhùyì ānquán","Pour éviter les ennuis, nous devons faire attention à la sécurité",,
HSK5,Francais,826459845e48,cérémonie de clôture,bìmùshì,闭幕式,奥运会的闭幕式非常精彩,Ào yùn huì de bìmùshì fēi cháng jīng cǎi,La cérémonie de clôture des Jeux Olympiques était très impressionnante.,,
HSK5,Francais,948380b2265f,"inévitable, inévitable",bìrán,必然,战争的结局是必然的,Zhànzhēng de jiéjú shì bìrán de,La fin de la guerre est inévitable,,
HSK5,Francais,cf35fc386250,"doit avoir, essentiel",bìxū,必需,每个学生都必须有一支必需的钢笔,Měi gè xuéshēng dū bìxū yǒu yī zhī bìxū de gāngbǐ,Chaque élève doit avoir un stylo essentiel,,
HSK5,Francais,be616ebe4cb2,nécessaire,bìyào,必要,我认为学习中文是必要的,Wǒ rènwéi xuéxí zhōngwén shì bìyào de,Je pense que apprendre le chinois est nécessaire,,
HSK5,Francais,a4586e0ea03c,"alors, dans ce cas",biàn,便,我觉得去便利店买东西很便,Wǒ juéde qù biànlì diàn mǎi dōngxi hěn biàn,Je trouve que aller au supermarché pour acheter des choses est pratique,,
HSK5,Francais,4f38a568a26c,"changer, fluctuer",biàndòng,变动,今天的股市会有所变动,Jīn tiān de gǔ shì huì yǒu suǒ biàndòng,Le marché boursier changera aujourd'hui,,
HSK5,Francais,d7465ce1e21c,"pratique, pour faciliter",biànlì,便利,,,,,
HSK5,Francais,37f230676228,dépanneur,biànlìdiàn,便利店,我经常去便利店买东西,Wǒ jīngcháng qù biànlìdiàn mǎi dōngxi,Je vais souvent au dépanneur pour acheter des choses,,
HSK5,Francais,f9a3b54772ba,"titre, en-tête",biāotí,标题,这个文章的标题非常吸引人,Gēi zhè wén zhāng de biāotí hěn xīyǐn rén,Le titre de cet article est très attractif,,
HSK5,Francais,c8a33d5781cc,"symbole, signe, marquer",biāozhì,标志,这家公司的标志是红色的,Zhè jiā gōngsī de biāozhì shì hóngsè,Le symbole de cette entreprise est rouge,,
HSK5,Francais,6ce8e7919441,exprimer,biǎodá,表达,通过音乐我可以表达自己的情感,Tòng guò yīn lè wǒ kě yǐ biǎodá zì jǐ de qíng gǎn,"À travers la musique, je peux exprimer mes émotions",,
HSK5,Francais,047ef9c0d9e1,surface,biǎomiàn,表面,桌子的表面很干净,Zuō zǐ de biǎomiàn hěn gān jìng,La surface de la table est très propre,,
HSK5,Francais,ff92f2bfb98e,"montrer, indiquer",biǎomíng,表明,实验结果表明这种药物是安全的,Shíyàn jiélǔ biǎomíng zhè zhǒng yàowù shì ānquán de,Les résultats de l'expérience montrent que ce médicament est sûr.,,
HSK5,Francais,8e2e1146f45e,expression,biǎoqíng,表情,她的表情很好看,Tā de biǎoqíng hěn hǎokàn,Son expression est très agréable,,
HSK5,Francais,e26fef3fa258,"gâteau, biscuit",bǐng,饼,我爱吃红豆饼,Wǒ ài chī hóng dòu bǐng,J'adore manger des gâteaux au haricot rouge.,,
HSK5,Francais,a3347518ccbb,"chambre de malade, salle",bìngfáng,病房,医院有很多病房,Yīyuàn yǒu hěn duō bìngfáng,L'hôpital a beaucoup de chambres de malade,,
HSK5,Francais,ffef676d23d5,état de maladie,bìngqíng,病情,医生正在核实患者的病情,Yīshēng zhèngzài héshí huànzhě de bìngqíng,Le médecin vérifie l'état de maladie du patient,,
HSK5,Francais,1808e55b7b56,composer,bōdǎ,拨打,如果你需要帮助，请拨打电话给客服人员,"Rúguǒ nǐ xūyào bāngzhù, qǐng bōdǎ diànhuà gěi kèfú rényuán","Si vous avez besoin d'aide, composez le numéro du service client.",,
HSK5,Francais,d1b13ee1ffbc,verre,bōli,玻璃,我的屋子里有一扇玻璃窗,Wǒ de wū zǐ lǐ yǒu yī fān bō lí chuang,Ma maison a une fenêtre en verre,,
HSK5,Francais,8290b7b5b6c3,musée,bówùguǎn,博物馆,我去博物馆看展览,Wǒ qù bówùguǎn kàn zhǎnlǎn,Je vais au musée pour voir l'exposition,,
HSK5,Francais,75f27d5517f9,défavorable,búlì,不利,这件事情对我们的计划是不利的,Zhè jiàn shì qìng duì wǒmen de jìhuà shì búlì de,Cette affaire est défavorable à nos plans,,
HSK5,Francais,a75315d468bb,"malheureux, malchanceux, malheur",búxìng,不幸,他经历了不幸,Tā jīnglì le búxìng,Il a vécu un malheur,,
HSK5,Francais,40d7d4ceeda0,"ce n'est pas sérieux, ce n'est pas grave",búyàojǐn,不要紧,别担心，你犯错了不要紧,"Bié dānxīn, nǐ fàn cuò le búyàojǐn","Ne t'inquiète pas, tu as fait une erreur, ce n'est pas grave.",,
HSK5,Francais,a468c7bfb57b,"compléter, reconstituer",bǔchōng,补充,,,,,
HSK5,Francais,371f20d34346,"terrible, sérieux",bùdéliǎo,不得了,今天的天气真的不得了,Jīntiān de tiānqì zhēn de bùdéliǎo,Le temps est vraiment terrible aujourd'hui,,
HSK5,Francais,8945c17a1a42,pas conforme à,bùfú,不符,公司的政策不符我的期望,Gōngsī de zhēngcè bùfú wǒ de qīwàng,La politique de l'entreprise ne correspond pas à mes attentes,,
HSK5,Francais,9a4722fc4f9a,"mauvais, nuisible",bùliáng,不良,他有不良的行为习惯,Tā yǒu bùliáng de xíngwé xíguàn,Il a de mauvaises habitudes de comportement,,
HSK5,Francais,75b43208ba1a,"sinon, (ou bien)",bùrán,不然,如果我不学习，不然就不会通过考试,"Rú guǒ wǒ bù xué xí, bùrán jiù bù huì tōng guò kǎo shì","Si je n'étudie pas, sinon je ne vais pas réussir l'examen",,
HSK5,Francais,af18cbab9f12,marcher,bùxíng,步行,我喜欢早晨步行,Wǒ xǐ huān zǎo chén bùxíng,J'aime marcher le matin.,,
HSK5,Francais,d90e5a9d76bd,"être insuffisant, manquer, insuffisance, pénurie",bùzú,不足,公司的资金不足,Gōngsī de zījīn bùzú,L'entreprise manque de fonds,,
HSK5,Francais,ee43d4ba3ad1,"juger, arbitrer, juger",cáipàn,裁判,法官将会对这场官司进行裁判,Fǎguān jiāng huì duì zhè chǎng guānsì jìnxíng cáipàn,Le juge va juger cette affaire,,
HSK5,Francais,c47b2bcedb63,interviewer,cǎifǎng,采访,记者正在采访总统,Jìzhě zhèngzài cǎifǎng zǒngtǒng,Le journaliste interviewe le président,,
HSK5,Francais,4143de359e63,"adopter, utiliser",cǎiqǔ,采取,我们决定采取新的销售策略,Wǒmen juédìng cǎiqǔ xīn de xiāo shòu cè lüè,Nous avons décidé d'adopter une nouvelle stratégie de vente,,
HSK5,Francais,c8fdf60ee921,couleur,cǎisè,彩色,这是一个彩色的画,Zhè shì yī gè cǎisè de huà,C'est une peinture colorée,,
HSK5,Francais,9a8899dd19d5,"adopter, utiliser",cǎiyòng,采用,我们采用新技术来提高生产效率,Wǒmen cǎiyòng xīn jìshù lái tígāo shēngchǎn xiàolǜ,Nous adoptons de nouvelles technologies pour améliorer l'efficacité de la production,,
HSK5,Francais,08533f604e6d,"consulter, se référer à",cānkǎo,参考,为了完成这个项目，我们需要参考相关的资料,"Wèi le wán chéng zhè ge xiàng mù, wǒmen xū yào cānkǎo xiāng guān de zī liào","Pour compléter ce projet, nous devons consulter les documents pertinents.",,
HSK5,Francais,35e37f9e3733,restauration,cānyǐn,餐饮,我喜欢在外面吃餐饮,Wǒ xǐ huān zài wài miàn chī cānyǐn,J'aime manger à l'extérieur au restaurant.,,
HSK5,Francais,aa149fa5cc0a,participer,cānyù,参与,我想参与这个项目,Wǒ xiǎng cānyù zhè ge xiàngmù,Je veux participer à ce projet,,
HSK5,Francais,c347ee8f5271,se cacher,cáng,藏,孩子把玩具藏在床底了,Háizi bǎ wánjù cáng zài chuáng dǐ le,L'enfant a caché son jouet sous le lit.,,
HSK5,Francais,001996484868,faire fonctionner,cāozuò,操作,电脑操作非常简单,Diànnǎo cāozuò fēicháng jiǎndān,L'opération de l'ordinateur est très simple,,
HSK5,Francais,1ba845741531,mesurer le mot pour les livres,cè,册,这是我的一册书,Zhè shì wǒ de yī cè shū,C'est un de mes livres,,
HSK5,Francais,42c091aaeb99,mesurer,cè,测,为了科学研究，我们需要测量海洋的温度,"Wèi le kēxué yánjiū, wǒmen xūyào cè liáng hǎiyáng de wēndù","Pour la recherche scientifique, nous devons mesurer la température de l'océan",,
HSK5,Francais,66a2b67824fe,tester,cèshì,测试,这个软件需要测试一下,Gēi gè ruǎnjiàn xūyào cèshì yīxià,Ce logiciel a besoin d'être testé une fois.,,
HSK5,Francais,69b38cf2d2fb,"une fois, toujours",céng,曾,我曾去过中国,Wǒ céng qù guò Zhōngguó,Je suis allé en Chine une fois,,
HSK5,Francais,0c17e4f01b99,"une fois, toujours",céngjīng,曾经,我曾经去过中国,Wǒ céngjīng qù guò Zhōngguó,Je suis allé en Chine une fois.,,
HSK5,Francais,31ab96da0be8,insérer,chā,插,我会把钥匙插进锁里,Wǒ huì bǎ yàoshi chā jìn suǒ lǐ,Je vais insérer la clé dans la serrure,,
HSK5,Francais,1cf5be056812,différence,chābié,差别,他们对待朋友和对待家人的态度有很大差别,Tāmen duìdài péngyǒu hé duìdài jiārén de tàidu yǒu hěn dà chābié,Leur attitude envers les amis et envers les membres de la famille présente une grande différence,,
HSK5,Francais,47bfd2b85f55,"écart, disparité",chājù,差距,中产阶级与富人之间的差距越来越大,Zhōng chǎn jiēcī yǔ fùrén zhī jiān de chājù yuè lái yuè dà,L'écart entre la classe moyenne et les riches ne cesse de grandir,,
HSK5,Francais,e578df03ea4d,fourchette,chāzi,叉子,我喜欢用叉子吃饭,Wǒ xǐhuān yòng chāzi chī fàn,J'aime manger avec une fourchette.,,
HSK5,Francais,706b5d159d86,"démolir, démonter",chāi,拆,旧房子被拆了,Jiù fángzi bèi chāi le,La vieille maison a été démolie,,
HSK5,Francais,8ff22f68e305,produire,chǎn,产,中国是世界上最大的电子产品产国,Zhōngguó shì shìjiè shàng zuì dà de diànzǐ chǎnpǐn chǎn guó,La Chine est le plus grand producteur de produits électroniques au monde,,
HSK5,Francais,a8b572c53062,"production, production",chǎnliàng,产量,去年公司的产量明显增加,Qùnián gōngsī de chǎnliàng míngxiǎn zēngjiā,"L'année dernière, la production de l'entreprise a augmenté considérablement",,
HSK5,Francais,4ad99d00640e,produit,chǎnpǐn,产品,这件产品很好,Zhè jiàn chǎnpǐn hěn hǎo,Ce produit est très bien,,
HSK5,Francais,4c2ce34f67c7,industrie,chǎnyè,产业,中国的科技产业正在迅速发展,Zhōngguó de kējì chǎnyè zhèngzài xùnsù fāzhǎn,L'industrie technologique de la Chine se développe rapidement,,
HSK5,Francais,124d57427355,"force, point fort",chángchù,长处,她的长处是英语水平很高,Tā de chángchù shì yīngyǔ shuǐpíng hěn gāo,Son point fort est son niveau d'anglais très élevé,,
HSK5,Francais,5e8cc9941c66,longueur,chángdù,长度,这根绳子的长度是三米,Zhè gēn shéng zǐ de chángdù shì sān mǐ,La longueur de cette corde est de trois mètres,,
HSK5,Francais,c75fd7ae2457,longue durée,chángjiǔ,长久,他们的友谊将会长久,Tāmen de yǒuyì jiāng huì chángjiǔ,Leur amitié durera longtemps,,
HSK5,Francais,8d7133b60122,"à long terme, longue période",chángqī,长期,这个公司的成功是由于长期努力的结果,Gè zhè gōngsī de chénggōng shì yóu chángqī nǔlì de jiéguǒ,Le succès de cette entreprise est dû aux efforts à long terme.,,
HSK5,Francais,0a32385f1648,notoriété publique,chángshí,常识,这件事情是众所周知的常识,Zhè jiàn shìqing shì zhòng suǒ zhīdào de chángshí,Cette affaire est une notoriété publique.,,
HSK5,Francais,7ccba06599a1,"tenter, essayer",chángshì,尝试,我要尝试学习法语,Wǒ yào chángshì xuéxí fǎyǔ,Je veux essayer d'apprendre le français,,
HSK5,Francais,5872b15dd320,longue distance,chángtú,长途,我经常长途跋涉去看望我的爷爷,Wǒ jīngcháng chángtú bá xíng qù kànwàng wǒ de yéye,Je vais souvent en longue distance pour rendre visite à mon grand-père,,
HSK5,Francais,841e89a13953,"à long terme, de grande envergure",chángyuǎn,长远,我们要制定一个长远的发展计划。,Wǒmen yào zhìdìng yī ge chángyuǎn de fāzhǎn jìhuà,Nous allons élaborer un plan de développement à long terme.,,
HSK5,Francais,f43d198083c6,"lieu, lieu",chǎngsuǒ,场所,会议将在会议中心的场所举行,Huìyì jiāng zài huìyì zhōngxīn de chǎngsuǒ jǔxíng,La réunion aura lieu dans les lieux du centre de conférence,,
HSK5,Francais,9935f4dbdbff,"dépasser, dépasser",chāo,超,他超越了对手,Tā chāoyuè le duìshǒu,Il a dépassé son adversaire,,
HSK5,Francais,b31f0514a769,"dépasser, dépasser",chāochū,超出,公司的利润超出预期,Gōngsī de lìrùn chāochū yùqī,Le profit de l'entreprise dépasse les attentes.,,
HSK5,Francais,e2708bbf84dc,"super, ultra",chāojí,超级,这个电脑是超级快,Zhè ge diànnǎo shì chāojí kuài,Cet ordinateur est super rapide,,
HSK5,Francais,ea1b17a4fd40,"accélérer, dépasser la limite de vitesse",chāosù,超速,警方严厉打击超速驾驶,Jǐngfāng yánlì dǎjī chāosù jiàshǐ,La police réprime sévèrement la conduite à grande vitesse,,
HSK5,Francais,17c04c13d882,"faire face, vers",cháo,朝,面朝大海，春暖花开,"Miàn cháo dà hǎi, chūn nuǎn huā kāi","Le visage tourné vers la mer, les fleurs s'épanouissent au printemps",,
HSK5,Francais,c7692cc7fcf7,"bruyant, se disputer",chǎo,吵,他们之间的吵架持续了好几天,Tāmen zhījiān de chǎo jià chíxù le hǎo jǐ tiān,Leur dispute a duré plusieurs jours,,
HSK5,Francais,3caee39e0a2a,faire sauter,chǎo,炒,我喜欢吃炒菜,Wǒ xǐ huān chī chǎo cài,J'aime manger des légumes sautés.,,
HSK5,Francais,000c8fb31499,accident de voiture,chēhuò,车祸,昨天我遇到了一个车祸,Zuótiān wǒ yùdào le yī gè chēhuò,"Hier, j'ai eu un accident de voiture",,
HSK5,Francais,1b78f46fd5b9,garage,chēkù,车库,我家后面有一个车库,Wǒ jiā hòu mian yǒu yī gè chēkù,Il y a un garage derrière ma maison,,
HSK5,Francais,fd11b1ac779e,véhicule,chēliàng,车辆,我想买一辆车辆,Wǒ xiǎng mǎi yī liàng chēliàng,Je veux acheter un véhicule,,
HSK5,Francais,61e225f253e6,"chariot, compartiment",chēxiāng,车厢,火车上有很多个车厢,Huǒchē shàng yǒu hěn duō gè chēxiāng,Le train a de nombreux chariots.,,
HSK5,Francais,32c6e48919fb,propriétaire du véhicule,chēzhǔ,车主,昨天，我遇见了一位友好的车主,"Zuótiān, wǒ yùjiàn le yī wèi yǒuqì de chēzhǔ","Hier, j'ai rencontré un propriétaire de véhicule sympathique",,
HSK5,Francais,f5f611c469c6,"minutieux, complet",chèdǐ,彻底,他们对待工作很彻底,Tāmen duìdàigōngzuò hěn chèdǐ,Ils traitent leur travail de manière très minutieuse.,,
HSK5,Francais,8969725f52fd,"couler, profondément, lourd",chén,沉,大海波浪很沉,Dà hǎi bō làng hěn chén,Les vagues de la grande mer sont très profondes,,
HSK5,Francais,4b9b7a147d4b,se taire,chénmò,沉默,大家都在沉默中看着我,Dàjiā dōu zài chénmò zhòng kànzhe wǒ,Tout le monde me regarde en silence,,
HSK5,Francais,61978c709272,"appeler, s'adresser",chēng,称1,大家都称我为大哥,Dàjiā dōu chēng wǒ wèi dàgē,Tout le monde m'appelle Grand Frère,,
HSK5,Francais,19da1743bf36,peser,chēng,称2,那个人去称重,Nà ge rén qù chēng zhòng,Cette personne va se peser,,
HSK5,Francais,661a675e7448,"être appelé, être connu comme",chēngwéi,称为,这个城市称为巴黎,Gè chēngshì chēngwéi bā lí,Cette ville est connue comme Paris,,
HSK5,Francais,bdd513af45ab,"louer, féliciter",chēngzàn,称赞,我的朋友获得了称赞,Wǒ de péng yǒu huò dé le chēngzàn,Mon ami a reçu des félicitations.,,
HSK5,Francais,29da0c98bd61,coût,chéngběn,成本,这件商品的成本很高,Zhè jiàn shāng pǐn de chéngběn hěn gāo,Le coût de cet article est très élevé,,
HSK5,Francais,af6a2158f82a,"supporter, entreprendre",chéngdān,承担,公司将承担项目的全部费用,Gōngsī jiāng chéngdān xiàngmù de quánbù fèiyòng,L'entreprise supporterait tous les frais du projet,,
HSK5,Francais,759de0738bcd,"diplôme, niveau",chéngdù,程度,他的英語程度很高,Tā de yīngyǔ chéngdù hěn gāo,Son niveau d'anglais est très élevé,,
HSK5,Francais,33a581d4beaa,"entrer, composer",chéngfèn,成分,这个产品的主要成分是小麦粉,Gēi zhè ge chǎnpǐn de zhǔyào chéngfèn shì xiǎo mài fěn,Le principal ingrédient de ce produit est la farine de blé,,
HSK5,Francais,525c452e4bc1,"réussite, résultat",chéngguǒ,成果,经过一年的努力，我们终于获得了丰硕的成果,"Jīngguò yī nián de nǔlì, wǒmen zhōngyú huòdé le fēngshú de chéngguǒ","Après un an d'efforts, nous avons finalement obtenu des résultats fructueux.",,
HSK5,Francais,9fb3fc6ce35a,"accomplissement, réalisation, atteindre",chéngjiù,成就,他的成就让我非常佩服,Tā de chéngjiù ràng wǒ fēicháng pèifǔ,Ses réalisations m'impressionnent énormément,,
HSK5,Francais,925a292bf416,"établir, mettre en place",chénglì,成立,公司已经正式成立,Gōngsī yǐjīng zhèngshì chénglì,L'entreprise a officiellement été établie,,
HSK5,Francais,7af37726d5db,devenir adulte,chéngnián,成年,我已经成年了,Wǒ yǐjīng chéngnián le,Je suis déjà devenu adulte,,
HSK5,Francais,7e3293e022dd,zone urbaine,chéngqū,城区,现在我住在城市的城区,Xiàn zài wǒ zhù zài chéng shì de chéngqū,"Maintenant, j'habite dans la zone urbaine de la ville",,
HSK5,Francais,aad63b60b557,"devenir adulte, adulte",chéngrén,成人,我已经成人了,Wǒ yǐjīng chéngrén le,Je suis déjà devenu adulte.,,
HSK5,Francais,d4d38da78442,"admettre, reconnaître",chéngrèn,承认,我承认自己的错误,Wǒ chéngrèn zìjǐ de cuòwù,J'admets mes erreurs,,
HSK5,Francais,34e51b037528,"supporter, endurer",chéngshòu,承受,她不能承受这样的打击,Tā bù néng chéngshòu zhè yàng de dǎjī,Elle ne peut pas supporter un tel choc,,
HSK5,Francais,13b073bd8f5d,"mûrir, mûrir",chéngshú,成熟,苹果已经成熟了,Píngguǒ yǐjīng chéngshú le,La pomme est déjà mûre.,,
HSK5,Francais,f7b7c0c59b8f,"préposé, membre d'équipage",chéngwùyuán,乘务员,火车上的乘务员很friendly,Huǒchē shàng de chéngwùyuán hěn kěài,Le préposé du train est très amical,,
HSK5,Francais,61d314683ec0,"procédure, programme",chéngxù,程序,计算机中的程序非常复杂,Jì suàn jī zhòng de chéngxù fēi cháng fù zá,Le programme dans l'ordinateur est非常 complexe,,
HSK5,Francais,c1eff052ed89,membre,chéngyuán,成员,公司有很多成员,Gōngsī yǒu hěn duō chéngyuán,L'entreprise a beaucoup de membres,,
HSK5,Francais,fac23358f492,grandir,chéngzhǎng,成长,孩子在农村长大,Hái zì zài nóng cūn chéngzhǎng,L'enfant a grandi à la campagne,,
HSK5,Francais,8dbc3517c072,orange,chéngzi,橙子,我最喜欢吃的水果是橙子,Wǒ zuì xǐ huān chī de shuǐ guǒ shì chéng zi,Mon fruit préféré à manger est l'orange,,
HSK5,Francais,65ac75d73ffe,"piscine, étang",chí,池,我家后面有一个大池,Wǒ jiā hòu mian yǒu yī gè dà chí,Il y a une grande piscine derrière ma maison,,
HSK5,Francais,36c78452df84,"continuer, durer",chíxù,持续,我会持续学习法语,Wǒ huì chíxù xuéxí fǎyǔ,Je vais continuer à apprendre le français,,
HSK5,Francais,5b42284bbd38,règle,chǐzi,尺子,我在抽屉里找到了一把尺子,Wǒ zài chōu tì lǐ zhǎo dào le yī bǎ chǐzi,J'ai trouvé une règle dans le tiroir.,,
HSK5,Francais,dcb4bf7f3356,aile,chìbǎng,翅膀,蝴蝶有美丽的翅膀,Húdié yǒu měilì de chìbǎng,Les papillons ont de belles ailes,,
HSK5,Francais,3a79ae7b4439,"se précipiter, rincer, verser",chōng,冲,我要去河边冲洗衣服,Wǒ yào qù hé biān chōng xǐ yī fú,Je vais au bord de la rivière pour rincer les vêtements,,
HSK5,Francais,eb5fc2dc03e9,charger,chōngdiàn,充电,我的手机需要充电,Wǒ de shǒujī xūyào chōngdiàn,Mon téléphone a besoin d'être chargé,,
HSK5,Francais,87b9348cf310,"suffisant, amplement",chōngfèn,充分,时间充分，我们可以完成这个项目,"Shíguò chōngfèn, wǒmen kěyǐ wánchénghè gè xiàngmù","Avec suffisamment de temps, nous pouvons terminer ce projet",,
HSK5,Francais,a5fa1fdae3bb,"remplir, être plein de",chōngmǎn,充满,这座城市充满了活力,Zhè zuò chéngshì chōngmǎn le huólì,Cette ville est pleine de vie,,
HSK5,Francais,05148443a944,"recharger, recharger",chōngzhí,充值,我要去充值我的电话卡,Wǒ yào qù chōngzhí wǒ de diànhuà kǎ,Je vais recharger ma carte de téléphone,,
HSK5,Francais,fa80c976e29f,"suffisant, adéquat",chōngzú,充足,,,,,
HSK5,Francais,af6e01b4ee9d,répéter,chóngfù,重复,我不喜欢重复做同一件事情,Wǒ bù xǐ huān chóngfù zuò tóng yī jiàn shì qíng,Je n'aime pas répéter la même chose.,,
HSK5,Francais,77803d425a80,"insecte, punaise",chóngzi,虫子,家里有很多虫子,Jiā lǐ yǒu hěn duō chóngzi,Il y a beaucoup d'insectes à la maison,,
HSK5,Francais,efe9d5b98e20,animal de compagnie,chǒngwù,宠物,我有一只宠物猫,Wǒ yǒu yī zhī chǒngwù māo,J'ai un chat de compagnie,,
HSK5,Francais,854941df5d3c,"sortir, se retirer, fumer",chōu,抽,他喜欢抽烟,Tā xǐ huān chōu yān,Il aime fumer,,
HSK5,Francais,9f32d6f27ead,laid,chǒu,丑,她长得很丑,Tā zhǎng de hěn chǒu,Elle est très laide,,
HSK5,Francais,6826d54c464e,"puant, puant",chòu,臭,这条河很臭,Zhè tiáo hé hěn chòu,Cette rivière pue très fort,,
HSK5,Francais,ef69c5476daa,"début, tôt, pour la première fois, préfixe pour les premiers temps",chū,初,我是初学者,Wǒ shì chū xuézhě,Je suis un débutant,,
HSK5,Francais,d2374b167919,publier,chūbǎn,出版,这本书已经出版,Zhè běn shū yǐjīng chūbǎn,Ce livre est déjà publié,,
HSK5,Francais,22d3e857464a,"elementary, primary",chūjí,初级,我是初级学生,Wǒ shì chūjí xuésheng,Je suis un élève de niveau élémentaire,,
HSK5,Francais,dfa7a929eaff,première période,chūqī,初期,初期的成績很好,Chūqī de chéngjì hěn hǎo,Les résultats de la première période sont très bons,,
HSK5,Francais,cb2d323ed114,"exceptionnel, excellent",chūsè,出色,他的演讲出色,Tā de yǎnjiǎng chūsè,Son discours est excellent,,
HSK5,Francais,a3374e236ab1,vendre,chūshòu,出售,这个公司准备出售他们的产品,Gèi gōng sī zhǔn bèi chū shòu tā men de chǎn pǐn,Cette entreprise se prépare à vendre leurs produits,,
HSK5,Francais,a3471dd8f84a,assister,chūxí,出席,我将出席会议,Wǒ jiāng chūxí huìyì,Je vais assister à la réunion,,
HSK5,Francais,be47b01ffcaf,venir de,chūzì,出自,这个词出自古书,Gè zì cí chūzì gǔ shū,Ce mot vient d'un livre ancien,,
HSK5,Francais,2d797b7e9ab9,Réveillon du Nouvel An chinois,chúxī,除夕,每年除夕，我们都回家团圆,"Měi nián chúxī, wǒmen dōu huí jiā tuán yuán","Chaque année, le Réveillon du Nouvel An chinois, nous rentrons chez nous pour nous réunir en famille.",,
HSK5,Francais,459fcc911e88,"gérer, gérer",chǔ,处,公司负责人要好好处置这件事,Gōngsī fùzérén yào hǎohǎo chǔzhì zhè jiàn shì,Le responsable de l'entreprise doit gérer cette affaire correctement,,
HSK5,Francais,5d37f1dca9c8,"gérer, traiter",chǔlǐ,处理,公司会处理所有客户的投诉,Gōngsī huì chǔlǐ suǒyǒu kèhù de tóusǔ,L'entreprise gère toutes les réclamations des clients,,
HSK5,Francais,8f28a4383ee9,"être dans, être situé à",chǔyú,处于,上海市处于中国的东海岸,Shànghǎi shì chǔyú Zhōngguó de dōng hǎi'àn,La ville de Shanghai est située sur la côte est de la Chine,,
HSK5,Francais,70621f5631cd,"passer, se propager",chuán,传,信息通过互联网传播很快,Xìnxī tōngguò huànyíng wǎng chuánbò hěn kuài,Les informations se propagent très rapidement via Internet,,
HSK5,Francais,e05793d0154f,"se propager, se propager",chuánbō,传播,新冠病毒在全球范围内迅速传播,Xīn guān bìng dú zài quán qiú fàn wéi nèi xùn sù chuánbō,Le coronavirus se propage rapidement à l'échelle mondiale,,
HSK5,Francais,93705bee014f,"transmettre, transmettre",chuándì,传递,他们试图通过互联网传递重要信息,Tāmen shì tú tōng guò hù lián wǎng chuándì zhòng yào xìn xī,Ils tentent de transmettre des informations importantes via Internet,,
HSK5,Francais,263b3116a796,"on dit, légende, tradition",chuánshuō,传说,关于这个古老的村庄有一个传说,Guān yú zhè ge gǔ lǎo de cūn zhuāng yǒu yī gè chuánshuō,"À propos de ce village ancien, il y a une légende.",,
HSK5,Francais,88e36bb1a4d0,"tradition, traditionnel",chuántǒng,传统,我喜欢学习中国的传统文化,Wǒ xǐ huān xué xí zhōng guó de chuántǒng wén huà,J'aime apprendre la culture traditionnelle chinoise,,
HSK5,Francais,6158b038b798,rebord de fenêtre,chuāngtái,窗台,我的窗台上有一盆花,Wǒ de chuāngtái shàng yǒu yī pén huā,Il y a un pot de fleurs sur mon rebord de fenêtre,,
HSK5,Francais,8108554b70ac,draps,chuángdān,床单,我需要洗床单,Wǒ xūyào xǐ chuángdān,J'ai besoin de laver les draps,,
HSK5,Francais,54b963bfdc38,"innover, innovation",chuàngxīn,创新,公司致力于创新,Gōngsī zhìlì yú chuàngxīn,L'entreprise se consacre à l'innovation,,
HSK5,Francais,61c3735f2b2e,démarrer une entreprise,chuàngyè,创业,我想创业开一家小公司,Wǒ xiǎng chuàngyè kāi yī jiā xiǎo gōngsī,Je veux démarrer une entreprise et ouvrir une petite société.,,
HSK5,Francais,2183005de7be,créer,chuàngzào,创造,他们将创造一个新的世界,Tāmen jiāng chuàngzào yī gè xīn de shìjiè,Ils vont créer un nouveau monde,,
HSK5,Francais,b4953f4329d0,"créer, création",chuàngzuò,创作,这部电影中的角色是由著名导演进行创作,Zhè bù diànyǐng zhòng de jué sè shì yóu zhù míng dǎo yǎn jìn xíng chuàngzuò,Le personnage de ce film a été créé par un réalisateur célèbre,,
HSK5,Francais,023b7ed13be2,vocabulaire,cíhuì,词汇,我努力扩大我的词汇,Wǒ nǔlì kuòdà wǒ de cíhuì,J'essaie d'élargir mon vocabulaire,,
HSK5,Francais,4c56aef4afed,démissionner d'un emploi,cízhí,辞职,公司的老板因为经济问题决定辞职,Gōngsī de lǎobǎn yīnwèi jīngjì wèntí juédìng cízhí,Le patron de l'entreprise a décidé de démissionner en raison de problèmes économiques,,
HSK5,Francais,49fd4c7fd5b8,après ça,cǐhòu,此后,我以后会努力学习中文，此后我的成绩就会提高,"Wǒ yǐhòu huì nǔlì xuéxí zhōngwén, cǐhòu wǒ de chéngjì jiù huì tígāo","J'aurai besoin d'étudier le chinois consciencieusement après ça, et après cela, mes notes s'amélioreront.",,
HSK5,Francais,d92c545ba23e,avant ça,cǐqián,此前,此前我从没去过中国,Cǐqián wǒ cóng méi qù guò Zhōngguó,"Avant ça, je n'étais jamais allé en Chine",,
HSK5,Francais,102d55d3ce1a,en ce moment,cǐshí,此时,此时我正在学习中文,Cǐshí wǒ zhèngzài xuéxí zhōngwén,"En ce moment, je suis en train d'apprendre le chinois",,
HSK5,Francais,254a1154cf85,"stimuler, stimuler",cìjī,刺激,新产品的发布将对市场产生很大的刺激,Xīn chǎnpǐn de fābù jiāng duì shìchǎng chūshēng hěn dà de cìjī,Le lancement du nouveau produit stimulera grandement le marché,,
HSK5,Francais,8f91d9c1d935,jamais,cóngbù,从不,我从不吃早餐,Wǒ cóngbù chī zǎocān,Je ne mange jamais de petit-déjeuner,,
HSK5,Francais,dc9ee69c035e,"ainsi, ainsi",cóng’ér,从而,我学习了很多有关中国历史的知识，从而对这门学科产生了浓厚的兴趣,"Wǒ xuéxì le hěn duō guān yú zhōng guó lìshǐ de zhīshì, cóng'ér duì zhè mén xué kē chǎn shēng le nóng hòu de xìng qù","J'ai appris énormément de choses sur l'histoire de Chine, ce qui m'a donné un intérêt profond pour ce sujet.",,
HSK5,Francais,89f818b7cf5f,"autrefois, avant",cóngqián,从前,从前有一个好朋友,Cóngqián yǒu yī gè hǎo péngyǒu,"Autrefois, j'avais un bon ami",,
HSK5,Francais,5dffcfd9783a,"s'engager, poursuivre",cóngshì,从事,他从事编程工作已经五年了,Tā cóngshì biānchéng gōngzuò yǐjīng wǔ nián le,Il s'est engagé dans le travail de programmation depuis déjà cinq ans,,
HSK5,Francais,4d5ea69301c0,"promouvoir, faire progresser",cùjìn,促进,政府致力于促进经济发展,Zhèngfǔ zhìlì yú cùjìn jīngjì fāzhǎn,Le gouvernement s'efforce de promouvoir le développement économique,,
HSK5,Francais,49444e9a7e1b,"exhorter, inciter",cùshǐ,促使,老师的鼓励促使我更加努力学习,Lǎoshī de gǔlì cùshǐ wǒ gèngjiā nǔlì xuéxí,L'encouragement de l'enseignant m'a incité à étudier encore plus dur.,,
HSK5,Francais,df22e1edb508,promouvoir (les ventes),cùxiāo,促销,商店正在进行促销活动,Shāng diàn zhèng zài jìnxíng cùxiāo huódòng,Le magasin est en train de promouvoir les ventes.,,
HSK5,Francais,d3f24d4f3774,"exhorter, se dépêcher",cuī,催,今天要赶紧完成任务，不能催不得了,"Jīn tiān yào gǎn jǐn wán chéng rèn wu, bù néng cuī bù dé le","Aujourd'hui, il faut se dépêcher pour terminer la tâche, il n'y a pas d'autre choix que de se dépêcher.",,
HSK5,Francais,2c87fc89ef14,"déposer, stocker",cúnfàng,存放,请把文件存放在安全的地方,Qǐng bǎ wénjiàn cúnfàng zài ānquán de dìfāng,Veuillez déposer le fichier dans un endroit sûr.,,
HSK5,Francais,851b3352a20a,"déposer de l'argent, déposer",cúnkuǎn,存款,我要去银行存款,Wǒ yào qù yínháng cúnkuǎn,Je vais à la banque déposer de l'argent,,
HSK5,Francais,dc815ea11715,exister,cúnzài,存在,宇宙中存在神灵,Yǔzhòu zhōng cúnzài shénlìng,Il existe des divinités dans l'univers,,
HSK5,Francais,51efc32e287e,"mesure, étape",cuòshī,措施,为了解决这个问题，政府采取了许多措施,"Wèi le jiě jué zhè ge wèn tí, zhèng fǔ cǎi qǔ le xǔ duō cuòshī","Pour résoudre ce problème, le gouvernement a pris de nombreuses mesures",,
HSK5,Francais,e99b23249e97,"atteindre, accomplir",dáchéng,达成,他们经过努力终于达成协议,Tāmen jīngguò nǔlì zhōngyú dáchéng xiéyì,Ils ont finalement atteint un accord après leurs efforts.,,
HSK5,Francais,fd545c814cf6,"s'habiller, se déguiser",dǎban,打扮,我喜欢打扮自己,Wǒ xǐ huān dǎbàn zìjǐ,J'aime m'habiller.,,
HSK5,Francais,3187b61bb59f,"emballer, emporter",dǎbāo,打包,我需要打包一些东西带去旅行,Wǒ xūyào dǎbāo yīxiē dōngxi dàizhe qù lǔxíng,J'ai besoin d'emballer quelques affaires pour les emporter en voyage,,
HSK5,Francais,f273f0f542ea,interrompre,dǎduàn,打断,别打断我说话,Bié dǎduàn wǒ shuō huà,Ne m'interromps pas pendant que je parle,,
HSK5,Francais,90fccff96304,briser,dǎpò,打破,我要打破这个纪录,Wǒ yào dǎpò zhè ge jì lù,Je veux briser ce record,,
HSK5,Francais,0953bee7be41,poser des questions sur,dǎting,打听,我要去打听一下房子的价格,Wǒ yào qù dǎting yī xià fáng zǐ de jià gé,Je vais poser des questions sur le prix de la maison,,
HSK5,Francais,31285e4bb87b,"audacieux, audacieux",dàdǎn,大胆,她是一个大胆的女性,Tā shì yī gè dàdǎn de nǚxìng,Elle est une femme audacieuse,,
HSK5,Francais,5124eae225ce,surtout,dàduō,大多,大多数人喜欢吃中国菜,Dàduō shù rén xǐ huān chī zhōng guó cài,La majorité des gens aiment manger de la cuisine chinoise,,
HSK5,Francais,d22563fc9cae,"assemblée générale, conférence",dàhuì,大会,我们将参加公司的年度大会,Wǒmen jiāng cānjiā gōngsī de niándù dàhuì,Nous allons assister à la conférence annuelle de l'entreprise,,
HSK5,Francais,06ae75116953,"grande force, vigoureusement, avec beaucoup d'effort",dàlì,大力,他大力地提着重箱子上楼,Tā dàlì de tí zhe zhòng xiāngzi shàng lóu,Il porta avec beaucoup d'effort la lourde valise jusqu'au haut de l'escalier,,
HSK5,Francais,4c4da40ddf96,"tante, femme d'âge moyen",dàmā,大妈,那个大妈很友好,Nà ge dàmā hěn yǒu yǒu,Cette tante est très amicale,,
HSK5,Francais,37f9ccb42341,riz,dàmǐ,大米,我爱吃大米,Wǒ ài chī dàmǐ,J'adore manger du riz,,
HSK5,Francais,66240380477f,cerveau,dànǎo,大脑,我的大脑很累,Wǒ de dànǎo hěn lèi,Mon cerveau est très fatigué,,
HSK5,Francais,19e76d0bd134,gros lot,dàpī,大批,公司收到大批新订单,Gōngsī shōu dào dàpī xīn dìngdān,L'entreprise reçoit un gros lot de nouvelles commandes,,
HSK5,Francais,755963a7cf97,"manoir, bâtiment",dàshà,大厦,公司大厦非常漂亮,Gōngsī dàshà fēicháng piàoliang,Le manoir de l'entreprise est très beau,,
HSK5,Francais,356f33ac3c16,question importante,dàshì,大事,我觉得这是一件大事,Wǒ juéde zhè shì yī jiàn dàshì,Je pense que c'est une question importante,,
HSK5,Francais,e815612a8f04,éléphant,dàxiàng,大象,看到大象我很兴奋,Kàn dào dàxiàng wǒ hěn xīngqì,"En voyant l'éléphant, je suis très excité",,
HSK5,Francais,0cf56c25bb6f,à grande échelle,dàxíng,大型,上海正在举办大型国际博览会,Shànghǎi zhèngzài jǔbàn dàxíng guójì bólǎnhuì,Shanghai organise un grand salon international à grande échelle,,
HSK5,Francais,fea680d15b12,"oncle, homme âgé",dàye,大爷,大爷在公园里散步,Dàye zài gōngyuán lǐ sǎnbù,L'oncle se promène dans le parc,,
HSK5,Francais,3685ef34977e,être supérieur à,dàyú,大于,他的成绩大于我的成绩,Tā de chéngjì dàyú wǒ de chéngjì,Ses résultats sont supérieurs aux miens,,
HSK5,Francais,a4be86ab45f5,"les masses, le public",dàzhòng,大众,大众的需求应该得到满足,Dàzhòng de xūqiú yīnggāi dédào mǎnzú,Les besoins du public devraient être satisfaits,,
HSK5,Francais,0157b6bb3c23,"représenter, génération",dài,代,这是我的例子 : 我代表新的一代,Wǒ dàibiao xīn de yī dài,Je représente la nouvelle génération,,
HSK5,Francais,6e1e576eb620,"représentant, représenter",dàibiǎo,代表,我是中国的代表,Wǒ shì Zhōngguó de dàibiǎo,Je suis un représentant de la Chine,,
HSK5,Francais,e0a7441886af,"conduire, provoquer",dàidòng,带动,新的技术将带动整个行业的发展,Xīn de jìshù jiāng dàidòng zhěng gè chǎnyè de fāzhǎn,Les nouvelles technologies vont conduire le développement de toute l'industrie,,
HSK5,Francais,6e8d85ef9ea2,remplacer,dàitì,代替,新产品将代替旧产品,Xīn chǎnpǐn jiāng dàitì jiù chǎnpǐn,Le nouveau produit va remplacer l'ancien produit,,
HSK5,Francais,931f170a5b63,"traitement, salaire",dàiyù,待遇,该公司的待遇很好,Gāi gōngsī de dàiyù hěn hǎo,Le traitement de cette entreprise est très bon,,
HSK5,Francais,f1d6b4ae3475,"célibataire, seul, facture, liste, mesure mot",dān,单,我是单身,Wǒ shì dān shēn,Je suis célibataire,,
HSK5,Francais,724e6bb9a5b4,"seul, séparément",dāndú,单独,我单独去看电影,Wǒ dāndú qù kàn diànyǐng,Je vais voir le film tout seul,,
HSK5,Francais,a91e0dbd38b7,d'occuper le poste de,dānrèn,担任,他担任公司的总经理,Tā dānrèn gōngsī de zǒng jīnglǐ,Il occupe le poste de directeur général de l'entreprise,,
HSK5,Francais,3abe2e72ca4a,"célibataire, singulier",dānyī,单一,我是单一的男人,Wǒ shì dānyī de nánrén,Je suis un homme célibataire,,
HSK5,Francais,1bb0e2b0707b,unité,dānyuán,单元,我们公司有一个销售单元,Wǒmen gōngsī yǒu yīgè xiāo shòu dānyuán,Notre entreprise a une unité de vente,,
HSK5,Francais,ef47a208f96f,"timide, lâche",dǎnxiǎo,胆小,他是一个胆小的人,Tā shì yī gè dǎnxiǎo de rén,Il est une personne timide.,,
HSK5,Francais,086171f6937f,"léger, faible, fade",dàn,淡,今天的咖啡很淡,Jīn tiān de kā fēi hěn dàn,Le café est très faible aujourd'hui,,
HSK5,Francais,558e7bd574a0,zone locale,dāngdì,当地,当地政府已经做出了很多努力,Dāngdì zhèngfǔ yǐjīng zuò le hěn duō nǔlì,Le gouvernement local a déjà fait beaucoup d'efforts,,
HSK5,Francais,c6816166f993,"cette année-là, ces jours-là",dāngnián,当年,我当年在法国学习了一年,Wǒ dāngnián zài fǎguó xuéxí le yī nián,J'ai étudié en France cette année-là pendant un an,,
HSK5,Francais,ae3c8882eabf,"faire face, actuel, présent",dāngqián,当前,我们需要解决当前的问题,Wǒmen xūyào jiějué dāngqián de wèntí,Nous devons résoudre le problème actuel.,,
HSK5,Francais,cb4ef714bd6c,"parmi, au milieu",dāngzhōng,当中,这五个人当中有两个人会说法语,Zhè wǔ ge rén dāngzhōng yǒu liǎng ge rén huì shuō fǎyǔ,"Parmi ces cinq personnes, deux savent parler français",,
HSK5,Francais,321e32d8479f,bloquer,dǎng,挡,墙挡住了我的视线,Qiáng dǎng zhù le wǒ de shìxiàn,Le mur bloque ma vue,,
HSK5,Francais,720b78ab720a,"traiter comme, considérer comme",dàngchéng,当成,我把每个客户当成朋友,Wǒ bǎ měi gè kèhù dàngchéng pēngyǒu,Je traite chaque client comme un ami.,,
HSK5,Francais,0fc593610652,"traiter comme, considérer comme, considérer comme",dàngzuò,当作,她把她的丈夫当作自己的兄弟,Tā bǎ zìjǐ de zhàngfu dàngzuò zìjǐ de xiōngdì,Elle traite son mari comme son propre frère,,
HSK5,Francais,ef5f8123078d,"réalisateur, diriger",dǎoyǎn,导演,他是著名的电影导演,Tā shì zhùmíng de diànyǐng dǎoyǎn,Il est un réalisateur de film célèbre,,
HSK5,Francais,18d7ecdb6b94,"provoquer, conduire à, directeur",dǎozhì,导致,空气污染导致了许多健康问题,Kōngqì wūrǎn dǎozhì le xǔduō jiànkāng wèntí,La pollution de l'air provoque de nombreux problèmes de santé,,
HSK5,Francais,caa48aa5796a,arriver,dàodá,到达,我明天到达北京,Wǒ míngtiān dàodá Běijīng,Je vais arriver à Pékin demain.,,
HSK5,Francais,217d32940f01,"raison, principe",dàolǐ,道理,事情的道理是这样的,Shìqing de dàolǐ shì zhèyàng de,La raison des choses est telle que,,
HSK5,Francais,6d05ebc052eb,expirer,dàoqī,到期,我的护照已经到期了,Wǒ de hùzhào yǐjīng dàoqī le,Mon passeport a expiré.,,
HSK5,Francais,7899c55db10d,"monter, embarquer, s'inscrire",dēng,登,我要登上火车,Wǒ yào dēng shàng huǒchē,Je vais monter dans le train,,
HSK5,Francais,0278c33d276b,lumière,dēngguāng,灯光,舞台上的灯光很美丽,Wǔtái shàng de dēngguāng hěn měilì,La lumière sur la scène est très belle,,
HSK5,Francais,988e830392e2,"s'inscrire, enregistrer",dēngjì,登记,我要去学校登记,Wǒ yào qù xuéxiào dēngjì,Je vais m'inscrire à l'école,,
HSK5,Francais,bef6e555566f,se connecter,dēnglù,登录,请打开网站，我要登录系统,"Qǐng dākāi wǎngzhàn, wǒ yào dēnglù xìtǒng","Veuillez ouvrir le site, je veux me connecter au système",,
HSK5,Francais,c5ef975605e0,attendre,děngdài,等待,我正在等待朋友,Wǒ zhèngzài děngdài péngyou,Je suis en train d'attendre mon ami,,
HSK5,Francais,89e23dbea21b,attendre,děnghòu,等候,,,,,
HSK5,Francais,b50b7ac7369a,être égal à,děngyú,等于,五加十二等于十七,Wǔ jiā shí èr děngyú shí qī,Cinq plus douze est égal à dix-sept,,
HSK5,Francais,20bfe3694334,baisser la tête,dītóu,低头,当我遇见老师时，我会低头,"Dāng wǒ yùjiàn lǎoshī shí, wǒ huì dītóu","Lorsque je rencontre mon professeur, je baisse la tête",,
HSK5,Francais,b95152c7f679,"en effet, certainement",díquè,的确,我非常高兴，的确是难忘的一天,"Wǒ fēicháng gāoxìng, díquè shì nánwàng de yī tiān","Je suis extrêmement heureux, c'est effectivement un jour inoubliable.",,
HSK5,Francais,60b33c5bf914,ennemi,dírén,敌人,我必须要打败我的敌人,Wǒ bìxū yào dǎbài wǒ de dírén,Je dois vaincre mon ennemi,,
HSK5,Francais,57b400f99689,"passer, remettre",dì,递,我要把书递给我的朋友,Wǒ yào bǎ shū dì gěi wǒ de péng yǒu,Je veux passer le livre à mon ami,,
HSK5,Francais,2855d060252e,géographie,dìlǐ,地理,我喜欢学习地理,Wǒ xǐ huān xué xí dìlǐ,J'aime étudier la géographie,,
HSK5,Francais,c353a20e4fcb,rez-de-chaussée,dìmiàn,地面,公共汽车停在地面,Gōnggòng qìchē tíng zài dìmian,Le bus s'arrête au rez-de-chaussée,,
HSK5,Francais,15526df6085d,"région, zone",dìqū,地区,上海是一个大地区,Shànghǎi shì yī gè dà dìqū,Shanghai est une grande région,,
HSK5,Francais,028c62736211,"statut, position",dìwèi,地位,她在公司的地位很高,Tā zài gōngsī de dìwèi hěn gāo,Elle a un statut élevé dans l'entreprise,,
HSK5,Francais,2c0d538bc3eb,"souterrain, sous-sol, sous-sol",dìxià,地下,火车在城市的地下行驶,Huǒchē zài chéngshì de dìxià xíngshǐ,Le train roule sous la ville.,,
HSK5,Francais,50786ff620b4,avoir un tremblement de terre,dìzhèn,地震,昨天发生了一场大地震,Zuótiān fāshēng le yī chǎng dà dìzhèn,"Hier, il y a eu un grand tremblement de terre",,
HSK5,Francais,bbc2d1fc3340,"collation, dessert",diǎnxin,点心,今天我想吃一些点心,Jīntiān wǒ xiǎng chī yīxiē diǎnxin,"Aujourd'hui, je veux manger quelques collations.",,
HSK5,Francais,dc33631e723c,"aimer, donner un coup de pouce",diǎnzàn,点赞,我给这个视频点赞了,Wǒ gěi zhè ge shìpín diǎnzàn le,J'ai aimé cette vidéo,,
HSK5,Francais,1d0d615923fd,batterie,diànchí,电池,我的手机靠的电池快没电了,Wǒ de shǒujī kào de diànchí kuài méi diàn le,La batterie de mon téléphone est presque à plat,,
HSK5,Francais,73655095ea88,"électrique, alimenté électriquement",diàndòng,电动,我有一辆电动车,Wǒ yǒu yī liàng diàndòng chē,J'ai une voiture électrique,,
HSK5,Francais,500ed8260ed5,appareil électrique,diànqì,电器,我家里的电器很多,Wǒ jiā lǐ de diànqì hěn duō,J'ai beaucoup d'appareils électriques chez moi,,
HSK5,Francais,79b5ac6f4fe0,commerce électronique,diànshāng,电商,现在很多人通过电商平台购买商品,Xiàn zài hěn duō rén tòu guò diànshāng píng tái gòu mǎi shāng pǐn,"Maintenant, beaucoup de gens achètent des marchandises via les plateformes de commerce électronique",,
HSK5,Francais,2fc884d717de,station de télévision,diànshìtái,电视台,我喜欢在家里看电视台,Wǒ xǐ huān zài jiā lǐ kàn diànshìtái,J'aime regarder la télévision à la maison,,
HSK5,Francais,aa57a1520a8d,version électronique,diànzǐbǎn,电子版,你可以下载电子版的书,Nǐ kěyǐ xiàzài diànzǐbǎn de shū,Vous pouvez télécharger la version électronique du livre,,
HSK5,Francais,7d42b1041342,"transférer, déplacer, tonifier",diào,调,公司将他调到Paris工作,Gōngsī jiāng tā diào dào Pālí sī gōngzuò,L'entreprise l'a transféré pour travailler à Paris,,
HSK5,Francais,584fe32066d9,"enquêter, mener des recherches",diàoyán,调研,公司需要调研市场需求,Gōngsī xūyào diàoyán shìchǎng xūqiú,L'entreprise doit mener des recherches sur les besoins du marché,,
HSK5,Francais,f419ff9c10c0,"réparer régulièrement, régulièrement",dìngqī,定期,请定期检查汽车,Qǐng dìngqī jiǎnchá qìchē,Veuillez vérifier régulièrement la voiture,,
HSK5,Francais,d119e31020b7,"perdre, manquer",diūshī,丢失,我把手机丢失了,Wǒ bǎ shǒujī diūshī le,J'ai perdu mon téléphone,,
HSK5,Francais,c5c092cb0040,geler,dòng,冻,湖面在冬天会冻,Hú miàn zài dōng tiān huì dòng,La surface du lac gèle en hiver,,
HSK5,Francais,e22b3c6e7fac,"trou, grotte",dòng,洞,山里有一个大洞,Shān lǐ yǒu yī gè dà dòng,Il y a une grande grotte dans la montagne,,
HSK5,Francais,0e89a4603e9e,"animation, dessin animé",dònghuà,动画,我喜欢看动画,Wǒ xǐ huān kàn dònghuà,J'aime regarder les dessins animés,,
HSK5,Francais,a13630439487,"bouger, toucher",dòngrén,动人,她的微笑很动人,Tā de wēixiào hěn dòngrén,Son sourire est très touchant,,
HSK5,Francais,8bf71c83ac43,"commencer à travailler, passer à l'action",dòngshǒu,动手,我要动手做这个项目,Wǒ yào dòngshǒu zuò zhè ge xiàngmù,Je vais commencer à travailler sur ce projet,,
HSK5,Francais,e575bfbbfd51,tofu,dòufu,豆腐,我今天吃了豆腐,Wǒ jīn tiān chī le dòufu,J'ai mangé du tofu aujourd'hui,,
HSK5,Francais,cbb017c4474a,je suis du lait,dòujiāng,豆浆,我喜欢喝豆浆,Wǒ xǐhuān hē dòujiāng,J'aime boire du lait de soja.,,
HSK5,Francais,075b1dbfcdb0,"être indépendant, indépendant",dúlì,独立,中国是一个独立的国家,Zhōng guó shì yī gè dúlì de guó jiā,La Chine est un pays indépendant,,
HSK5,Francais,13fd54209944,"unique, distinctif",dútè,独特,,,,,
HSK5,Francais,d152b6455687,prononciation,dúyīn,读音,我会练习汉字的读音,Wǒ huì liàn xí hàn zì de dúyīn,Je vais pratiquer la prononciation des caractères chinois,,
HSK5,Francais,622168533aee,"seul, par soi-même",dúzì,独自,我独自学习中文,Wǒ dúzì xuéxí zhōngwén,J'apprends le chinois tout seul.,,
HSK5,Francais,e6269d9f3d52,"bloquer, obstruer, bloqué, mesurer le mot pour les murs",dǔ,堵,路堵了，我要找条别的路,"Lù dǔ le, wǒ yào zhǎo tiáo bié de lù","La route est bloquée, je vais chercher un autre chemin",,
HSK5,Francais,54c76755c3c4,"Classificateur pour les occurrences, degré, mesurer, suffixe pour le degré",dù,度,我已经看了三度电影,Wǒ yǐjīng kàn le sān dù diànyǐng,J'ai déjà regardé trois films.,,
HSK5,Francais,6753a0b629ab,"lacune, faiblesse",duǎnchù,短处,每个人都有自己的短处,Měi gèrén dōu yǒu zìjǐ de duǎnchù,Chaque personne a ses propres faiblesses.,,
HSK5,Francais,d663c26d061e,"à court terme, à court terme",duǎnqī,短期,我只考虑短期的工作,Wǒ zhǐ kǎolǜ duǎnqī de gōngzuò,Je ne considère que le travail à court terme.,,
HSK5,Francais,e013aae38480,"briser, couper",duàn,断,他把树枝断了,Tā bǎ shù zhī duàn le,Il a cassé la branche de l'arbre,,
HSK5,Francais,3db7dcce14c1,"empiler, empiler, mesurer mot pour tas",duī,堆,这个桶里有很多苹果堆起来,Zhège tǒng lǐ yǒu hěnduō píngguǒ duī qǐlái,Ce seau a beaucoup de pommes empilées dedans,,
HSK5,Francais,6a20c576b086,"comparer, comparaison, contraste",duìbǐ,对比,照片对比以前和现在的变化,Zhàopiàn duìbǐ yǐqián hé xiànzài de biàn huà,La comparaison des photos montre les changements entre avant et maintenant.,,
HSK5,Francais,39204b1151a8,"traiter, gérer",duìdài,对待,我会对待每个人都很友好,Wǒ huì duìdài měi gè rén dōu hěn yǒu hǎo,Je vais traiter chaque personne avec amabilité,,
HSK5,Francais,0c2f9b158900,"adversaire, adversaire",duìshǒu,对手,我认为他会成为我的强大的对手,Wǒ rènwéi tā huì chéngwéi wǒ de qiángdà de duìshǒu,Je pense qu'il deviendra un adversaire redoutable pour moi.,,
HSK5,Francais,13b767c174f7,"équipe, classements",duìwu,队伍,球队在排队伍時顯得十分有秩序,Qiú duì zài pái duìwu shí xiǎn dé shífēn yǒu zhìxù,L'équipe de football était très ordonnée lorsqu'elle était en train de se mettre en rang.,,
HSK5,Francais,63911991e300,"objet, partenaire, petit ami/petite amie",duìxiàng,对象,她是我的对象,Tā shì wǒ de duìxiàng,Elle est ma petite amie,,
HSK5,Francais,e7ec00f41014,tonne,dūn,吨,这个船可以运载500吨货物,Zhè ge chuán kě yǐ yùn zài wǔ bǎi dūn huò zī,Ce bateau peut transporter 500 tonnes de marchandises,,
HSK5,Francais,25103c0aa9f7,"mesurer le mot pour les fleurs, les nuages",duǒ,朵,一朵白云飘过天空,Yī duǒ bái yún piāo guò tiān kōng,Un nuage blanc flotte dans le ciel,,
HSK5,Francais,c7a71ab603f6,"se cacher, éviter",duǒ,躲,我要躲起来看电视,Wǒ yào duǒ qǐlái kàn diànshì,Je vais me cacher pour regarder la télévision,,
HSK5,Francais,6089a79be9e7,"enfants, fils et filles",érnǚ,儿女,我有两个儿女,Wǒ yǒu liǎng gè érnǚ,J'ai deux enfants.,,
HSK5,Francais,eb06d465b1a7,d'occasion,èrshǒu,二手,我要买二手手机,Wǒ yào mǎi èrshǒu shǒujī,Je veux acheter un téléphone d'occasion,,
HSK5,Francais,5444dcd0b1d6,Code QR,èrwéimǎ,二维码,请扫描二维码进入我们的网站,Qǐng sǎomiáo èrwéimǎ jìnrù wǒmen de wǎngzhàn,Veuillez scanner le code QR pour accéder à notre site web,,
HSK5,Francais,4053d2dcedfd,"publier, émettre",fābiǎo,发表,昨天，我发表了一篇关于环保的文章,"Zuótiān, wǒ fābiǎo le yī piān guān yú huánbǎo de wénzhāng","Hier, j'ai publié un article sur la protection de l'environnement",,
HSK5,Francais,54ee7d1a46e8,"libérer, annoncer",fābù,发布,公司将在今天发布新产品,Gōngsī jiāng zài jīntiān fābù xīn chǎnpǐn,L'entreprise va lancer un nouveau produit aujourd'hui,,
HSK5,Francais,0339a41fa455,"développer, développer",fādá,发达,中国是发达国家,Zhōngguó shì fādá guójiā,La Chine est un pays développé,,
HSK5,Francais,9abb045d12eb,"mettre en jeu, faire jouer pleinement",fāhuī,发挥,她擅长发挥自己的音乐天赋,Tā shàncháng fāhuī zìjǐ de yīnyuè tiānfù,Elle est douée pour mettre en jeu ses talents musicaux.,,
HSK5,Francais,3958c4e8fde9,"inventer, invention",fāmíng,发明,他是钟表的发明者,Tā shì zhōngbiǎo de fāmíng zhě,Il est l'inventeur de la montre.,,
HSK5,Francais,79ee14b86f55,"initier, lancer",fāqǐ,发起,我们将发起一个新的项目,Wǒmen jiāng fāqǐ yī gè xīn de xiàngmù,Nous allons initier un nouveau projet,,
HSK5,Francais,184191065480,"parler, parler",fāyán,发言,他今天将在会议上发言,Tā jīntiān jiāng zài huìyì shàng fāyán,Il va prendre la parole à la réunion aujourd'hui,,
HSK5,Francais,80d6329d9da9,"prononcer, prononciation",fāyīn,发音,她努力练习标准的汉语发音,Tā nǔlì liànxí biāozhǔn de hànyǔ fāyīn,Elle s'efforce de pratiquer la prononciation standard du chinois mandarin.,,
HSK5,Francais,780fa9aff522,"punir, infliger une amende",fá,罚,他被罚500元,Tā bèi fá wǔbǎi yuán,Il a été condamné à payer une amende de 500 yuans,,
HSK5,Francais,0b558a930b34,"trop bien, bien",fákuǎn,罚款,因为违反交通规则，所以交警开出罚款,"Yīn wèi wéi fǎn jiāo tōng guī zé, suǒ yǐ jiāo jǐng kāi chū fá kuǎn","Parce que j'ai enfreint les règles de la circulation, le policier m'a donné une amende.",,
HSK5,Francais,3f123e2a88d4,"tribunal, tribunal",fǎyuàn,法院,我要去法院,Wǒ yào qù fǎyuàn,Je vais au tribunal,,
HSK5,Francais,9832360a92f9,"retourner, retourner",fān,翻,她把书翻过来看了看,Tā bǎ shū fān guò lái kàn le kàn,Elle a retourné le livre et l'a regardé.,,
HSK5,Francais,2780831493f7,tomate,fānqié,番茄,我喜欢吃番茄,Wǒ xǐhuān chī fānqié,J'aime manger des tomates,,
HSK5,Francais,8da6159b2488,"prospère, prospérer",fánróng,繁荣,这个城市正在繁荣发展,Zhè ge chéng shì zhèng zài fánróng fā zhǎn,Cette ville est en plein essor.,,
HSK5,Francais,1ace77ead8fa,"en face, s'opposer, au contraire",fǎn,反,我反对这种做法,Wǒ fǎn duì zhè zhǒng zuò fǎ,Je suis contre cette façon de procéder,,
HSK5,Francais,cc99c8a17f25,"au contraire, à la place",fǎn’ér,反而,今天我本来想去公园，但天气不好，反而待在家里看书了,"Jīn tiān wǒ běn lái xiǎng qù gōng yuán, dàn tiān qì bù hǎo, fǎn ér dāi zài jiā lǐ kàn shū le","Aujourd'hui, je voulais aller au parc, mais le temps est mauvais, au contraire, je suis resté à la maison pour lire des livres.",,
HSK5,Francais,67e9512da1fc,"à plusieurs reprises, répéter, répétition",fǎnfù,反复,我已经反复练习了很多次,Wǒ yǐjīng fǎnfù liàn xí le hěn duō cì,J'ai pratiqué à plusieurs reprises de nombreuses fois,,
HSK5,Francais,aa6f28bf3953,"revenir, faire demi-tour",fǎnhuí,返回,明天我将返回家乡,Míngtiān wǒ jiāng fǎnhuí jiāxiāng,"Demain, je vais revenir chez moi.",,
HSK5,Francais,a9c5408926d0,"réagir, réaction, réponse",fǎnyìng,反应,该药物会引起不良反应,Gāi yào wù huì yǐn qǐ bù liáng fǎnyìng,Ce médicament peut provoquer une réaction négative,,
HSK5,Francais,8a7e18eb4b68,"réfléchir, rendre compte",fǎnyìng,反映,新闻报道反映了社会的真实面貌,Xīnwén bàodào fǎnyìng le shèhuì de zhēnshí miàn mó,Les reportages d'actualité reflètent la véritable face de la société,,
HSK5,Francais,418a6ff4aac6,"de toute façon, de toute façon",fǎnzhèng,反正,我会去参加聚会，反正我也没有其他安排,"Wǒ huì qù cān jiā jù huì, fǎnzhèng wǒ yě méi yǒu qī tā ān pái","Je vais aller à la fête, de toute façon je n'ai rien d'autre de prévu",,
HSK5,Francais,64737942539f,"portée, portée",fànwéi,范围,这个新产品的市场范围非常广泛,Gèi xīn chǎnpǐn de shìchǎng fànwéi fēicháng guǎngfàn,Le marché de ce nouveau produit a une portée très large,,
HSK5,Francais,32317f0e79ef,"carré, direction, côté",fāng,方,从那一方来的人,Cóng nà yī fāng lái de rén,Les personnes qui viennent de cette direction,,
HSK5,Francais,449d80007410,"plan, schéma",fāng’àn,方案,我们为这个项目制定了一个详细的方案,Wǒmen wèi zhè ge xiàngmù zhìdìng le yí gè xiángxì de fāng’àn,Nous avons élaboré un plan détaillé pour ce projet,,
HSK5,Francais,0ab226eb7666,pour empêcher,fáng,防,我会防止事故的发生,Wǒ huì fángzhì shìgù de fāshēng,Je vais empêcher l'accident de se produire,,
HSK5,Francais,7fa7e032aba9,"maison, bâtiment",fángwū,房屋,这是我的房屋,Zhè shì wǒ de fángwū,C'est ma maison,,
HSK5,Francais,ebd9dbaf0197,pour empêcher,fángzhǐ,防止,我们要采取措施防止事故的发生,Wǒmen yào cǎiqǔ cuòshī fángzhǐ shìguò de fāshēng,Nous devons prendre des mesures pour empêcher l'accident de se produire,,
HSK5,Francais,4bc6123e16bf,"comme si, semble-t-il",fǎngfú,仿佛,今天的天气仿佛要下雨了,Jīntiān de tiānqì fǎngfú yào xià yǔ le,Il semble que la pluie va tomber aujourd'hui,,
HSK5,Francais,b77c6dcfb501,visiter,fǎngwèn,访问,明天我将访问北京,Míng tiān wǒ jiāng fǎngwèn Běijīng,"Demain, je vais visiter Pékin.",,
HSK5,Francais,9e8f72ec5c89,voler,fēixíng,飞行,我喜欢飞行,Wǒ xǐ huān fēi xíng,J'aime voler,,
HSK5,Francais,1d936cc5d268,pilote,fēixíngyuán,飞行员,他是一名飞行员,Tā shì yī míng fēixíngyuán,Il est un pilote.,,
HSK5,Francais,281ed2ee0c90,Afrique,Fēizhōu,非洲,我在学习关于非洲的历史,Wǒ zài xuéxí guānyú Fēizhōu de lìshǐ,Je suis en train d'étudier l'histoire de l'Afrique,,
HSK5,Francais,10df443e9227,"se séparer, respectivement, de la différence",fēnbié,分别,他们毕业后分别去北京和上海工作,Tāmen bìyè hòu fēnbié qù Běijīng hé Shàngài gōngzuò,Ils sont allés respectivement travailler à Pékin et à Shanghai après leur diplôme.,,
HSK5,Francais,c18256dd21da,"distribuer, répandre",fēnbù,分布,他们将新产品在全国范围内进行销售和分布,Tāmen jiāng xīn chǎnpǐn zài quánguó fànwéi nèi jìnxíng xiāoshòu hé fēnbù,Ils procèdent à la vente et à la distribution du nouveau produit à l'échelle nationale,,
HSK5,Francais,4cf451446186,"nombreux et confus, les uns après les autres",fēnfēn,纷纷,大家纷纷表示祝贺,Dàjiā fēnfēn biǎoshì zhùhè,Tout le monde a exprimé ses vœux de félicitations les uns après les autres.,,
HSK5,Francais,66c616b1f2ee,classer,fēnlèi,分类,我们需要对这些书进行分类,Wǒmen xūyào duì zhèxiē shū jìnxíng fēnlèi,Nous devons classer ces livres,,
HSK5,Francais,aa85f579517a,se séparer,fēnlí,分离,他们最终还是分离了,Tāmen zuìzhōng háishì fēnlí le,Ils se sont finalement séparés,,
HSK5,Francais,a3b0a881cf73,"allouer, distribuer",fēnpèi,分配,公司将利润分配给投资者,Gōngsī jiāng lìrùn fēnpèi gěi tóuzī zhě,L'entreprise distribue les bénéfices aux investisseurs,,
HSK5,Francais,c03ca6509d49,"rompre, se séparer",fēnshǒu,分手,我们决定分手了,Wǒmen juéde fēnshǒu le,Nous avons décidé de rompre.,,
HSK5,Francais,0e8c8893894b,analyser,fēnxī,分析,今天我会分析整个项目,Jīntiān wǒ huì fēnxī zhěnggè xiàngmù,"Aujourd'hui, j'analyserai tout le projet",,
HSK5,Francais,ea9635c190ae,partager,fēnxiǎng,分享,我喜欢在社交媒体上分享自己的照片,Wǒ xǐ huān zài shè huì mèi tǐ shàng fēn xiǎng zì jǐ de zhào piàn,J'aime partager mes photos sur les réseaux sociaux.,,
HSK5,Francais,6d15a0c42af1,"lutter, lutter",fèndòu,奋斗,我一生都在奋斗,Wǒ yīshēng dōu zài fèndòu,Je lutte toute ma vie,,
HSK5,Francais,f20863dd4580,riche et coloré,fēngfù-duōcǎi,丰富多彩,中国的文化是丰富多彩的,Zhōngguó de wénhuà shì fēngfù-duōcǎi de,La culture chinoise est riche et colorée,,
HSK5,Francais,82dc678db965,style,fēnggé,风格,他喜欢现代风格的建筑,Tā xǐhuān xiàndài fēnggé de jiànzhùwù,Il aime les bâtiments de style moderne,,
HSK5,Francais,0754bbaaf5e5,"fou, fou",fēngkuáng,疯狂,那个男人有点疯狂,Nà ge nán rén yǒu diǎn fēngkuáng,Cet homme est un peu fou,,
HSK5,Francais,1a701b3ba8b3,"coutume, tradition",fēngsú,风俗,我们要尊重当地的风俗,Wǒmen yào zūnshǒu dāngdì de fēngsú,Nous devons respecter les coutumes locales,,
HSK5,Francais,2d2c6b954fc5,risque,fēngxiǎn,风险,投资前必须要评估风险,Tóuzī qián bìxū yào pínggū fēngxiǎn,"Avant d'investir, il faut évaluer les risques",,
HSK5,Francais,3fa0da02b76e,"nier, négatif",fǒudìng,否定,他的陈述遭到了否定,Tā de chénshù zāo dào fǒudìng,Son affirmation a été niée,,
HSK5,Francais,2b1cfe6a60de,ça fait des jours,fǒurèn,否认,他否认自己犯了错误,Tā fǒurèn zìjǐ fànle cuòwù,Il nie avoir commis une erreur,,
HSK5,Francais,34396d5f74f9,mari et femme,fūfù,夫妇,他们是一对幸福的夫妇,Tāmen shì yī duì xìngfú de fūfù,Ils forment un couple heureux.,,
HSK5,Francais,e70bdeff09fb,soutenir avec la main,fú,扶,她扶着老人的手过马路,Tā fú zhe lǎo rén de shǒu guò mǎ lù,Elle aide le vieil homme à traverser la rue en le soutenant par la main.,,
HSK5,Francais,45fb94318da3,"bénédiction, bonne fortune",fú,福,祝你新年快乐，幸福安康，福气连连,"Zhù nǐ xīn nián kuài lè, xìng fú ān kāng, fú qì lián lián","Je vous souhaite une nouvelle année joyeuse, heureuse et en bonne santé, avec une fortune continue.",,
HSK5,Francais,cb4fabd815f2,"vêtements, vêtements",fúzhuāng,服装,我喜欢买新服装,Wǒ xǐ huān mǎi xīn fúzhuāng,J'aime acheter de nouveaux vêtements,,
HSK5,Francais,915e023572fd,"mesurer le mot pour les paires, les ensembles",fù,副,我有一副好看的太阳镜,Wǒ yǒu yī fù hǎo kàn de tàiyáng jìng,J'ai une belle paire de lunettes de soleil,,
HSK5,Francais,63d97defd498,"riche, riche",fù,富,中国是一个富饶的国家,Zhōng guó shì yī gè fù ráo de guó jiā,La Chine est un pays riche.,,
HSK5,Francais,18a795a3ab68,"payer, donner",fùchū,付出,,,,,
HSK5,Francais,520969c9090d,"porter, fardeau",fùdān,负担,我不想承担这项任务的重负担,Wǒ bù xiǎng chéngdān zhè xiàng rénwù de zhòng fùdān,Je ne veux pas supporter le fardeau lourd de cette tâche,,
HSK5,Francais,6111ad224cb1,femme,fùnǚ,妇女,女性在社会中扮演着重要角色,Fǔnǚ zài shèhuì zhòng bàn yǎn zhe zhòngyào de juésè,Les femmes jouent un rôle important dans la société,,
HSK5,Francais,2510ae0ba727,"posséder, riche, riche",fùyǒu,富有,这个国家富有自然资源,Gè zhè guó fùyǒu zìrán zīyuán,Ce pays est riche en ressources naturelles,,
HSK5,Francais,f5def02adb50,"dupliquer, copier",fùzhì,复制,请复制这篇文章,Qǐng fùzhì zhè piān wénzhāng,"S'il vous plaît, dupliquez cet article",,
HSK5,Francais,5e2943c6f8eb,"réformer, changer",gǎigé,改革,中国正在进行经济改革,Zhōngguó zhèngzài jìnxíng jīngjì gǎigé,La Chine est en train de réformer son économie,,
HSK5,Francais,947fffa0aca7,améliorer,gǎijìn,改进,,,,,
HSK5,Francais,6307e908d794,améliorer,gǎishàn,改善,我们需要改善环境质量,Wǒmen xūyào gǎishàn huánjìng zhìliàng,Nous devons améliorer la qualité de l'environnement,,
HSK5,Francais,20c942e1e1d2,un autre jour,gǎitiān,改天,我们改天再去公园玩,Wǒmen gǎitiān zài qù gōngyuán wán,Nous irons jouer au parc un autre jour,,
HSK5,Francais,abc5bc4123eb,corriger,gǎizhèng,改正,我会改正自己的错误,Wǒ huì gǎizhèng zìjǐ de cuòwù,Je vais corriger mes propres erreurs,,
HSK5,Francais,5bba11b0346c,"couvercle, couvrir, couvrir",gài,盖,我需要把锅盖盖上,Wǒ xūyào bǎ guō gài gài shàng,J'ai besoin de mettre le couvercle sur la casserole,,
HSK5,Francais,4b2025f8a0a3,"pour résumer, général",gàikuò,概括,为了简明扼要，我试图概括全部内容,"Wèi le jiǎn míng è yòng, wǒ shì tú gàikuò quán bù nèi róng","Pour être concis, j'essaie de résumer tout le contenu",,
HSK5,Francais,636c69d484b6,"notion, idée",gàiniàn,概念,这是一个新的概念,Zhè shì yī gè xīn de gàiniàn,C'est une nouvelle notion,,
HSK5,Francais,d23e23cdd8cf,oser,gǎnyú,敢于,我敢于面对挑战,Wǒ gǎnyú miàn duì tiǎo zhàn,Je suis prêt à relever les défis,,
HSK5,Francais,a6d70db123a6,"juste, exactement, par hasard",gānghǎo,刚好,我到机场的时候，飞机刚好起飞,"Wǒ dào jīchǎng de shí hòu, fēijī gānghǎo qǐfēi",J'arrive à l'aéroport au moment où l'avion décolle exactement.,,
HSK5,Francais,8ef8f7a70d4f,"grand, noble",gāodà,高大,他是一个高大威猛的人,Tā shì yī gè gāodà wēiměng de rén,Il est un homme grand et imposant,,
HSK5,Francais,0e09f23dcda8,"haut de gamme, haut de gamme",gāodàng,高档,这家公司只生产高档产品,Zhè jiā gōngsī zhǐ shēngchǎn gāodàng chǎnpǐn,Cette entreprise ne produit que des produits haut de gamme,,
HSK5,Francais,693d0ba0c3c0,"hauteur, haut",gāodù,高度,这座山的高度有2000米,Zhè zuò shān de gāodù yǒu 2000 mì,La hauteur de cette montagne est de 2000 mètres,,
HSK5,Francais,6f5a0c7598b3,"avancé, de haut niveau",gāojí,高级,这个软件是高级版本,Gēi gè ruǎnjiàn shì gāojí bǎnběn,Ce logiciel est une version avancée,,
HSK5,Francais,a387d6a61a6b,"haute technologie, haute technologie",gāokējì,高科技,公司正在开发高科技产品。,Gōngsī zhèngzài kāifā gāokējì chǎnpǐn,L'entreprise est en train de développer des produits à haute technologie.,,
HSK5,Francais,44d904663a68,"efficace, à haut rendement",gāoxiào,高效,这个公司非常高效,Gēi gōngsī fēicháng gāoxiào,Cette entreprise est très efficace,,
HSK5,Francais,60efd21af8e3,"faire, faire",gǎo,搞,今天我要去搞晚餐,Jīn tiān wǒ yào qù gǎo wǎn cān,"Aujourd'hui, je vais préparer le dîner",,
HSK5,Francais,ac3089ea3e46,"faire ses adieux, dire au revoir",gàobié,告别,明天我要去机场告别我的朋友,Míngtiān wǒ yào qù jīchǎng gàobié wǒ de péngyǒu,"Demain, j'irai à l'aéroport pour dire au revoir à mon ami.",,
HSK5,Francais,a868bed77477,paroles,gēcí,歌词,这首歌的歌词非常美丽,Zhè shǒu gē de gēcí hěn měilì,Les paroles de cette chanson sont très belles,,
HSK5,Francais,21055bf6a0b5,chanson,gēqǔ,歌曲,我喜欢听歌曲,Wǒ xǐhuān tīng gēqǔ,J'aime écouter les chansons,,
HSK5,Francais,e03cc00c973f,"séparer, diviser",gé,隔,桌子隔着房间放著,Zhuō zǐ gé zhe fáng jiān fàng zhe,Le tableau est placé à travers la pièce,,
HSK5,Francais,353bff90c8b7,"surtout, particulièrement",géwài,格外,今天的天气格外好,Jīn tiān de tiān qì gé wài hǎo,Le temps est particulièrement beau aujourd'hui,,
HSK5,Francais,8985a1a86420,"individuel, quelques-uns, spécial, exceptionnel",gèbié,个别,有个别学生对这门课很感兴趣,Yǒu gèbié xuésheng duì zhè mén kè hěn gǎn xìng qù,Il y a quelques étudiants qui s'intéressent à ce cours,,
HSK5,Francais,65abe068fb72,tous les métiers et professions,gèháng-gèyè,各行各业,各行各业的人都在努力工作,Gèháng-gèyè de rén dōu zài nǔlì gōngzuò,Les personnes de tous les métiers et professions travaillent dur.,,
HSK5,Francais,e1f205d61966,"individuel, personnel",gèrén,个人,这是我的个人电脑,Zhè shì wǒ de gèrén diànnǎo,Ceci est mon ordinateur personnel,,
HSK5,Francais,fb1df4c3416d,"personnalité, individualité",gèxìng,个性,她非常注重自己的个性,Tā fēicháng zhùyì zìjǐ de gèxìng,Elle attache une grande importance à sa personnalité,,
HSK5,Francais,95cab05eb71c,"chacun, respectivement",gèzì,各自,他们各自做自己的事情,Tāmen gèzì zuò zìjǐ de shìqing,Ils font chacun leur propre chose,,
HSK5,Francais,f3b1a8c314d6,"racine, Classificateur pour les objets longs et fins",gēn,根,这根树枝很长,Zhè gēn shù zhī hěn cháng,Cette branche est très longue,,
HSK5,Francais,ebf500a6c963,"fondation, racine, fondamental, simplement",gēnběn,根本,这个问题根本没有答案,Zhè ge wèn tí gēnběn méi yǒu dá àn,Cette question n'a fondamentalement pas de réponse,,
HSK5,Francais,1d488248513b,"remplacer, changer",gēnghuàn,更换,我需要更换我的手机,Wǒ xūyào gēnghuàn wǒ de shǒu jī,J'ai besoin de changer mon téléphone,,
HSK5,Francais,c1631fd72ce8,mettre à jour,gēngxīn,更新,我需要更新我的电脑,Wǒ xūyào gēngxīn wǒ de diànnǎo,J'ai besoin de mettre à jour mon ordinateur,,
HSK5,Francais,6d243551a2de,"annoncer, rendre public",gōngbù,公布,政府昨天公布了这个消息,Zhèngfǔ zuótiān gōngbù le zhè ge xiāoxi,Le gouvernement a annoncé cette nouvelle hier,,
HSK5,Francais,4fc77376d5fd,"projet, ingénierie",gōngchéng,工程,这是一个伟大的工程建设项目,Zhè shì yī gè wěi dà de gōngchéng jiàn shè xiàng mù,C'est un grand projet de construction d'ingénierie,,
HSK5,Francais,710ff195c641,ingénieur,gōngchéngshī,工程师,他是一名优秀的工程师,Tā shì yī míng yōu xiù de gōngchéngshī,Il est un excellent ingénieur,,
HSK5,Francais,4d99863259a4,"outil, instrument",gōngjù,工具,我最常用的工具是电脑,Wǒ zuì cháng yòng de gōngjù shì diànnǎo,L'outil que j'utilise le plus souvent est l'ordinateur,,
HSK5,Francais,d6ba08f5352b,fonction,gōngnéng,功能,这个软件的功能非常强大,Gè zhè ruǎnjiàn de gōngnéng fēicháng qiángdà,Ce logiciel a une fonction très puissante,,
HSK5,Francais,920fb51072ac,"juste, juste",gōngpíng,公平,我们要追求公平和正义,Wǒmen yào zhuīqiú gōngpíng hé zhèngyì,Nous voulons rechercher l'équité et la justice,,
HSK5,Francais,e3bfb941997c,fonctionnaire,gōngwùyuán,公务员,他是政府的公务员,Tā shì zhèngfǔ de gōngwùyuán,Il est un fonctionnaire du gouvernement,,
HSK5,Francais,ebd00f2f47a5,féliciter,gōngxǐ,恭喜,今天是你的生日，恭喜,"Jīn tiān shì nǐ de shēng rì, gōng xǐ","Aujourd'hui c'est ton anniversaire, félicitations !",,
HSK5,Francais,d3b809e36ef7,industrie,gōngyè,工业,中国是一个工业发达的国家,Zhōngguó shì yī gè gōngyè fādá de guójiā,La Chine est un pays à l'industrie développée,,
HSK5,Francais,381b4eab1548,"artisanat, technologie",gōngyì,工艺,这个公司专门研究新型工艺,Gēi gōngsī zhuān mén yán jiū xīn xíng gōng yì,Cette entreprise se spécialise dans la recherche de nouvelles technologies.,,
HSK5,Francais,2837733345e6,appartement,gōngyù,公寓,我住在一套公寓,Wǒ zhù zài yī tào gōngyù,J'habite dans un appartement,,
HSK5,Francais,ec7434b3c9ea,"contribuer, contribution",gòngxiàn,贡献,他为社会做出了巨大的贡献,Tā wèi shèhuì zuò chū le jù dà de gòngxiàn,Il a apporté une grande contribution à la société,,
HSK5,Francais,6c8ab43a54a7,partager,gòngxiǎng,共享,我们要共享资源,Wǒmen yào gòngxiǎng zīyuán,Nous voulons partager les ressources,,
HSK5,Francais,4534d0ef7a01,communiquer,gōutōng,沟通,我们需要互相沟通才能更好地合作,Wǒmen xūyào hùxiāng gōutōng cái néng gèng hǎo de hézuò,Nous devons nous communiquer pour coopérer plus efficacement,,
HSK5,Francais,c12e13413433,"constituer, composition",gòuchéng,构成,水是构成地球大气的一部分,Shuǐ shì gòuchéng dìqiú dàqì de yī bùfèn,L'eau constitue une partie de l'atmosphère terrestre,,
HSK5,Francais,4408ea9ec7e0,ancien,gǔ,古,这个古城很美丽,GèZhè gǔ chéng hěn měilì,Cette ville ancienne est très belle,,
HSK5,Francais,e21c10ab9881,"tambour, gonfler, gonfler, encourager, pousser, bombé, dodu",gǔ,鼓,他热情地鼓励大家参加活动,Tā rèqíng de gǔlì dàjiā cānjiā huódòng,Il encourage avec enthousiasme tout le monde à participer à l'activité,,
HSK5,Francais,3b20a8c4e884,les temps anciens,gǔdài,古代,我喜欢学习古代历史,Wǒ xǐhuān xuéxí gǔdài lìshǐ,J'aime étudier l'histoire des temps anciens,,
HSK5,Francais,c6a7d4602c0f,ancien,gǔlǎo,古老,这座古老的寺庙藏有许多珍贵的文物,Zhè zuò gǔlǎo de sìmiào cáng yǒu xǔduō zhēnguì de wénwù,Ce vieil temple abrite de nombreux objets de grande valeur,,
HSK5,Francais,ae74ef05eb49,applaudir,gǔzhǎng,鼓掌,大家都在鼓掌,Dàjiā dōu zài gǔzhǎng,Tout le monde applaudit,,
HSK5,Francais,117180fd76d7,"réparer, attacher",gùdìng,固定,我需要固定我的电脑,Wǒ xūyào gùdìng wǒ de diànnǎo,J'ai besoin de réparer mon ordinateur,,
HSK5,Francais,b11d6106ea43,ville natale,gùxiāng,故乡,我回到了我的故乡,Wǒ huí dào le wǒ de gùxiāng,Je suis retourné dans ma ville natale,,
HSK5,Francais,16a838703272,s'inscrire à un rendez-vous médical,guàhào,挂号,我想去医院挂号,Wǒ xiǎng qù yīyuàn guàhào,Je veux aller à l'hôpital pour prendre un rendez-vous médical,,
HSK5,Francais,185fe7152d9c,"étrange, à blâmer, tout à fait",guài,怪,这个电影的剧情太怪了,Zhè ge diànyǐng de jùqíng tài guài le,L'intrigue de ce film est vraiment étrange.,,
HSK5,Francais,f76ab65abc20,fermer,guānbì,关闭,请关闭电脑,Qǐng guānbì diànnǎo,Veuillez fermer l'ordinateur,,
HSK5,Francais,147bc34eef7c,observer,guānchá,观察,科学家进行实验时会仔细观察数据,Kēxué jiā jìnxíng shíyàn shí huì zǐxì guānchá shùjù,Les scientifiques observent attentivement les données lorsqu'ils réalisent une expérience,,
HSK5,Francais,25e24fe38eb4,"point de vue, opinion",guāndiǎn,观点,大家都有自己的观点,Dàjiā dōu yǒu zìjǐ de guāndiǎn,Tout le monde a son propre point de vue,,
HSK5,Francais,b7f8e0ec9624,"notion, idée",guānniàn,观念,他对环保的观念很重要,Tā duì huánbǎo de guānniàn hěn zhòngyào,Ses notions sur la protection de l'environnement sont très importantes,,
HSK5,Francais,e236ed871245,champion,guànjūn,冠军,他是足球场上的冠军,Tā shì zúqiú chǎng shàng de guànjūn,Il est le champion sur le terrain de football,,
HSK5,Francais,7a54c080db8b,honorer de sa présence,guānglín,光临,今天，请光临我们的婚礼,"Jīn tiān, qǐng guāng lín wǒ men de hūn lǐ","Aujourd'hui, veuillez honorer de votre présence notre mariage",,
HSK5,Francais,5383fd6c5daf,"luminosité, brillant, lumière",guāngmíng,光明,未来会是一个光明的世界,Wèilái huì shì yīgè guāngmíng de shìjiè,L'avenir sera un monde lumineux.,,
HSK5,Francais,3b8868322194,rayon de lumière,guāngxiàn,光线,阳光把温暖的光线照在我的脸上,Yáng guāng bǎ wēn nuǎn de guāngxiàn zhào zài wǒ de liǎn shàng,Le soleil dirige des rayons de lumière chauds sur mon visage,,
HSK5,Francais,5cd675693f01,"large, large",guǎng,广,中国的广场很大,Zhōng guó de guǎng chǎng hěn dà,La place de Chine est très grande,,
HSK5,Francais,852bd276987c,"place, place",guǎngchǎng,广场,北京市中心有一个很大的广场,Běijīng shì zhōngxīn yǒu yī gè hěn dà de guǎngchǎng,Le centre-ville de Pékin a une grande place,,
HSK5,Francais,225f83684f6f,"vaste, vaste",guǎngdà,广大,中国广大地区的人们都喜欢中国菜,Zhōngguó guǎngdà dìqū de rénmen dōu xǐhuān Zhōngguó cài,Les gens de la vaste Chine aiment la cuisine chinoise,,
HSK5,Francais,e91f52b6e588,"étendu, répandu",guǎngfàn,广泛,这个新技术在全球已经变得广泛,Zhè ge xīn jìshù zài quánqiú yǐjīng biàn de guǎngfàn,Cette nouvelle technologie est devenue très répandue dans le monde entier,,
HSK5,Francais,4dc62b4e6870,"loi, modèle régulier, régulier",guīlǜ,规律,一切都有规律,Yīqiē dōu yǒu guīlǜ,Tout a un modèle régulier,,
HSK5,Francais,804431272bec,"échelle, taille",guīmó,规模,这家公司的规模很大,Zhè jiā gōngsī de guīmó hěn dà,Cette entreprise a une grande échelle,,
HSK5,Francais,0b14f3501a02,"règle, règlement, régulier",guīzé,规则,我们必须遵守规则,Wǒmen bìxū zūnshǒu guīzé,Nous devons suivre les règles.,,
HSK5,Francais,d78b6b5c106b,votre nom d'honneur,guìxìng,贵姓,你的贵姓是什么,Nǐ de guìxìng shì shénme,Votre nom d'honneur est quoi ?,,
HSK5,Francais,9e8cc5bdf438,"placard, armoire",guìzi,柜子,我的房间里有一个柜子,Wǒ de fángjiān lǐ yǒu yī gè guìzi,J'ai un placard dans ma chambre,,
HSK5,Francais,1860716c0472,rouler,gǔn,滚,球在地上滚,Qiú zài dì shàng gǔn,La balle roule sur le sol,,
HSK5,Francais,3970cd286238,pot,guō,锅,妈妈在厨房里洗了一个大锅,Māmā zài chúfáng lǐ xǐ le yī gè dà guō,Maman a lavé un grand pot dans la cuisine,,
HSK5,Francais,34c5016b3c62,peinture traditionnelle chinoise,guóhuà,国画,我喜欢收藏国画,Wǒ xǐhuān shōuguò guóhuà,J'aime collectionner les peintures traditionnelles chinoises,,
HSK5,Francais,a2fbac206a56,Fête nationale,guóqìng,国庆,我们会在国庆节放假,Wǒmen huì zài guóqìng jié fàngjià,Nous allons avoir des vacances pendant la Fête nationale.,,
HSK5,Francais,28e08652f23a,"en effet, comme prévu",guǒrán,果然,我昨天预测会下雨，果然今天天气预报说会下大雨,"Wǒ zuótiān yùcè huì xià yǔ, guǒrán jīntiān tiānqì yùbào shuō huì xià dà yǔ","J'ai prédit hier qu'il pleuvrait, et comme prévu, la météo annonce aujourd'hui une grosse pluie.",,
HSK5,Francais,4445c5d57e84,fruit,guǒshí,果实,苹果是甜的果实,Píngguǒ shì tián de guǒshí,La pomme est un fruit doux,,
HSK5,Francais,9d89f01aac13,excessif,guòdù,过度,他工作得过度疲劳了,Tā gōngzuo de guòdù píláo le,Il a travaillé de manière excessive et s'est épuisé.,,
HSK5,Francais,b43213b030bd,"excessif, exagéré",guòfèn,过分,他对我的批评有点过分,Tā duì wǒ de pīpíng yǒu diǎn guòfèn,Il est un peu excessif dans ses critiques à mon égard,,
HSK5,Francais,0c747a74aeb3,être allergique,guòmǐn,过敏,我对坚果过敏,Wǒ duì jiān gǔ guòmǐn,Je suis allergique aux noix,,
HSK5,Francais,fc45a51c5099,expirer,guòqī,过期,这张卡已经过期,Zhè zhāng kǎ yǐjīng guòqī,Cette carte a expiré,,
HSK5,Francais,f05beff0460f,"aussi, excessivement",guòyú,过于,他的身高过于平均,Tā de shēnggāo guòyú píngjūn,Son altura est excessivement moyenne,,
HSK5,Francais,f93247eda750,"ha, onomatopée pour rire",hā,哈,孩子们听到笑话就哈哈大笑,Háizi men tīng dào xiào huà jiù hā hā dà xiào,Les enfants ont ri aux éclats en entendant la blague,,
HSK5,Francais,565bbaf7cf35,douane,hǎiguān,海关,我要去海关办理手续,Wǒ yào qù hǎiguān bàn lǐ shǒu xù,Je vais à la douane pour régler les formalités,,
HSK5,Francais,2b33c1af34c6,"outre-mer, à l'étranger",hǎiwài,海外,我在海外工作,Wǒ zài hǎiwài gōngzuò,Je travaille à l'étranger,,
HSK5,Francais,585f47e24e94,fruit de mer,hǎixiān,海鲜,我喜欢吃海鲜,Wǒ xǐhuān chī hǎixiān,J'aime manger des fruits de mer,,
HSK5,Francais,41482a715fb3,contenir,hán,含,这本书含有很多有用的信息,Zhè běn shū hán yǒu hěn duō yǒu yòng de xìng xī,Ce livre contient beaucoup d'informations utiles,,
HSK5,Francais,016a731f7fa6,contenu,hánliàng,含量,这个水的含量很高,Gè zhè shuǐ de hánliàng hěn gāo,Le contenu d'eau de ceci est très élevé,,
HSK5,Francais,6938fa6a8b56,contenir,hányǒu,含有,这个水果含有多种维生素,Gēi zhè ge shuǐ guǒ hạnyǒu duō zhǒng wéi shēng sù,Ce fruit contient de multiples vitamines,,
HSK5,Francais,e9be000b09bb,transpirer,hànshuǐ,汗水,今天很热，我出很多汗水,"Jīntiān hěn rè, wǒ chū hěn duō hànshuǐ","Aujourd'hui il fait très chaud, je transpire beaucoup",,
HSK5,Francais,6e9e90bae4cd,industrie,hángyè,行业,中国的汽车行业非常发达,Zhōngguó de qìchē hàngyè fēicháng fādá,L'industrie automobile en Chine est très développée,,
HSK5,Francais,a654be203851,"critique positive, éloge",hǎopíng,好评,这部电影得到很多人的好评,Zhè bù diànyǐng dé dào hěn duō rén de hǎo píng,Ce film a reçu de nombreuses critiques positives.,,
HSK5,Francais,362fcbbc584c,bonne chance,hǎoyùn,好运,祝你考试好运,Zhù nǐ kǎoshì hǎoyùn,Je vous souhaite bonne chance à votre examen,,
HSK5,Francais,c89da249c335,prendre un tournant pour le mieux,hǎozhuǎn,好转,他的身体状况开始好转,Tā de shēntǐ zhuàngkuàng kāishǐ hǎozhuǎn,Son état de santé commence à s'améliorer,,
HSK5,Francais,52115f212803,curieux,hàoqí,好奇,孩子们都很好奇,Háizimen dōu hěn hàoqí,Les enfants sont tous curieux,,
HSK5,Francais,b9a200d0c30a,"fermer, s'adapter, rejoindre",hé,合,公司和我们合作了,Gōngsī hé wǒmen hézuò le,L'entreprise a rejoint notre collaboration.,,
HSK5,Francais,56e1ae6182b3,"légal, licite",héfǎ,合法,这个公司的经营活动是完全合法的,Gèi gōngsī de jīngyìng huódòng shì wánquán héfǎ de,L'activité d'exploitation de cette entreprise est complètement légale.,,
HSK5,Francais,f1f0b019b3e4,repas en boîte,héfàn,盒饭,今天我吃了一盒饭,Jīn tiān wǒ chī le yī hé fàn,Aujourd'hui j'ai mangé un repas en boîte,,
HSK5,Francais,27129c657699,"raisonnable, rationnel",hélǐ,合理,这个价格很合理,Gè zhè jiàgé hěn hélǐ,Ce prix est très raisonnable,,
HSK5,Francais,757a4894f96f,rivière,héliú,河流,这条河流流经我们的城市,Zhè tiáo héliú liú jīng wǒmen de chéngshì,Cette rivière traverse notre ville,,
HSK5,Francais,af46ad6425cd,contracter,hétóng,合同,他们决定签订一个合同,Tāmen juédìng qiān dìng yī gè hétóng,Ils ont décidé de signer un contrat,,
HSK5,Francais,75e059bc3c48,"prendre une photo de groupe, photo de groupe",héyǐng,合影,我们一起去合影,Wǒmen yīqǐ qù héyǐng,Nous allons prendre une photo de groupe ensemble,,
HSK5,Francais,7bb28eb85640,coopérer,hézuò,合作,我们需要合作完成这个项目,Wǒmen xūyào hézuò wánchéng zhège xiàngmù,Nous devons coopérer pour terminer ce projet,,
HSK5,Francais,29f5e0b50422,noir,hēi,黑,我喜欢黑色的衣服,Wǒ xǐ huān hēi sè de yī fu,J'aime les vêtements noirs.,,
HSK5,Francais,169812380ac0,rouge,hóng,红,苹果是红色的,Píngguǒ shì hóngsè de,La pomme est rouge.,,
HSK5,Francais,d87c03979a73,singe,hóuzi,猴子,我喜欢猴子,Wǒ xǐ huān hóu zi,J'aime les singes,,
HSK5,Francais,3d7379abcf96,épaisseur,hòudù,厚度,这块玻璃的厚度是5毫米,Zhè kuài bō lí de hòudù shì 5 háo mǐ,L'épaisseur de ce verre est de 5 millimètres,,
HSK5,Francais,7e382e571321,"conséquence, suite",hòuguǒ,后果,他的行为将会引起严重的后果,Tā de xíngwèi jiāng huì yǐn qǐ yán zhòng de hòuguǒ,Ses actes auront de graves conséquences,,
HSK5,Francais,79130495c131,"négliger, ignorer",hūshì,忽视,他忽视了我的电话,Tā hūshì le wǒ de diànhuà,Il a ignoré mon appel téléphonique,,
HSK5,Francais,6a370f268633,respirer,hūxī,呼吸,我喜欢呼吸新鲜空气,Wǒ xǐ huān hūxī xīn xiān kōng qì,J'aime respirer l'air frais.,,
HSK5,Francais,4ac8c0e2cd58,lac,hú,湖,西湖是一个很美丽的湖,Xī hú shì yī gè hěn měilì de hú,Le lac de l'Ouest est un lac très beau,,
HSK5,Francais,4babef1fc8e5,papillon,húdié,蝴蝶,我喜欢看着蝴蝶飞舞,Wǒ xǐhuān kànzhe húdié fēiwǔ,J'aime regarder les papillons voler.,,
HSK5,Francais,39cd69e3bffe,"hutong, ruelle",hútòng,胡同,北京的胡同很有特点,Běijīng de hútòng hěn yǒu tè diǎn,Les ruelles de Pékin ont des caractéristiques particulières,,
HSK5,Francais,9fd52a40c5f9,interagir,hùdòng,互动,通过互联网，我们可以与他人互动,"Tōng guò huàntī wǎng, wǒmen kěyǐ yǔ qítā rén hùdòng","Grâce à Internet, nous pouvons interagir avec les autres.",,
HSK5,Francais,ee4aa67c85f6,"à l'extérieur, en plein air",hùwài,户外,我喜欢在户外锻炼,Wǒ xǐhuān zài hùwài duànliàn,J'aime faire de l'exercice à l'extérieur,,
HSK5,Francais,34acaf152324,"dépenser, coûter",huāfèi,花费,这个项目花费了我们很多时间和金钱,Zhè ge xiàngmù huāfèi le wǒmen hěn duō shíguò hé jīnqián,Ce projet nous a coûté beaucoup de temps et d'argent,,
HSK5,Francais,a12fd7936120,"glissant, glisser",huá,滑,公共汽车在坡道上滑了,Gōnggòng qìchē zài pōdào shàng huá le,Le bus a glissé sur la pente.,,
HSK5,Francais,fb38a4ed325b,"ramer, pagayer",huá,划,他会划船,Tā huì huá chuán,Il sait ramer un bateau,,
HSK5,Francais,071fc0516fcf,"suffixe indiquant le changement, la transformation, (changer)",huà,化,化学反应会使物质发生变化,Huà xué fǎn yìng huì shǐ wù zhì fā shēng biàn huà,La réaction chimique fera changer la substance,,
HSK5,Francais,c5b2a3b3ec3e,"facture de téléphone, frais d'appel",huàfèi,话费,我要去缴话费,Wǒ yào qù jiǎo huàfèi,Je vais payer ma facture de téléphone.,,
HSK5,Francais,b018ab82701e,"scène, image, écran",huàmiàn,画面,电视里的画面非常真实,Diànshì lǐ de huàmiàn fēicháng zhēnshí,L'image à la télévision est très réaliste,,
HSK5,Francais,23e99a34a557,"sujet, sujet de discussion",huàtí,话题,昨天我们讨论的話題很有趣,Zuótiān wǒmen tǎolùn de huàtí hěn yǒuqù,Le sujet de discussion que nous avons abordé hier était très intéressant,,
HSK5,Francais,4f0c286eaed1,chimie,huàxué,化学,她是化学教授,Tā shì huàxué jiàoshòu,Elle est professeure de chimie,,
HSK5,Francais,0ea27686f5e1,"lien, segment",huánjié,环节,项目的每个环节都需要仔细检查,Xiàngmù de měi gè huánjié dōu xūyào zǐxì jiǎnchá,Chaque segment du projet nécessite un contrôle attentif,,
HSK5,Francais,10f0b7a4defa,"soulager, soulager",huǎnjiě,缓解,新的药物可以缓解头痛,Xīn de yào wù kě yǐ huǎnjiě tóu tòng,Le nouveau médicament peut soulager la migraine,,
HSK5,Francais,2275e8da6202,lent,huǎnmàn,缓慢,他走路的速度非常缓慢,Tā zǒu lù de sù dù fēi cháng huǎnmàn,Il marche à une vitesse très lente,,
HSK5,Francais,70fca8def641,concombre,huángguā,黄瓜,我喜欢吃黄瓜,Wǒ xǐ huān chī huángguā,J'aime manger des concombres,,
HSK5,Francais,dda255cf8ea3,or,huángjīn,黄金,我有一块黄金手表,Wǒ yǒu yī kuài huángjīn shǒu biǎo,J'ai une montre en or,,
HSK5,Francais,fa2e494b1544,"frêne, gris, gris",huī,灰,他的头发是灰色的,Tā de tóufa shì huīsè de,Ses cheveux sont gris,,
HSK5,Francais,30c191de5da7,"agiter, brandir",huī,挥,他挥动着手kerchief,Tā huīdòng zhe shǒu jīn,Il agite son mouchoir,,
HSK5,Francais,cf49b5f4c489,"récupérer, restaurer",huīfù,恢复,我要恢复体力,Wǒ yào huīfù tǐlì,Je veux récupérer mes forces.,,
HSK5,Francais,ce9fbbc2cb88,"couleur grise, gris, cendré",huīsè,灰色,天空的颜色是灰色,Tiān kōng de yán sè shì huī sè,La couleur du ciel est grise,,
HSK5,Francais,fbfb511b9b3c,recycler,huíshōu,回收,我们应该尽量回收塑料瓶,Wǒmen yīnggāi jǐnliàng huíshōu sùliào píng,Nous devrions essayer de recycler les bouteilles en plastique,,
HSK5,Francais,024c60c45e83,taux de change,huìlǜ,汇率,,,,,
HSK5,Francais,6d499d747e7e,cérémonie de mariage,hūnlǐ,婚礼,周末我要参加朋友的婚礼,Zhōu mò wǒ yào cān jiā péng yǒu de hūn lǐ,"Le week-end, je vais assister au mariage de mon ami.",,
HSK5,Francais,5e86f8d50647,mesurer le mot pour les groupes,huǒ,伙,他们是一伙非常好的朋友,Tāmen shì yī huǒ hěn hǎo de péng yǒu,Ils sont un groupe d'excellents amis,,
HSK5,Francais,0da42b069bcd,"compagnon, partenaire",huǒbàn,伙伴,我找到了一个好伙伴,Wǒ zhǎo dào le yī gè hǎo huǒbàn,J'ai trouvé un bon compagnon,,
HSK5,Francais,41149967b24e,fondue,huǒguō,火锅,我喜欢吃火锅,Wǒ xǐhuān chī huǒguō,J'aime manger de la fondue.,,
HSK5,Francais,6e745cf5709c,"ou, soit... ou...",huòshì,或是,我喜欢喝茶或是咖啡,Wǒ xǐhuān hē chá huòshì kāfēi,J'aime boire du thé ou du café,,
HSK5,Francais,bbca1810863b,marchandises,huòwù,货物,这批货物是从中国进口的,Zhè pī huòwù shì cóng zhōngguó jìn kǒu de,Cette marchandise est importée de Chine,,
HSK5,Francais,e3f61f5731e9,"peut-être, peut-être",huòxǔ,或许,或许我会去公园,Huòxǔ wǒ huì qù gōngyuán,Peut-être que j'irai au parc,,
HSK5,Francais,d090fa6a657a,"organisation, institution",jīgòu,机构,公司是大型机构,Gōngsī shì dà xíng jīgòu,L'entreprise est une grande institution,,
HSK5,Francais,c56ea1f5fa16,"féroce, intense",jīliè,激烈,比赛非常激烈,Bǐsài hěn jīliè,La compétition est très féroce,,
HSK5,Francais,ad2284fa3b5d,machine,jīqì,机器,我买了一台机器,Wǒ mǎi le yī tái jīqì,J'ai acheté une machine,,
HSK5,Francais,099894ad81fc,robot,jīqìrén,机器人,我有一个机器人朋友,Wǒ yǒu yī gè jīqìrén péngyǒu,J'ai un ami robot.,,
HSK5,Francais,81d9160db925,muscle,jīròu,肌肉,我一直在锻炼我的肌肉,Wǒ yīzhí zài duàn liàn wǒ de jīròu,Je m'entraîne toujours à développer mes muscles,,
HSK5,Francais,d73ffddc6279,"et, ainsi que",jí,及,我会学中文及法语,Wǒ huì xué zhōng wén jí fǎ yǔ,Je vais apprendre le chinois et le français,,
HSK5,Francais,e186a6b9567f,"niveau, note, mesure mot pour les étapes",jí,级,我是初级学生,Wǒ shì chūjí xuésheng,Je suis un élève de niveau débutant.,,
HSK5,Francais,2fa38919dca9,"collection, volume, Classificateur pour les épisodes",jí,集,这是第一集,Zhè shì dì yī jí,C'est le premier épisode,,
HSK5,Francais,90ab7ec96f39,maladie,jíbìng,疾病,我有一个患有慢性疾病的朋友,Wǒ yǒu yí gè huàn yǒu màn xìng jíbìng de péng yǒu,J'ai un ami qui souffre d'une maladie chronique.,,
HSK5,Francais,295c3cd71721,réussir un examen,jígé,及格,我终于在考试中及格了,Wǒ zuìzhōng zài kǎoshì zhōng jígé le,J'ai enfin réussi mon examen.,,
HSK5,Francais,cd33802625ef,"se rassembler, se rassembler",jíhé,集合,大家会在公园集合,Dàjiā huì zài gōngyuán jíhé,Tout le monde se rassemblera au parc,,
HSK5,Francais,01f31a99ad67,"bientôt, sur le point de",jíjiāng,即将,我明天即将毕业,Wǒ míng tiān jíjiāng bì yè,Je vais bientôt obtenir mon diplôme demain,,
HSK5,Francais,c3ed82f2e565,"à la hâte, à la hâte",jímáng,急忙,她急忙跑去机场,Tā jímáng pǎo qù jīchǎng,Elle court à l'aéroport à la hâte,,
HSK5,Francais,63f8d399efdf,extrêmement,jíqí,极其,这个电影极其有趣,zhège diànyǐng jíqí yǒuqù,Ce film est extrêmement intéressant,,
HSK5,Francais,d04aa692a593,"collectif, groupe",jítǐ,集体,我们是一个集体,Wǒmen shì yīgè jítǐ,Nous sommes un collectif,,
HSK5,Francais,9e1303eebdc1,avoir un besoin urgent,jíxū,急需,我公司急需一位會計師,Wǒ gōngsī jíxū yī wèi kuàijìshī,Notre entreprise a un besoin urgent d'un comptable,,
HSK5,Francais,b8924e2659b4,"faire un traitement d'urgence, un cas d'urgence",jízhěn,急诊,医院的急诊室非常忙,Yīyuàn de jízhěn shì fēicháng máng,La salle d'urgence de l'hôpital est très occupée,,
HSK5,Francais,3e5de2b6a92e,"se concentrer, concentré",jízhōng,集中,,,,,
HSK5,Francais,8a01357945c2,"se presser, se presser, bondé",jǐ,挤,公交车里人太挤了,Gōng jiāo chē lǐ rén tài jǐ le,Le bus est trop bondé.,,
HSK5,Francais,7387e70b7431,"attacher, attacher",jì,系,我把狗的绳子系在树上,Wǒ bǎ gǒu de shéng zǐ jì zài shù shàng,J'attache la laisse du chien à l'arbre,,
HSK5,Francais,4d67fa087440,trimestre (d'une année),jìdù,季度,公司每个季度都会发布财报,Gōngsī měi gè jìdù dū huì fābù căibào,L'entreprise publie son rapport financier chaque trimestre.,,
HSK5,Francais,e87578bbfe5e,"enregistrer, enregistrer",jìlù,记录,我要记录这段经历,Wǒ yào jìlù zhè duàn jīnglì,Je veux enregistrer cette expérience,,
HSK5,Francais,b76217208ac3,enregistrer comme dans la réussite,jìlù,纪录,她是一名出色的运动员，她的成绩被记录在学校的纪录簿中,"Tā shì yī míng chū sè de yùndòngyuán, tā de chéngjì bèi jìlù zài xuéxiào de jìlù bù zhòng","Elle est une athlète exceptionnelle, ses réalisations sont enregistrées dans le livre des records de l'école",,
HSK5,Francais,73c33c1ae384,documentaire,jìlùpiàn,纪录片,我喜欢看纪录片,Wǒ xǐ huān kàn jìlùpiàn,J'aime regarder les documentaires,,
HSK5,Francais,5f6941263f7d,compétence,jìnéng,技能,我学习英语以提高我的技能,Wǒ xuéxí yīngyǔ yǐ tígāo wǒ de jìnéng,J'apprends l'anglais pour améliorer mes compétences,,
HSK5,Francais,ac0bfa641347,"commémorer, commémoration, souvenir",jìniàn,纪念,今天是纪念日,Jīn tiān shì jì niàn rì,Aujourd'hui c'est un jour de commémoration,,
HSK5,Francais,f39f7fcdd4e3,anniversaire,jìniànrì,纪念日,今天是他的生日纪念日,Jīn tiān shì tā de shēng rì jì niàn rì,Aujourd'hui est son anniversaire.,,
HSK5,Francais,6495713ebbd1,calculer,jìsuàn,计算,我每天都要计算工资,Wǒ měi tiān dōu yào jìsuàn gōng zī,Je dois calculer mon salaire chaque jour.,,
HSK5,Francais,55537a7f0f26,ordinateur,jìsuànjī,计算机,我有一台计算机,Wǒ yǒu yī tái jìsuànjī,J'ai un ordinateur,,
HSK5,Francais,f2c9af62f48f,"se souvenir, mémoire",jìyì,记忆,我有很好的记忆,Wǒ yǒu hěn hǎo de jìyì,J'ai une très bonne mémoire,,
HSK5,Francais,8a013e959d97,enregistrer,jìzǎi,记载,历史书上有记载这件事,Lìshǐ shū shàng yǒu jìzǎi zhè jiàn shì,Le livre d'histoire enregistre cet événement,,
HSK5,Francais,808b54f2a573,"invité, invité d'honneur",jiābīn,嘉宾,今晚的嘉宾是中国著名演员,Jīn wǎn de jiābīn shì zhōng guó zhù míng yǎn yuán,L'invité d'honneur de ce soir est un acteur chinois de renom.,,
HSK5,Francais,3d4a5f36e369,appareils électroménagers,jiādiàn,家电,我家里有很多家电,Wǒ jiā lǐ yǒu hěn duō jiādiàn,J'ai beaucoup d'appareils électroménagers chez moi,,
HSK5,Francais,5ac7af2430ec,traiter,jiāgōng,加工,该公司会对原材料进行加工,Gāi gōngsī huì duì yuán cáilào jìnxíng jiāgōng,L'entreprise traite les matières premières.,,
HSK5,Francais,34425d1babb9,chauffer,jiārè,加热,他们需要将水加热到一百度,Tāmen xūyào jiāng shuǐ jiārè dào yībǎi dù,Ils doivent chauffer l'eau à cent degrés.,,
HSK5,Francais,655d8a4caeab,approfondir,jiāshēn,加深,关系越来越加深,Guānxi yuè lái yuè jiāshēn,Les relations sont de plus en plusprofondes,,
HSK5,Francais,7c8444516b42,pour accélérer,jiāsù,加速,他们需要加速生产以满足需求,Tāmen xūyào jiāsù shēngchǎn yǐ mǎnzú xūqiú,Ils doivent accélérer la production pour satisfaire la demande,,
HSK5,Francais,66daf1f9a640,tâches ménagères,jiāwù,家务,我每天帮父母做家务,Wǒ měi tiān bāng fùmǔ zuò jiāwù,Je aide mes parents à faire les tâches ménagères chaque jour,,
HSK5,Francais,1a0d158f1d7a,"d'abord, l'armure",jiǎ,甲,我穿的甲衣很重,Wǒ chuān de jiǎ yī hěn zhòng,L'armure que je porte est très lourde,,
HSK5,Francais,a0b7532e4f68,si,jiǎrú,假如,假如我有钱，我就会去旅行,"Jiǎrú wǒ yǒu qián, wǒ jiù huì qù lǚxíng","Si j'avais de l'argent, je voyagerais.",,
HSK5,Francais,f8c2fa7ff804,"étagère, cadre, pour combattre, mesurer mot pour avions, etc.",jià,架,这个架子很坚固,Gè zhè jiàzi hěn jiāngǔ,Cette étagère est très solide,,
HSK5,Francais,cf39a1e35b2e,conduire,jiàshǐ,驾驶,我会驾驶汽车,Wǒ huì jiàshǐ qìchē,Je sais conduire une voiture,,
HSK5,Francais,9d401e07ee38,le permis de conduire,jiàzhào,驾照,我已经拿到了驾照,Wǒ yǐjīng ná le jiàzhào,J'ai déjà obtenu mon permis de conduire,,
HSK5,Francais,dc748914963b,valeur,jiàzhí,价值,这件衣服的价值很高,Zhè jiàn yī fú de jiàzhí hěn gāo,La valeur de cette voiture est très élevée,,
HSK5,Francais,9dda974de5d6,"ardu, difficile",jiānkǔ,艰苦,我们一起经历了很多艰苦的日子,Wǒmen yīqǐ jīnglì le hěn duō jiānkǔ de rìzì,Nous avons vécu ensemble de nombreuses journées difficiles,,
HSK5,Francais,9fc4d1d048b9,"fort, inébranlable",jiānqiáng,坚强,在逆境中，我们需要成为一个坚强的人,"Zài nìjìng zhōng, wǒmen xūyào chéngwèi yī gè jiānqiáng de rén","Dans l'adversité, nous devons être une personne forte.",,
HSK5,Francais,f9d4fa93415b,ramasser,jiǎn,捡,我捡到了一件丢失的钱包,Wǒ jiǎn dào le yī jiàn diū shī de qián bāo,J'ai ramassé un portefeuille perdu,,
HSK5,Francais,8dc2f9a76b64,couper,jiǎn,剪,她用剪刀剪头发,Tā yòng jiǎndāo jiǎn tóufa,Elle se coupe les cheveux avec des ciseaux,,
HSK5,Francais,42b11f8b512f,ciseaux,jiǎndāo,剪刀,我用剪刀裁衣服,Wǒ yòng jiǎndāo cái yīfú,J'utilise des ciseaux pour couper des vêtements,,
HSK5,Francais,baaa1c659e72,perdre du poids,jiǎnféi,减肥,她正在努力减肥,Tā zhèngzài nǔlì jiǎnféi,Elle est en train de faire de l'effort pour perdre du poids.,,
HSK5,Francais,b2c142c45980,"curriculum vitae, curriculum vitae",jiǎnlì,简历,我需要更新我的简历,Wǒ xūyào gēng xīn wǒ de jiǎnlì,J'ai besoin de mettre à jour mon curriculum vitae,,
HSK5,Francais,e446128d6f5b,"simplement, absolument",jiǎnzhí,简直,今天的天气简直太好了,Jīn tiān de tiān qì jiǎn zhí tài hǎo le,Le temps est absolument superbe aujourd'hui,,
HSK5,Francais,11e6da6ccf75,construire,jiàn,建,我们要建一座新房子,Wǒmen yào jiàn yǐ zuò xīn fángzǐ,Nous allons construire une nouvelle maison,,
HSK5,Francais,470ab9366a3d,"touche (sur le clavier), bouton",jiàn,键,我按下键盘上的每个键,Wǒ àn xià jiàn pán shàng de měi gè jiàn,Je presse chaque touche du clavier,,
HSK5,Francais,cd46fb430d19,progressivement,jiànjiàn,渐渐,孩子渐渐长大了,Háizǐ jiànjiàn zhǎng dà le,L'enfant grandit progressivement.,,
HSK5,Francais,33425aeb0ecc,établir,jiànlì,建立,我们公司将在上海建立新办事处,Wǒmen gōngsī jiāng zài shànghǎi jiànlì xīn bànshì chù,Notre entreprise va établir un nouveau bureau à Shanghai,,
HSK5,Francais,161da0db4853,clavier,jiànpán,键盘,我刚买了一个新的键盘,Wǒ gāng mǎi le yī gè xīn de jiànpán,Je viens d'acheter un nouveau clavier,,
HSK5,Francais,a4e21a048b86,"construire, construire",jiànshè,建设,我们需要继续建设我们的国家,Wǒmen xūyào jìxù jiànshè wǒmen de guójiā,Nous devons continuer à construire notre pays,,
HSK5,Francais,63f59d0ddab6,"construire, construire",jiànzào,建造,这个工厂专门建造汽车,Gāi gōngchǎng zhuānmén jiànzào qìchē,Cette usine construit spécialement des voitures,,
HSK5,Francais,fafb1b85bcd7,"construire, bâtiment, architecture",jiànzhù,建筑,这个城市的建筑风格很独特,Gè zhè chéngshì de jiànzhù fēnggé hěn dú tè,L'architecture de cette ville est très unique,,
HSK5,Francais,b7d39e6017c8,"presque, presque",jiāngjìn,将近,明天下午我将近5点钟才能到达,Míng tiān xià wǔ wǒ jiāngjìn wǔ diǎn zhōng cáinéng dào dá,"Demain après-midi, je vais arriver vers 5 heures.",,
HSK5,Francais,bcc96aec3500,discours,jiǎnghuà,讲话,今天我要做一个重要的讲话,Jīntiān wǒ yào zuò yī gè zhòngyào de jiǎnghuà,"Aujourd'hui, je vais faire un discours important",,
HSK5,Francais,aca3ca9a15f3,"être particulier, exquis, raffiné",jiǎngjiu,讲究,她是一个讲究的人，总是穿着优雅的衣服。,"Tā shì yī gè jiǎngjiu de rén, zǒng shì chuān zhe yōu yǎ de yī fu","Elle est une personne exigeante, toujours vêtue d'habits élégants.",,
HSK5,Francais,eb0365cc5dcb,"récompenser, récompenser",jiǎnglì,奖励,如果我能完成这个项目，我将获得一个大奖励,"Rúguǒ wǒ néng wánchénɡ xiàngmù, wǒ jiāng huòdé yī gè dà jiǎnglì","Si je peux terminer ce projet, je recevrai une grande récompense",,
HSK5,Francais,299f117a64b1,"raconter, raconter",jiǎngshù,讲述,这本书讲述了一个关于爱情的故事,Zhè bēn shū jiǎngshù le yī gè guān yú ài qíng de gù shì,Ce livre raconte une histoire d'amour,,
HSK5,Francais,a16c2c154194,"conférence, séminaire",jiǎngzuò,讲座,今天下午我将参加一个有关环境保护的讲座,Jīntiān xiàwǔ wǒ jiāng cān jiā yī gè yǒu guān huánjìng bǎohù de jiǎngzuò,"Aujourd'hui après-midi, je vais assister à une conférence sur la protection de l'environnement.",,
HSK5,Francais,b70e01e25fb9,"avoir de la précipitation, précipiter",jiàngshuǐ,降水,今天会有降水,Jīn tiān huì yǒu jiàngshuǐ,Aujourd'hui il y aura des précipitations,,
HSK5,Francais,26de6fbe6281,"arroser, verser",jiāo,浇,我每天早上都会浇花,Wǒ měi tiān zǎo shàng dū huì jiāo huā,Je m'occupe d'arroser les fleurs chaque matin.,,
HSK5,Francais,3d258290e279,échanger,jiāohuàn,交换,我们可以交换礼物,Wǒmen kěyǐ jiāohuàn lǐwù,Nous pouvons échanger des cadeaux,,
HSK5,Francais,99e3684cda1c,"s'associer, interagir",jiāowǎng,交往,他们经常交往,Tāmen jīngcháng jiāowǎng,Ils interagissent souvent,,
HSK5,Francais,50c3b1868f29,"échanger, transaction, traiter",jiāoyì,交易,今天我要进行一个重要的交易,Jīn tiān wǒ yào jìnxíng yī gè zhòng yào de jiāoyì,"Aujourd'hui, je vais effectuer une transaction importante.",,
HSK5,Francais,e40def729835,"pas, pas",jiǎobù,脚步,她走路的脚步很慢,Tā zǒu lù de jiǎobù hěn màn,Elle marche avec des pas très lents,,
HSK5,Francais,1abb6a084eb7,angle,jiǎodù,角度,从不同的角度看问题,Cóng bùtóng de jiǎodù kàn wèntí,Regarder le problème sous différents angles,,
HSK5,Francais,0cc36277cb77,"que, relativement, comparativement",jiào,较,他比我较高,Tā bǐ wǒ jiào gāo,Il est plus grand que moi,,
HSK5,Francais,0e392a6652a8,matériel pédagogique,jiàocái,教材,这个教材很有用,Gèi zhè ge jiàocái hěn yǒu yòng,Ce matériel pédagogique est très utile,,
HSK5,Francais,de0603d77050,contacter,jiēchù,接触,我想通过电话与她接触,Wǒ xiǎng tòu guò diànhuà yǔ tā jiēchù,Je veux la contacter par téléphone.,,
HSK5,Francais,1c6f86562b6a,"recevoir (des invités), accueillir",jiēdài,接待,公司将接待外国客户,Gōngsī jiāng jiēdài wàiguó kèhù,L'entreprise va accueillir les clients étrangers,,
HSK5,Francais,fd752b5b2943,"étape, étape",jiēduàn,阶段,项目正在进入一个新的阶段,Xiàngmù zhèngzài jìnrù yī gè xīn de jiēduàn,Le projet entre dans une nouvelle étape,,
HSK5,Francais,8cd7c0f84234,"s'approcher, se rapprocher de",jiējìn,接近,公司将接近破产,Gōngsī jiāng jiējìn pòchǎn,L'entreprise va être proche de la faillite,,
HSK5,Francais,406bffd00a4f,recevoir,jiēshōu,接收,我已经接收到了你的消息,Wǒ yǐjīng jiēshōu le nǐ de xiāoxī,J'ai déjà reçu votre message,,
HSK5,Francais,875f1a54689f,"nouer, nouer, résultat",jié,结,结果会以结婚为结局,Jié guǒ huì yǐ jié hūn wèi jié jú,Le résultat sera que nous nous marierons à la fin,,
HSK5,Francais,f2e2e96c5acd,structure,jiégòu,结构,这栋大楼的结构非常坚固,Zhè dōng dàlóu de jiégòu fēicháng jiāngū,La structure de cet immeuble est extrêmement solide,,
HSK5,Francais,b1997f75fa64,"combiner, unir",jiéhé,结合,我们需要结合创新技术和传统方法,Wǒmen xūyào jiéhé chuàngxīn jìshù hé chuántǒng fāngfǎ,Nous devons combiner la technologie innovante et les méthodes traditionnelles.,,
HSK5,Francais,b478e6fdc5ce,conclusion,jiélùn,结论,经过分析和讨论，最后得出了一个结论,"Jīngguò fēnxī hé tǎolùn, zuìhòu déchū le yī gè jiélùn","Après analyse et discussion, nous sommes finalement parvenus à une conclusion",,
HSK5,Francais,1103743cd651,"économiser, économiser",jiéshěng,节省,我会尽量节省钱,Wǒ huì jīn liàng jiéshěng qián,Je vais essayer d'économiser de l'argent,,
HSK5,Francais,080ed307e7a2,"mesurer le mot pour les sessions, les termes",jiè,届,本学期我要上四个学期才可以毕业,Běn xué qī wǒ yào shàng sì gè xué qī cái néng bì yè,Cette session d'études je vais suivre quatre sessions avant de pouvoir obtenir mon diplôme.,,
HSK5,Francais,b1a451f145e0,aujourd'hui,jīnrì,今日,今天我要去学校,Jīn tiān wǒ yào qù xué xiào,"Aujourd'hui, je vais aller à l'école",,
HSK5,Francais,05df2c9ffb12,"serrer, serrer",jǐn,紧,我把手紧紧握着,Wǒ bǎ shǒu jǐn jǐn wò zhe,Je serrais la main très fort,,
HSK5,Francais,ddfd331d89b9,"urgent, critique",jǐnjí,紧急,我们需要对紧急情况做出反应,Wǒmen xūyào duì jǐnjí qíngkuàng zuò chū fǎnyìng,Nous devons réagir à la situation urgente,,
HSK5,Francais,3b0e9a78f14f,dès que possible,jǐnkuài,尽快,我会尽快完成这个项目,Wǒ huì jǐnkuài wánchénɡ xià mù gōngchéng,Je vais terminer ce projet dès que possible,,
HSK5,Francais,15da8a3c4cce,au mieux de ses capacités,jǐnliàng,尽量,我会尽量完成这个任务,Wǒ huì jǐnliàng wán chéng zhè ge rèn wu,Je vais faire de mon mieux pour compléter cette tâche,,
HSK5,Francais,aade11c0b70d,"proche, serré",jǐnmì,紧密,两国关系很紧密,Liǎng guó guānxì hěn jǐnmì,Les relations entre les deux pays sont très étroites,,
HSK5,Francais,14a44e8f0ce3,"prudent, prudent",jǐnshèn,谨慎,我在投资时非常谨慎,Wǒ zài tóu zī shí hěn jǐnshèn,Je suis très prudent lorsqu'il s'agit d'investir,,
HSK5,Francais,8bba0e31cf8f,"avancer, s'améliorer, progresser, s'améliorer",jìnbù,进步,这是我的例子: 他每天都在努力工作以取得进步,Tā měi tiān dōu zài nǔ lì gōng zuò yǐ dé dào jìnbù,Il travaille dur chaque jour pour faire des progrès.,,
HSK5,Francais,7d5375f828de,les temps modernes,jìndài,近代,中国近代历史非常复杂,Zhōngguó jìndài lìshǐ fēicháng fùzá,L'histoire de la Chine dans les temps modernes est très compliquée,,
HSK5,Francais,4d07293ca5b3,importer,jìnkǒu,进又,中国从法国进口了大量的葡萄酒,Zhōngguó cóng fǎguó jìn kǒu le dà liàng de pú táo jiǔ,La Chine a importé une grande quantité de vin de France,,
HSK5,Francais,6ab41efdfec0,faire de son mieux,jìnlì,尽力,我会尽力学习法语,Wǒ huì jìnlì xuéxí fǎyǔ,Je vais faire de mon mieux pour apprendre le français,,
HSK5,Francais,fe72d50bf2c2,au cours des dernières années,jìnniánlái,近年来,近年来中国的经济发展很快,Jìnniánlái zhōngguó de jīngjì fāzhǎn hěn kuài,"Au cours des dernières années, l'économie chinoise a développé très rapidement",,
HSK5,Francais,6ee2e4a20924,période récente,jìnqī,近期,近期我每天都去跑步,Jìnqī wǒ měitiān dōu qù pǎobù,"Récemment, j'ai commencé à aller courir tous les jours",,
HSK5,Francais,b6128f7007c4,"récemment, ces derniers jours",jìnrì,近日,近日我去北京旅游,Jìnrì wǒ qù Běijīng lǚyóu,"Récemment, je suis allé faire du tourisme à Pékin",,
HSK5,Francais,f50fb993781b,plus loin,jìnyíbù,进一步,为了提高技能，我们需要进一步努力,"Wèi le tí gāo jì néng, wǒmen xū yào jìnyíbù nǔ lì","Pour améliorer nos compétences, nous devons faire des efforts plus loin.",,
HSK5,Francais,3d2d4555fbf4,"classique, classique",jīngdiǎn,经典,这部电影是一部经典影片,Zhè bù diànyǐng shì yī bù jīngdiǎn yǐngpǐan,Ce film est un classique du cinéma,,
HSK5,Francais,00780db60e42,"énergie, vigueur",jīnglì,精力,我现在很有精力,Wǒ xiàn zài hěn yǒu jīnglì,Je suis très énergique en ce moment,,
HSK5,Francais,3a1a99888242,"esprit, mental, mental, vif",jīngshen,精神,她有很好的精神状态,Tā yǒu hěn hǎo de jīngshen zhuàngtài,Elle a un excellent état d'esprit,,
HSK5,Francais,9984b84e5af1,"agréable surprise, ravi",jīngxǐ,惊喜,看到生日惊喜礼物我非常高兴,Kàn dào shēng rì jīngxǐ lǐ wù wǒ fēi cháng gāo xìng,"En voyant le cadeau de surprise pour mon anniversaire, je suis très heureux.",,
HSK5,Francais,49155228ceab,"gérer, exploiter",jīngyíng,经营,他会经营一家酒店,Tā huì jīngyíng yī jiā jiǔdiàn,Il sait gérer un hôtel,,
HSK5,Francais,ea1f028c6ba7,"tranquille, tranquille, devenir silencieux",jìng,静,晚上的湖面很静,Wǎn shàng de hú miàn hěn jìng,La surface du lac est très calme le soir.,,
HSK5,Francais,008a84bd6752,bar,jiǔbā,酒吧,我喜欢在酒吧喝啤酒,Wǒ xǐhuān zài jiǔbā hē píjiǔ,J'aime boire de la bière au bar,,
HSK5,Francais,d8e6b7500fc5,"long, lointain, d'une grande portée",jiǔyuǎn,久远,中国的历史文化影响久远,Zhōngguó de lìshǐ wénhuà yǐngxiǎng jiǔyuǎn,L'influence de l'histoire et de la culture chinoises est lointaine et d'une grande portée.,,
HSK5,Francais,a904907039a6,"sauver, sauver",jiù,救,我要去救他,Wǒ yào qù jiù tā,Je vais aller le sauver,,
HSK5,Francais,7ef5a1f6b064,ambulance,jiùhùchē,救护车,救护车正在赶往医院,Jiùhùchē zhèngzài gǎn wǎng yīyuàn,L'ambulance se dirige vers l'hôpital,,
HSK5,Francais,2872b8a2eb2a,"trouver un emploi, être employé",jiùyè,就业,我已经找到了第一份就业,Wǒ yǐjīng zhǎo dào le dì yī fèn jiùyè,J'ai déjà trouvé mon premier emploi,,
HSK5,Francais,7aa517c09086,résident,jūmín,居民,这个社区的居民都很友好,Gè zhè shèqū de jūmín dōu hěn yǒu yǐ,Les résidents de cette communauté sont tous très amis.,,
HSK5,Francais,b69213fbcee7,de façon inattendue,jūrán,居然,我居然在图书馆里睡着了,Wǒ jūrán zài túshūguǎn lǐ shuì zháo le,J'ai dormi de façon inattendue à la bibliothèque,,
HSK5,Francais,bfd98ec1e81e,"vivre, résider",jūzhù,居住,我在上海居住,Wǒ zài Shànghǎi jūzhù,Je vis à Shanghai,,
HSK5,Francais,294680a9a2da,orange,júzi,橘子,我最喜欢吃的水果是橘子,Wǒ zuì xǐ huān chī de shǔi guǒ shì júzi,Mon fruit préféré à manger est l'orange,,
HSK5,Francais,da0ded435aa0,"selon, basé sur",jù,据,根据最新的报道，经济正在复苏,"Gēnjù zuìxīn de bàoào, jīngjì zhèngzài fùsū","Selon les derniers rapports, l'économie est en train de se rétablir",,
HSK5,Francais,9fb4d3857286,"être à l'écart, à distance",jù,距,上海距北京300公里,Shàng hǎi jù běi jīng 300 gōng lǐ,Shanghai est à 300 kilomètres de Pékin,,
HSK5,Francais,f818ba1198be,"posséder, avoir",jùbèi,具备,她具备良好的语言能力,Tā jùbèi liǎng hǎo de yǔyán nénglì,Elle possède une bonne capacité linguistique,,
HSK5,Francais,8ed86ac15ca3,théâtre,jùchǎng,剧场,我喜欢去剧场看电影,Wǒ xǐ huān qù jùchǎng kàn diànyǐng,J'aime aller au théâtre pour regarder des films,,
HSK5,Francais,4c12e0821441,"énorme, énorme",jùdà,巨大,這間屋子有個巨大泳池,Zhè jiān wū zǐ yǒu gè jùdà yǒng chí,Cette maison a une grande piscine,,
HSK5,Francais,e535be482944,"on dit, semble-t-il",jùshuō,据说,据说这个城市很美,Jùshuō zhè ge chéngshì hěn měi,On dit que cette ville est très belle,,
HSK5,Francais,802c203bf1fe,"concret, spécifique, incarner",jùtǐ,具体,这个计划的具体细节还没有确定,Gēi gè jìhuà de jùtǐ xìjié hái méiyǒu quèdìng,Les détails concrets de ce plan n'ont pas encore été déterminés,,
HSK5,Francais,de45c0611e30,"avoir, posséder",jùyǒu,具有,这是一个具有挑战性的问题,Zhè shì yī gè jùyǒu tiǎozhàn xìng de wèntí,C'est une question qui présente un défi,,
HSK5,Francais,be36ce8dc2b4,faire un don,juān,捐,他向慈善机构捐赠了很多钱,Tā xiàng císhàn jīgòu juān zèng le hěn duō qián,Il a fait un don important à une organisation caritative.,,
HSK5,Francais,5cff5c7ba6bf,"absolu, absolument",juéduì,绝对,这件事是绝对不可能的,Zhè jiàn shì shì juéduì bù kěnéng de,Cette chose est absolument impossible.,,
HSK5,Francais,30f19612ca12,"participer à un match final, final",juésài,决赛,比赛的最后是决赛,Bǐsài de zuìhòu shì juésài,La dernière étape du concours est la finale,,
HSK5,Francais,98fbbcac9e03,"rôle, personnage",juésè,角色,演员必须认真扮演自己的角色,Yǎnyuán bìxū zhēnchí bàn yǎn zìjǐ de juésè,L'acteur doit jouer sérieusement son rôle.,,
HSK5,Francais,481016706eb2,"détermination, résolution, à déterminer",juéxīn,决心,我有决心学习汉语,Wǒ yǒu juéxīn xuéxí Hànyǔ,J'ai décidé d'apprendre le chinois.,,
HSK5,Francais,5f5efbf1c370,développer,kāifā,开发,这个公司正在开发新产品,Gēi gōngsī zhèngzài kāifā xīn chǎnpǐn,Cette entreprise est en train de développer un nouveau produit,,
HSK5,Francais,479ab6780e8c,"ouvrir, ouvrir",kāifàng,开放,中国是一个开放的国家,Zhōng guó shì yī gè kāifàng de guó jiā,La Chine est un pays ouvert,,
HSK5,Francais,af4295eacf6d,ouvrir une cérémonie ou une exposition,kāimù,开幕,展览将在周末举行开幕,Zhǎnlǎn jiāng zài zhōumò jǔxíng kāimù,L'exposition sera inaugurée le week-end,,
HSK5,Francais,0e49d3a8c17a,cérémonie d'ouverture,kāimùshì,开幕式,奥运会的开幕式非常壮观,Ào yùn huì de kāimùshì fēi cháng zhuàng guān,La cérémonie d'ouverture des Jeux olympiques est très spectaculaire,,
HSK5,Francais,ededad032a05,eau bouillie,kāishuǐ,开水,我要喝开水,Wǒ yào hē kāishuǐ,Je veux boire de l'eau bouillie,,
HSK5,Francais,b4ba69621211,pour ouvrir un service ou une ligne,kāitōng,开通,新的火车线路即将开通,Xīn de huǒchē xiàn lù jí jiàng kāitōng,La nouvelle ligne de train va bientôt ouvrir.,,
HSK5,Francais,170b078ba234,ouvrir ses portes aux affaires,kāiyè,开业,这家公司即将开业,Zhè jiā gōngsī jíjiāng kāiyè,Cette entreprise est sur le point d'ouvrir ses portes aux affaires,,
HSK5,Francais,391548f6ee4a,"développer, réaliser",kāizhǎn,开展,中国政府决定在农村开展医疗服务,Zhōngguó zhèngfǔ juédìng zài nóngcūn kāizhǎn yīliáo fúwù,Le gouvernement chinois a décidé de développer des services médicaux dans les zones rurales,,
HSK5,Francais,70bff21cf68b,visiter,kànwàng,看望,,,,,
HSK5,Francais,ef903fabb3fe,"considérer comme, considérer comme",kànzuò,看作,她把学习看作是她人生的目标,Tā bǎ xuéxí kànzuò shì tā rén shēng de mùbiāo,Elle considère l'apprentissage comme son objectif de vie.,,
HSK5,Francais,9a91d034ae41,"s'appuyer sur, s'appuyer sur, être proche de",kào,靠,我喜欢靠窗坐,Wǒ xǐ huān kào chuāng zuò,J'aime m'asseoir près de la fenêtre,,
HSK5,Francais,a6957dccb86f,"s'approcher, se rapprocher de",kàojìn,靠近,我要靠近窗户看风景,Wǒ yào kàojìn chuāng hù kàn fēng jǐng,Je veux m'approcher de la fenêtre pour admirer le paysage,,
HSK5,Francais,3c3f4c29ecac,Classificateur pour les petits objets ronds,kē,颗,我有一颗石子,Wǒ yǒu yī kē shízi,J'ai une petite pierre,,
HSK5,Francais,b3ccf5aaaafb,recherche scientifique,kēyán,科研,我从事科研工作,Wǒ cóng shì kēyán gōng zuò,Je travaille dans la recherche scientifique,,
HSK5,Francais,ccfd977ee26c,"on voit que, évidemment",kějiàn,可见,从他的脸上可见他非常高兴,Cóng tā de liǎn shàng kějiàn tā fēicháng gāoxìng,On voit sur son visage qu'il est très heureux,,
HSK5,Francais,8ffc00f7e571,"fiable, fiable",kěkào,可靠,这个品牌的产品是非常可靠的,Gèi zhe pǐn pái de chǎn pǐn shì fēi cháng kěkào de,Ce produit de la marque est très fiable,,
HSK5,Francais,a3c4f0c3558a,"terrible, effrayant",kěpà,可怕,那场电影真的很可怕,Nà chǎng diànyǐng zhēn de hěn kěpà,Ce film est vraiment effrayant,,
HSK5,Francais,82eb0e73eefd,surmonter,kèfú,克服,我一定会克服困难,Wǒ yīdìng huì kèfú kùnnán,Je suis déterminé à surmonter les difficultés.,,
HSK5,Francais,7ed8784447a5,service client,kèfú,客服,,,,,
HSK5,Francais,ca8369152a10,objectif,kèguān,客观,我们应该客观地看待这个问题,Wǒmen yīnggāi kèguān de kàndài zhè ge wèntí,Nous devons considérer ce problème de manière objective.,,
HSK5,Francais,915f8fb44468,"client, client",kèhù,客户,我们公司有很多客户,Wǒmen gōngsī yǒu hěn duō kèhù,Notre entreprise a beaucoup de clients,,
HSK5,Francais,4c1daee53721,espace,kōngjiān,空间,宇宙是浩瀚的空间,Yǔzhòu shì Hàohàn de kōngjiān,L'univers est un espace vaste,,
HSK5,Francais,b53bb7249e98,"dans les airs, ciel, aérien",kōngzhōng,空中,飞机正在空中飞行,Fēijī zhèngzài kōngzhōng fēixíng,L'avion est en train de voler dans les airs,,
HSK5,Francais,013d32160a26,contrôler,kòngzhì,控制,我可以控制自己的情绪,Wǒ kěyǐ kòngzhì zìjǐ de qíngxù,Je peux contrôler mes émotions,,
HSK5,Francais,7935f5143270,poche,kǒudai,又袋,我的口袋里有很多钱,Wǒ de kǒudai lǐ yǒu hěn duō qián,J'ai beaucoup d'argent dans ma poche,,
HSK5,Francais,8007d67d099c,"goût, saveur",kǒuwèi,又味,这道菜的又味很好,Zhè dào cài de yòu wèi hěn hǎo,Le goût de ce plat est très bon,,
HSK5,Francais,5ac543ddfbbe,entrepôt,kù,库,这个书库有很多书,Gè zhè shū kù yǒu hěn duō shū,Cet entrepôt de livres a beaucoup de livres,,
HSK5,Francais,855235c6c6c0,"large, large, largeur, (élargir)",kuān,宽,这条路非常宽,Zhè tiáo lù fēicháng kuān,Cette route est très large,,
HSK5,Francais,68b8bc6d7a78,largeur,kuāndù,宽度,这个房间的宽度是10米,Gè zhè fángjiān de kuāndù shì 10 mǐ,La largeur de cette pièce est de 10 mètres,,
HSK5,Francais,e643ffe39853,"perdre, subir une perte",kuī,亏,公司今年亏了很多钱,Gōngsī jīnnián kuī le hěn duō qián,L'entreprise a perdu beaucoup d'argent cette année,,
HSK5,Francais,b0d37ec74f3c,insecte,kūnchóng,昆虫,我喜欢研究昆虫,Wǒ xǐ huān yán jiū kūnchóng,J'aime étudier les insectes,,
HSK5,Francais,07f90dd739f2,élargir,kuòdà,扩大,公司计划扩大业务范围,Gōngsī jìhuà kuòdà yèwù fànwéi,L'entreprise prévoit d'élargir sa gamme d'activités.,,
HSK5,Francais,90ee6d1d3fba,"source, origine, provenir de",láiyuán,来源,这个信息来自互联网,Zhè ge xìnxī láiyuán yú huìmìn wǎngluò,Cette information provient d'internet,,
HSK5,Francais,455848d91d87,"travailler, travailler, travailler",láodòng,劳verb,我每天都要劳动,Wǒ měi tiān dōu yào láodòng,Je dois travailler tous les jours,,
HSK5,Francais,ae50cd4e1db2,"gens ordinaires, gens ordinaires",lǎobǎixìng,老百姓,老百姓生活很艰难,Lǎobǎixìng shēng huó hěn jiān nán,La vie des gens ordinaires est très difficile,,
HSK5,Francais,1b8325d643c1,chef,lǎobǎn,老板,我是公司的老板,Wǒ shì gōngsī de lǎobǎn,Je suis le chef de l'entreprise,,
HSK5,Francais,93fb744c59c5,mari,lǎogōng,老公,我的老公是法国人,Wǒ de lǎogōng shì Fǎguó rén,Mon mari est français,,
HSK5,Francais,c58c18d6ab78,grand-mère,lǎolao,姥姥,我爱我的姥姥,Wǒ ài wǒ de lǎolao,J'aime ma grand-mère,,
HSK5,Francais,019598b96357,épouse,lǎopo,老婆,我爱我的老婆,Wǒ ài wǒ de lǎopo,J'aime mon épouse,,
HSK5,Francais,53a8984c0592,grand-père,lǎoye,姥爷,我的姥爷是退休的工人,Wǒ de lǎoye shì tuìxiū de gōngren,Mon grand-père est un ouvrier retraité,,
HSK5,Francais,4f03d7d844f2,optimiste,lèguān,乐观,他是一个乐观的人,Tā shì yī gè lèguān de rén,Il est une personne optimiste,,
HSK5,Francais,fc382f22c3d8,"amusant, délice",lèqù,乐趣,看电影是我的乐趣,Kàn diànyǐng shì wǒ de lèqù,Regarder des films est mon délice,,
HSK5,Francais,b815bf07619a,larme,lèi,泪,她的眼睛里充满了泪,Tā de yǎn jing lǐ chōng mǎn le lèi,Ses yeux sont remplis de larmes,,
HSK5,Francais,3dd11ce5cf28,"catégorie, genre, Classificateur pour les catégories",lèi,类,这个动物属于哺乳类,Gè zhè dòngwù shǔyú bǔrǔ lèi,Cette espèce d'animal appartient à la catégorie des mammifères,,
HSK5,Francais,c7f8c9a820fb,larmes,lèishuǐ,泪水,她眼里流着泪水,Tā yǎn lǐ liú zhe lèi shuǐ,Elle a des larmes dans les yeux,,
HSK5,Francais,4e51801a31e5,"pareil, pareil",lèisì,类似,这个东西类似苹果,Zhè ge dōngxi lèisì píngguǒ,Cette chose est pareille à une pomme,,
HSK5,Francais,f99b321556a6,"type, catégorie",lèixíng,类型,这个软件有很多类型,Gēzhǒng ruǎnjiān yǒu hěn duō lèixíng,Ce logiciel a de nombreux types,,
HSK5,Francais,05a5bd5ddef3,poire,lí,梨,我喜欢吃梨,Wǒ xǐ huān chī lí,J'aime manger des poires,,
HSK5,Francais,f00c192473fc,divorcer,líhūn,离婚,他们决定离婚了,Tāmen juéde líhūn le,Ils ont décidé de divorcer.,,
HSK5,Francais,436a90b278b4,centimètre,límǐ,厘米,这是一个10厘米长的规则,Zhè shì yī gè 10 lìmǐ cháng de guī zé,C'est une règle de 10 centimètres de long,,
HSK5,Francais,0daf389e4ca9,"démissionner, quitter un emploi",lízhí,离职,他下个月就要离职了,Tā xià gè yuè jiù yào lízhí le,Il va démissionner le mois prochain,,
HSK5,Francais,cbe6e5878140,"théoriser, théorie",lǐlùn,理论,他的研究成果对经济理论产生了重要影响,Tā de yánjiū chéngguǒ duì jīngjì lǐlùn chūshēng le zhòngyào yǐngxiǎng,Ses résultats de recherche ont eu un impact important sur la théorie économique,,
HSK5,Francais,5a828e7890cf,à l'intérieur,lǐtou,里头,我家里头有一个大书柜,Wǒ jiā lǐtou yǒu yīgè dà shūguì,Il y a une grande bibliothèque à l'intérieur de ma maison,,
HSK5,Francais,489da57e8d7e,"raison, justification",lǐyóu,理由,我辞职的理由是找到了更好的工作,Wǒ cí zhí de lǐyóu shì zhǎo dào le gèng hǎo de gōng zuò,La raison pour laquelle je démissionne est que j'ai trouvé un meilleur emploi,,
HSK5,Francais,388d095dd163,"force, puissance, suffixe indiquant la force",lì,力,他有很大力气,Tā yǒu hěn dà lìqì,Il a beaucoup de force.,,
HSK5,Francais,896d4565c2d4,immédiatement,lìjí,立即,我立即回家,Wǒ lìjí huí jiā,Je rentre immédiatement à la maison,,
HSK5,Francais,8caa9e84404d,immédiatement,lìkè,立刻,我需要立刻完成这个项目,Wǒ xūyào lìkè wánchéng zhè ge xiàngmù,Je besoin de terminer ce projet immédiatement,,
HSK5,Francais,fa705d40d0fd,"force, puissance",lìliàng,力量,她拥有很大的力量,Tā yǒngyǒu hěn dà de lìliàng,Elle possède une grande force,,
HSK5,Francais,95ba52938ddd,profit,lìrùn,利润,公司的利润在增长,Gōng sī de lìrùn zài zēngzhǎng,Le profit de l'entreprise est en augmentation,,
HSK5,Francais,89a452aa31f6,"avantage, intérêt",lìyì,利益,这个投资可以给我带来很多利益,Zhè ge tóu zī kě yǐ gěi wǒ dài lái hěn duō lìyì,Cet investissement peut m'apporter de nombreux avantages.,,
HSK5,Francais,5faaf3fb8bc6,"utiliser, faire usage de",lìyòng,利用,我们应该利用时间学习新知识,Wǒmen yīnggāi lìyòng shíguò xuéxí xīn zhīshì,Nous devrions utiliser le temps pour apprendre de nouvelles connaissances.,,
HSK5,Francais,71bfe613c878,"unir, combiner, unir",liánhé,联合,中国和法国将联合起来对抗气候变化,Zhōngguó hé Fǎguó jiāng liánhé qǐlái duìkàng qìhòu biàn huà,La Chine et la France vont s'unir pour lutter contre le changement climatique,,
HSK5,Francais,9f3d3268e023,"se connecter, lier",liánjiē,连接,电脑可以连接到互联网,Diànnǎo kěyǐ liánjiē dào huànlàn wǎng,L'ordinateur peut se connecter à Internet,,
HSK5,Francais,47ce21ddbb0a,"précipitamment, rapidement",liánmáng,连忙,听到这个消息，他连忙跑到了机场,"Tīng dào zhè ge xiāo xi, tā liánmáng pǎo dào le jī chǎng","À l'annonce de cette nouvelle, il se précipita à l'aéroport",,
HSK5,Francais,7830270137a3,"continu, successif, continuer",liánxù,连续,他们连续工作了好几天,Tāmen liánxù gōngzuò le hǎo jī tiān,Ils ont travaillé continuellement pendant plusieurs jours,,
HSK5,Francais,144c5b4ba2a1,"teint, couleur du visage",liǎnsè,脸色,她看到好消息，脸色一下子亮了起来,"Tā kàndào hǎo xiāoxī, liǎnsè yīxiàzi liàng le qǐlái","Elle a vu les bonnes nouvelles, son teint s'est éclairé tout de suite.",,
HSK5,Francais,188b00343d3d,"tomber amoureux, amour, romance",liàn’ài,恋爱,他们年轻时就开始恋爱了,Tāmen niánqīng shí jiù kāishǐ liàn'ài le,Ils ont commencé à tomber amoureux lorsqu'ils étaient jeunes.,,
HSK5,Francais,f34c221b0fe7,"bon, favorable",liánghǎo,良好,今天的天气 良好,Jīn tiān de tiān qì liánghǎo,Le temps est favorable aujourd'hui.,,
HSK5,Francais,cb41e659e3fc,"céréales, nourriture",liángshi,粮食,,,,,
HSK5,Francais,7d7a874c68a2,"incroyable, extraordinaire",liǎobuqǐ,了不起,这个建筑设计真了不起,Zhè ge jiàn zhù shè jì zhēn liǎobuqǐ,Ce design d'architecture est vraiment incroyable,,
HSK5,Francais,93e65ae2527a,train,lièchē,列车,列车从北京到上海,Lièchē cóng běijīng dào shàng hǎi,Le train va de Pékin à Shanghai,,
HSK5,Francais,ebc11a3d2164,"temporairement, temporaire",línshí,临时,我将临时搬到姐姐家住,Wǒ jiāng línshí bān dào jiějie jiā zhù,Je vais temporairement emménager chez ma sœur.,,
HSK5,Francais,fa65ea1bc6dd,cloche,líng,铃,学校的大门上挂着一只大铃,Xuéxiào de dà mén shàng guà zhe yī zhī dà líng,La grande porte de l'école est munie d'une grande cloche.,,
HSK5,Francais,0ba32dd983d3,"flexible, agile",línghuó,灵活,孩子很灵活，玩游戏的时候跑得很快,"Háizi hěn línghuó, wán yóu xì de shí hòu pǎo de hěn kuài","L'enfant est très agile, il court très vite lorsqu'il joue.",,
HSK5,Francais,1d0959275d23,"conduire, collier",lǐng,领,狗戴着领巾,Gǒu dài zhe lǐng jīn,Le chien porte un collier.,,
HSK5,Francais,f445727faada,décolleté,lǐngdài,领带,她今天穿了一件衬着领带的黑色裙子,Tā jīntiān chuān le yī jiàn chèn zhe lǐngdài de hēisè qúnzi,Elle porte aujourd'hui une robe noire avec un décolleté.,,
HSK5,Francais,b32f6e970dec,"diriger, leader",lǐngdǎo,领导,他是我们的领导,Tā shì wǒmen de lǐngdǎo,Il est notre leader,,
HSK5,Francais,b276a38f2c93,"recevoir, collecter",lǐngqǔ,领取,我明天去银行领取工资,Wǒ míng tiān qù yín háng lǐngqǔ gōng zī,"Demain, j'irai à la banque pour recevoir mon salaire",,
HSK5,Francais,93c3268d0665,"diriger, être en tête",lǐngxiān,领先,中国公司在科技领域领先,Zhōngguó gōngsī zài kējì lǐngyán,L'entreprise chinoise est en tête dans le domaine de la technologie,,
HSK5,Francais,8d63a00d1a3d,"champ, domaine, royaume",lǐngyù,领域,科学是现代社会的一个重要领域,Kēxué shì xiàndài shèhuì de yī gè zhòngyào lǐngyù,La science est un domaine important de la société moderne,,
HSK5,Francais,efeb0f48a8c7,"ordonner, commander, commander, commander",lìng,令,老板令员工按时完成任务,Lǎobǎn lìng yuángōng àn shí wán chéng rènwù,Le patron ordonne aux employés de terminer les tâches à temps.,,
HSK5,Francais,223f7ced3cc8,"se propager, circuler",liúchuán,流传,很多年前流传着一个关于勇敢的传说,Hěn duō nián qián liúchuán zhe yī gè guānyú yǒnggǎn de chuánshuō,"Il y a de nombreuses années, il circulait une légende sur la bravoure.",,
HSK5,Francais,0ffaeb0c2ba6,"grippe, grippe",liúgǎn,流感,今年冬天我得了严重的流感,Jīn nián dōng tiān wǒ dé le yán zhòng de liúgǎn,"Cette année en hiver, j'ai eu une grippe sévère",,
HSK5,Francais,3a6f433709c3,parcourir,liúlǎn,浏览,我喜欢浏览互联网,Wǒ xǐhuān liúlǎn hùliánwǎng,J'aime parcourir internet,,
HSK5,Francais,a716ad49c4fd,"laisser un message, un message",liúyán,留言,请留言告诉我你的需求,Qǐng liúyán gào su wǒ nǐ de xūqiú,Veuillez laisser un message pour me faire part de vos besoins,,
HSK5,Francais,1ad85707bd1b,dragon,lóng,龙,龙是中国的象征,Lóng shì zhōngguó de xiàngzhēng,Le dragon est un symbole de la Chine,,
HSK5,Francais,da320c503901,fuir,lòu,漏,小偷从后门溜走了,Xiǎo zéi cóng hòu mén lòu zǒu le,Le petit voleur s'est échappé par la porte de derrière,,
HSK5,Francais,e134dbd0e8eb,enregistrer,lù,录,我想录一段视频,Wǒ xiǎng lù yī duàn shìpín,Je veux enregistrer une vidéo,,
HSK5,Francais,e9b3143b9e61,atterrir,lùdì,陆地,飞机在陆地上安全着陆了,Fēijī zài lùdì shàng ānquán zhuóluò le,L'avion a atterri en toute sécurité sur la terre ferme.,,
HSK5,Francais,452dd523d4ea,"s'inscrire, admettre",lùqǔ,录取,我已经录取到北京大学,Wǒ yǐjīng lùqǔ dào Běijīng Dàxué,J'ai été admis à l'Université de Pékin,,
HSK5,Francais,cb1ffba4d24a,passant,lùrén,路人,路人行走在街上,Lùrén xíngzǒu zài jiē shàng,Les passants marchent dans la rue,,
HSK5,Francais,84362adb71cf,"itinéraire, chemin",lùxiàn,路线,这趟火车的路线会经过三个大城市,Zhè tái huǒchē de lùxiàn huì jīngguò sān gè dà chéngshì,L'itinéraire de ce train passera par trois grandes villes,,
HSK5,Francais,0095483cf01f,"l'un après l'autre, successivement",lùxù,陆续,新员工陆续到职,Xīn yuángōng lùxù dào zhí,Les nouveaux employés arrivent l'un après l'autre.,,
HSK5,Francais,b990c815118d,"enregistrer, enregistrer",lùyīn,录音,我想录音,Wǒ xiǎng lùyīn,Je veux enregistrer.,,
HSK5,Francais,1dd613e8cfd7,agence de voyage,lǚxíngshè,旅行社,我要去旅行社预订机票,Wǒ yào qù lǚxíngshè yùdìng jīpiào,Je veux aller à l'agence de voyage pour réserver un billet d'avion,,
HSK5,Francais,392835219b59,"thèse, article",lùnwén,论文,我的论文已经完成了,Wǒ de lùnwén yǐjīng wánchéng le,Mon article est déjà terminé,,
HSK5,Francais,1497d99625e0,logique,luójí,逻辑,逻辑学是一门很有趣的学科,Luójí xué shì yī mén hěn yǒu qù de xué kē,La logique est une matière très intéressante.,,
HSK5,Francais,f442efcb2f5e,"gronder, jurer",mà,骂,他对我骂了一句,Tā duì wǒ mà le yí jù,Il m'a dit une grossièreté.,,
HSK5,Francais,22fbf4c51ce4,"affaires, achat et vente",mǎimai,买卖,我的工作是做买卖,Wǒ de gōngzuò shì zuò mǎimai,Mon travail consiste à faire des affaires d'achat et de vente,,
HSK5,Francais,a06e4adca766,satisfaire,mǎnzú,满足,客户的需求得到了满足,Kèhù de xūqiú dédào le mǎnzú,Les besoins du client ont été satisfaits,,
HSK5,Francais,fb1220afe424,occupé,mánglù,忙碌,今天我非常忙碌,Jīntiān wǒ hěn mánglù,"Aujourd'hui, je suis très occupé",,
HSK5,Francais,3883f22dac5f,pinceau d'écriture,máobǐ,毛笔,我喜欢用毛笔写字,Wǒ xǐhuān yòng máobǐ xiě zì,J'aime écrire avec un pinceau d'écriture.,,
HSK5,Francais,70c60742726f,"faute, problème, maladie",máobìng,毛病,这个电脑有毛病,Gēi gè diànnǎo yǒu máobìng,Cet ordinateur a un problème,,
HSK5,Francais,b5dd51f1103b,"contradiction, entrer en conflit, contradictoire",máodùn,矛盾,他的话和行为有些矛盾,Tā de huà hé xíngwè yǒu xiē máodùn,Ses paroles et ses actes sont quelque peu contradictoires.,,
HSK5,Francais,5f1ef7515f9e,il n'y a aucun moyen,méifǎr,没法儿,我没法儿去參加晚上的聚會,Wǒ méifǎr qù cānjiā wǎnshàng de jùhuì,Je n'ai aucun moyen d'aller à la réunion de ce soir,,
HSK5,Francais,66f4d1c14130,rose,méigui,玫瑰,我喜欢折断玫瑰,Wǒ xǐ huān zhé duàn méi gūi,J'aime cueillir des roses,,
HSK5,Francais,a767c555cc91,médias,méitǐ,媒体,现在的媒体发展很快,Xiàn zài de méitǐ fā zhǎn hěn kuài,Les médias développent actuellement très rapidement,,
HSK5,Francais,8d797982cf63,"art, beaux-arts",měishù,美术,我喜欢学美术,Wǒ xǐhuān xué měishù,J'aime apprendre les beaux-arts,,
HSK5,Francais,7b90b679c938,"nourriture délicieuse, délicatesse",měiwèi,美味,这道菜真是美味,Zhè dào cài zhēn shì měiwèi,Ce plat est vraiment délicieux,,
HSK5,Francais,08d2435dc939,"charme, attrait",mèilì,魅力,她拥有独特的魅力,Tā yǒngyǒu dú tè de mèilì,Elle a un charme unique,,
HSK5,Francais,0a1878846116,clinique externe,ménzhěn,门诊,我每周去一次门诊看病,Wǒ měi zhōu qù yīcì ménzhěn kàn bìng,Je vais à la clinique externe une fois par semaine pour consulter un médecin.,,
HSK5,Francais,4a1ff608f331,"être fasciné, être entiché",mí,迷,这个电影让我感到非常迷,Zhè ge diànyǐng ràng wǒ gǎn dào fēi cháng mí,Ce film m'a profondément fasciné,,
HSK5,Francais,8d64a3e161f2,se perdre,mílù,迷路,在城市里，我迷路了,"Zài chéngshì lǐ, wǒ mílù le",Je me suis perdu dans la ville,,
HSK5,Francais,8ed88b93a08e,"secret, secret",mìmì,秘密,这是一个秘密,zhè shì yī gè mìmì,C'est un secret,,
HSK5,Francais,fc4df6fe73d7,"proche, intime, devenir proche",mìqiè,密切,我们是密切的朋友,Wǒmen shì mìqiè de péngyǒu,Nous sommes des amis proches,,
HSK5,Francais,2632538a3906,secrétaire,mìshū,秘书,公司的秘书非常忙,Gōngsī de mìshū fēicháng máng,Le secrétaire de l'entreprise est très occupé,,
HSK5,Francais,d71a73c69d56,"côté, aspect, surface",miàn,面2,这个问题有两个面,Zhè ge wèn tí yǒu liǎng ge miàn,Ce problème a deux aspects,,
HSK5,Francais,bda5b7cc0776,zone,miànjī,面积,北京的面积很大,Běijīng de miànjī hěn dà,La zone de Pékin est très grande,,
HSK5,Francais,59a5c8e8da3a,faire face,miànlín,面临,中国经济面临严重挑战,Zhōngguó jīngjì miànlín yánzhòng tiǎozhàn,L'économie chinoise fait face à de graves défis,,
HSK5,Francais,e3d6a46a9c2e,"faire face, être orienté vers",miànxiàng,面向,这项研究主要面向学生们,Zhè xiàng yán jiū zhǔ yào miàn xiàng xué shēng men,Cette recherche est principalement orientée vers les étudiants,,
HSK5,Francais,1fbcffbf1710,décrire,miáoshù,描述,以下是对城市的描述很生动,Yǐlái duì chéngshì de miáoshù hěn shēngdòng,La description de la ville est très vivante,,
HSK5,Francais,977f8e1f07a7,sensible,mǐngǎn,敏感,她对批评非常敏感,Tā duì pīpíng fēicháng mǐngǎn,Elle est très sensible aux critiques,,
HSK5,Francais,4218a0bbae4e,"nom, désignation",míngchēng,名称,这个公司的名称是华夏科技,Gèi gōng sī de míngchēng shì huá xià kē jì,Le nom de cette entreprise est Huaxia Technology,,
HSK5,Francais,a61e63df3fc7,marque célèbre,míngpái,名牌,我只买名牌衣服,Wǒ zhǐ mǎi míngpái yīfú,Je n'achète que des vêtements de marque célèbre,,
HSK5,Francais,c2af00f4f950,carte de visite,míngpiàn,名片,她递给我一张她的名片,Tā dì gěi wǒ yī zhāng tā de míngpiàn,Elle m'a remis une de ses cartes de visite,,
HSK5,Francais,044e3a694a67,"clair, explicite, pour clarifier",míngquè,明确,他提出了明确的计划,Tā tí chū le míngquè de jìhuà,Il a proposé un plan clair.,,
HSK5,Francais,7ad64958da0b,"évident, évident",míngxiǎn,明显,这是一个很明显的错误,Zhè shì yī gè hěn míngxiǎn de cuòwù,C'est une erreur très évidente,,
HSK5,Francais,9bbf7e555932,étoile,míngxīng,明星,她是中国的著名电影明星,Tā shì zhōngguó de zhùmíng diànyǐng míngxīng,Elle est une célébre star de cinéma chinoise,,
HSK5,Francais,7b96637788de,"la vie, le destin",mìng,命,她相信生命的意义在于过有意义的命,Tā xiāng xìn shēng mìng de yì yì zài yú guò yǒu yì yì de mìng,Elle croit que le sens de la vie consiste à vivre une vie qui a du sens et du destin.,,
HSK5,Francais,f479d4dce4ba,"destin, sort",mìngyùn,命运,我相信命运会给我带来好的未来,Wǒ xiāng xìn mìngyùn huì gěi wǒ dài lái hǎo de wèi lái,Je crois que le destin me réservera un bon avenir,,
HSK5,Francais,60d893b1ff68,toucher,mō,摸,我会摸摸小猫,Wǒ huì mō mō xiǎo māo,Je vais toucher le petit chat,,
HSK5,Francais,9c5dc7d27d7d,"vague, flou, brouiller",móhu,模糊,这张图片有些模糊,Zhè zhāng túpiàn yǒu xiē móhu,Cette image est un peu floue,,
HSK5,Francais,3910d9705e2c,"modèle, mode",móshì,模式,这是一个新的工作模式,Zhè shì yī gè xīn de gōng zuò móshì,C'est un nouveau modèle de travail.,,
HSK5,Francais,eae908e5c1ec,"étrange, inconnu",mòshēng,陌生,这是一个陌生的地方,Zhè shì yī gè mòshēng de dìfāng,C'est un endroit étrange,,
HSK5,Francais,d920b2062dd1,"certains, certains",mǒu,某,某些人不喜欢这个计划,Mǒu xiē rén bù xǐ huān zhè ge jì huà,Certains personnes n'aiment pas ce plan,,
HSK5,Francais,02c111099daa,"regarde, regarde",mùguāng,目光,她朝著他投去温柔的目光,Tā zhe zhe tā tóu qù wēn róu de mùguāng,Elle lui jeta un regard doux.,,
HSK5,Francais,00acb7bc3270,bois,mùtou,木头,我家里有很多木头,Wǒ jiā lǐ yǒu hěn duō mùtou,J'ai beaucoup de bois chez moi,,
HSK5,Francais,8158381f3a70,"même si, peu importe",nǎpà,哪怕,我愿意去中国旅行哪怕天气不好,Wǒ yuànyì qù zhōngguó lǚxíng nǎpà tiānqì bù hǎo,Je suis prêt à voyager en Chine même si le temps est mauvais,,
HSK5,Francais,921a709632dc,"rare, difficile à trouver",nándé,难得,今天难得下雨，所以我要好好享受这片刻的宁静,"Jīn tiān nándé xià yǔ, suǒ yǐ wǒ yào hǎo hǎo xiǎng shòu zhè piàn kè de níng jìng","Aujourd'hui, il pleut rarement, donc je veux profiter de ce court moment de calme.",,
HSK5,Francais,dc54d3a1b61a,degré de difficulté,nándù,难度,这个游戏的难度太高了,Zhè ge yóu xì de nándù tài gāo le,Ce jeu a un degré de difficulté trop élevé,,
HSK5,Francais,22df46547e3c,"difficile à, difficile à",nányǐ,难以,这件事情难以完成,Zhè jiàn shìqing nányǐ wánchóng,Cette tâche est difficile à accomplir,,
HSK5,Francais,f2976cde03c0,"homme, mâle",nánzǐ,男子,那个男子很高,Nà ge nánzǐ hěn gāo,Cet homme est très grand,,
HSK5,Francais,e2feaa1e81d6,"bruyant, animé, faire du bruit",nào,闹,今晚的聚会很闹,Jīn wǎn de jù huì hěn nào,La soirée d'aujourd'hui est très animée,,
HSK5,Francais,819f4ca5fe45,réveil,nàozhōng,闹钟,我的闹钟会准时响,Wǒ de nàozhōng huì zhǔn shí xiǎng,Mon réveil sonnera à l'heure prévue,,
HSK5,Francais,a52078665d32,"à l'intérieur, à l'intérieur",nèibù,内部,公司的内部管理非常严格,Gōngsī de nèibù guǎnlǐ fēicháng yán gé,La gestion interne de l'entreprise est très stricte,,
HSK5,Francais,32ea3cd7dc3b,"capable, compétent",nénggàn,能干,他是一个能干的员工,Tā shì yī gè nénggàn de yuángōng,Il est un employé capable.,,
HSK5,Francais,324c4688c4ec,début d'année,niánchū,年初,今年年初我去中国旅游,Jīn nián niánchū wǒ qù zhōngguó lǚyóu,"Cette année, au début de l'année, je suis allé faire du tourisme en Chine",,
HSK5,Francais,86006498489c,"époque, décennie",niándài,年代,八十年代是我的童年时期,Bā shí niándài shì wǒ de tóng nián shí qī,Les années 80 ont été mon enfance.,,
HSK5,Francais,005b35e061cc,âge,niánjì,年纪,我今年二十五年纪,Wǒ jīn nián èr shí wǔ niánjì,J'ai vingt-cinq ans,,
HSK5,Francais,574ba230370a,Dîner du réveillon du Nouvel An,niányèfàn,年夜饭,我很喜欢和家人一起吃年夜饭,Wǒ hěn xǐ huān hé jiā rén yī qǐ chī niányèfàn,J'aime beaucoup manger le dîner du réveillon du Nouvel An avec ma famille.,,
HSK5,Francais,5d736eb5b7c9,"lire à haute voix, manquer",niàn,念,我经常会念我的亲人,Wǒ jīng cháng huì niàn wǒ de qīn rén,Je pense souvent à mes proches,,
HSK5,Francais,fa96d743f091,jeans,niúzǎikù,牛仔裤,我最喜欢穿的衣服是牛仔裤,Wǒ zuì xǐ huān chuān de yī fú shì niúzǎi kù,Mon vêtement préféré à porter est un jean,,
HSK5,Francais,b7339f471c58,"dense, épais, fort",nóng,浓,这个咖啡的味道好浓,Zhè ge kāfēi de wèidào hǎo nóng,Ce café a un goût très fort,,
HSK5,Francais,3d833b43a722,fermier,nóngmín,农民,中国的农民很辛苦,Zhōngguó de nóngmín hěn xīnkǔ,Les fermiers chinois travaillent très dur,,
HSK5,Francais,fe58b304e736,agriculture,nóngyè,农业,中国的农业发展很快,Zhōngguó de nóngyè fāzhǎn hěn kuài,Le développement de l'agriculture en Chine est très rapide,,
HSK5,Francais,ac95fc0663da,"femme, femelle",nǚzǐ,女子,她是我的好女子朋友,Tā shì wǒ de hǎo nǚzǐ péng yǒu,Elle est mon amie femme très chère.,,
HSK5,Francais,873d0713f2f2,oh (interjection indiquant la compréhension),ò,哦,我明白了，哦，没问题！,"Wǒ liǎo jiě le, ò, méi wèntí!","J'ai compris, oh, pas de problème !",,
HSK5,Francais,d62dbaff1acf,Europe,Ōuzhōu,欧洲,我要去欧洲旅行,Wǒ yào qù Ōuzhōu lǚxíng,Je veux aller en Europe en voyage,,
HSK5,Francais,99c36a55affe,"accidentel, par hasard",ǒurán,偶然,我和朋友在街上偶然遇见了老同学,Wǒ hé péng yǒu zài jiē shàng ǒurán yù jiàn le lǎo tóng xué,J'ai rencontré mon ancien camarade de classe par hasard avec mon ami dans la rue,,
HSK5,Francais,8d8c2fa40d31,prendre une photo (photo ou film),pāishè,拍摄,明星喜欢在拍摄广告的时候穿得很漂亮,Míng xīng xǐ huān zài pāi shè guǎng gào de shí hòu chuān de hěn piào liang,Les stars aiment s'habiller de manière très élégante lorsqu'elles tournent des publicités.,,
HSK5,Francais,ca1633281148,arranger,páiliè,排列,电脑能自动排列文件,Diànnǎo néng zìdòng páiliè wénjiàn,L'ordinateur peut arranger automatiquement les fichiers,,
HSK5,Francais,dff90d7aaa59,"envoyer, expédier, (faction, Classificateur pour les groupes)",pài,派,他们派出了一个工作组去调查这次事故,tāmen pài chū le yī gè gōngzuò zǔ qù diào chá zhè cì shìgù,Ils ont envoyé un groupe de travail pour enquêter sur cet accident,,
HSK5,Francais,95710c5be300,poste de police,pàichūsuǒ,派出所,派出所离我的家很近,Pàichūsuǒ lí wǒ de jiā hěn jìn,Le poste de police est très près de chez moi,,
HSK5,Francais,eccaa4bd368b,"piste, piste",pǎodào,跑道,飞机正在跑道上滑行,Fēijī zhèngzài pǎodào shàng huáháng,L'avion est en train de rouler sur la piste.,,
HSK5,Francais,2d3bc1a09bdc,pour compenser,péi,赔,公司要赔偿给客户损失,Gōngsī yào péi cháng gěi kèhù sunshī,L'entreprise doit compenser les pertes du client,,
HSK5,Francais,a5ffebf81e05,accompagner,péibàn,陪伴,我会陪伴你到机场,Wǒ huì péibàn nǐ dào jīchǎng,Je t'accompagnerai à l'aéroport,,
HSK5,Francais,f74c4dbbc543,s'entraîner,péixùn,培训,我需要参加为期一周的培训,Wǒ xiǎng cān jiā yī gè xīng qī de péi xùn,Je veux participer à une semaine de formation.,,
HSK5,Francais,b727dd9b91c4,"cultiver, favoriser",péiyǎng,培养,公司通过培训计划来培养员工的技能,Gōngsī tōngguò péixùn jìhuà lái péiyǎng yuángōng de jìnéng,L'entreprise favorise les compétences de ses employés grâce à des plans de formation.,,
HSK5,Francais,4ebda475f8ad,"correspondre, convenable, bien assorti",pèi,配,这双鞋子配我的裤子很好,Zhè shuāng xiézi pèi wǒ de kùzi hěn hǎo,Cette paire de chaussures convient bien à mon pantalon,,
HSK5,Francais,c7da2b344e15,"coordonner, coopérer",pèihé,配合,我们必须相互配合来完成这个项目,Wǒmen bìxū xiāng hù pèihé lái wán chéng zhè ge xiàngmù,Nous devons coopérer pour terminer ce projet,,
HSK5,Francais,f2d226e4fa6e,livrer,pèisòng,配送,公司将为您配送商品,Gōngsī jiāng wèi nín pèisòng shāngpǐn,L'entreprise vous livrera les marchandises,,
HSK5,Francais,996727ffbbac,bassin,pén,盆,花盆里种了很多花,Huā pén lǐ zhòng le hěn duō huā,Le bassin de fleurs contient beaucoup de fleurs,,
HSK5,Francais,23392c247272,"cogner, toucher",pèng,碰,我不小心碰到了墙,Wǒ bù xiǎo xīn pèng le dào qiáng,J'ai inconsciemment cogné contre le mur,,
HSK5,Francais,2d655a66b53d,"rencontrer, rencontrer",pèngjiàn,碰见,昨天我在街上碰到了一个老朋友,Zuótiān wǒ zài jiēshàng pèngjiàn le yī gè lǎo pēngyǒu,"Hier, j'ai rencontré un vieux ami dans la rue",,
HSK5,Francais,b19947068cbe,mesurer le mot pour les lots,pī,批1,这批货物需要仔细检查,Zhè pī huòwù xūyào zǐxì jiǎnchá,Cette lots de marchandises nécessite une vérification minutieuse,,
HSK5,Francais,a63cf1038390,"critiquer, approuver",pī,批2,老师对学生的表现进行了批,Lǎoshī duì xuéshēng de biǎoxiàn jìnxíng le pī,L'enseignant a critiqué le comportement de l'étudiant,,
HSK5,Francais,a1c142304bc2,approuver,pīzhǔn,批准,公司已经批准了这个项目,Gōngsī yǐjīng pīzhǔn le zhè ge xiàngmù,L'entreprise a approuvé ce projet,,
HSK5,Francais,022746017856,"mesurer le mot pour les chevaux, le tissu",pǐ,匹,这匹马很漂亮,Zhè pǐ mǎ hěn piàoliang,Ce cheval est très beau,,
HSK5,Francais,e5e27953fe46,"tricher, tromper",piàn,骗,他喜欢骗人,Tā xǐhuān piàn rén,Il aime tromper les gens,,
HSK5,Francais,1de8f0ed65ea,"se rassembler, travailler dur",pīn,拼,我努力拼命学习,Wǒ nǔ lì pīn mìng xué xí,Je travaille dur pour apprendre,,
HSK5,Francais,745e455ad2e7,"épeler, pinyin",pīnyīn,拼音,我会使用拼音来帮助你学习中文,Wǒ huì shǐ yòng pīnyīn lái bāng zhù nǐ xué xí zhōng wén,Je vais utiliser le pinyin pour t'aider à apprendre le chinois.,,
HSK5,Francais,ea0715bd89e4,"suffixe indiquant le caractère, la qualité, (produit)",pǐn,品,这个产品的品质很好,Gè zhè chǎnpǐn de pǐn zhì hěn hǎo,La qualité de ce produit est très bonne,,
HSK5,Francais,999b1a9c8a3e,marque,pǐnpái,品牌,这是一个国际知名品牌,Zhè shì yī gè guójì zhīmíng pǐnpái,C'est une marque internationalement connue,,
HSK5,Francais,fa6100c8e556,qualité,pǐnzhì,品质,这个产品的品质很好,Gēi gè shāngpǐn de pǐnzhì hěn hǎo,La qualité de ce produit est très bonne,,
HSK5,Francais,3bb70c1a1860,"variété, race",pǐnzhǒng,品种,这只狗的品种很好,Zhè zhī gǒu de pǐnzhǒng hěn hǎo,Cette race de chien est très bonne,,
HSK5,Francais,90daa2253f03,embaucher,pìnqǐng,聘请,公司决定聘请一位新员工,Gōngsī juédìng pìnqǐng yī wèi xīn yuángōng,L'entreprise a décidé d'embaucher un nouveau employé,,
HSK5,Francais,e7fbd6b96028,"plat, de niveau, (à niveau)",píng,平,地面很平,Dì miàn hěn píng,Le sol est plat.,,
HSK5,Francais,fb74b71996fb,"juger, évaluer",píng,评,老师会对我们的作业进行评估,Lǎoshī huì duì wǒmen de zuòyè jìnxíng pínggū,Le professeur va évaluer nos devoirs,,
HSK5,Francais,321804e0dca5,"s'appuyer sur, se baser sur, au moyen de",píng,凭,我会凭借我的经历来解决这个问题,Wǒ huì píng jiè wǒ de jīng yàn lái jiě jué zhè ge wèn tí,Je vais me baser sur mon expérience pour résoudre ce problème,,
HSK5,Francais,873c0bbb879c,"sûr, paisible",píng’ān,平安,希望您每天都平安,Xīwàng nín měitiān dōu píng'ān,J'espère que vous êtes en sécurité et en paix chaque jour,,
HSK5,Francais,4362eaf6fc72,"équilibré, même, équilibrer",pínghéng,平衡,保持身体健康需要饮食和运动的平衡,Bǎo chí shēn tǐ jiàn kāng xū yào yǐn shí hé yùn dòng de pínghéng,Maintenir une bonne santé nécessite un équilibre entre l'alimentation et l'exercice.,,
HSK5,Francais,87bc01faa677,"évaluer, évaluation",píngjià,评价,老师对我的工作做出了很高的评价,Lǎoshī duì wǒ de gōngzuò zuò chū le hěn gāo de píngjià,Le professeur a fait une très haute évaluation de mon travail,,
HSK5,Francais,07afb51da401,"compter sur, utiliser",píngjiè,凭借,我将凭借我的技能找到一份好工作,Wǒ jiāng píngjiè wǒ de jìnéng zhǎo dào yī fèn hǎo de gōngzuò,Je vais utiliser mes compétences pour trouver un bon emploi,,
HSK5,Francais,eadad0ee316a,"calme, tranquille",píngjìng,平静,湖边的风景很平静,Hú biān de fēngjǐng hěn píngjìng,Le paysage au bord du lac est très calme,,
HSK5,Francais,5d6d62d30b87,"à la moyenne, à la moyenne",píngjūn,平均,他的成绩超过了班级的平均,Tā de chéngjì chāoguòle bānjí de píngjūn,Ses résultats dépassent la moyenne de la classe,,
HSK5,Francais,b6ae97f9e21d,écran,píngmù,屏幕,我的电脑的屏幕很大,Wǒ de diànnǎo de píngmù hěn dà,L'écran de mon ordinateur est très grand,,
HSK5,Francais,445543dcd2e4,plate-forme,píngtái,平台,这个网站是一个很好的学习平台,Zhè ge wǎngzhàn shì yī gè hěn hǎo de xuéxí píngtái,Ce site est une très bonne plate-forme d'apprentissage,,
HSK5,Francais,c7c968ad89e6,détruire,pòhuài,破坏,他们试图破坏环境,Tāmen shì tú pòhuài huánjìng,Ils tentent de détruire l'environnement.,,
HSK5,Francais,6ac4614e09b5,"populariser, diffuser",pǔjí,普及,中国政府致力于普及双语教育,Zhōngguó zhèngfǔ zhìlì yú pǔjí shuāngyǔ jiàoyù,Le gouvernement chinois s'efforce de populariser l'éducation bilingue,,
HSK5,Francais,8de5e234c7c9,"s'attendre, attendre avec impatience",qīdài,期待,我对假期十分期待,Wǒ duì jiàqī shífēn qīdài,J'attends les vacances avec impatience,,
HSK5,Francais,a091ffe0bbef,"période, pendant",qījiān,期间,我在法国期间学习了法语,Wǒ zài fǎguó qījiān xuéxí le fǎyǔ,J'ai appris le français en France pendant mon séjour.,,
HSK5,Francais,f0b23f55d9eb,"soigné, uniforme, (ensemble, également)",qí,齐,他们一起工作，做事非常齐,"Tāmen yīqǐ gōngzuò, zuò shì fēicháng qí","Ils travaillent ensemble, faisant les choses de manière très soignée et uniforme",,
HSK5,Francais,23611accec7a,"son, c'est, ça",qí,其,那是其真正的面目,Nà shì qí zhēn zhèng de miàn mù,C'est sa vraie figure,,
HSK5,Francais,bbbd4822abca,miracle,qíjì,奇迹,这是一个奇迹,Zhè shì yī gè qíjì,C'est un miracle,,
HSK5,Francais,bd304d86c8b4,"le reste, les autres",qíyú,其余,我将吃掉苹果，其余的水果就给你,"Wǒ jiāng chī diào píng guǒ, qíyú de shuǐ guǒ jiù gěi nǐ","Je vais manger la pomme, les autres fruits sont pour toi",,
HSK5,Francais,2f316cf00889,entreprise,qǐyè,企业,这个公司是一家大企业,Gè zhè gōngsī shì yì jiā dà qǐyè,Cette entreprise est une grande entreprise,,
HSK5,Francais,f6703a0ad526,ballon,qìqiú,气球,我玩着一个大气球,Wǒ wánzhe yī gè dà qìqiú,Je joue avec un grand ballon.,,
HSK5,Francais,3019d87bc252,essence,qìyóu,汽油,我需要加油，去买一些汽油,"Wǒ xūyào jiāyóu, qù mǎi yīxiē qìyóu","J'ai besoin d'essence, je vais en acheter un peu.",,
HSK5,Francais,fd2e3a0eebbd,signer,qiān,签,我需要签合同,Wǒ xūyào qiān hétóng,J'ai besoin de signer le contrat,,
HSK5,Francais,2af015e5b656,"signer, conclure un contrat",qiāndìng,签订,公司准备签订一份新的合同,Gōngsī zhǔnbèi qiāndìng yī fèn xīn de hétōng,L'entreprise se prépare à signer un nouveau contrat,,
HSK5,Francais,8d8f1803d695,"signer son nom, signature",qiānmíng,签名,请在合同上签名,Qǐng zài hétóng shàng qiānmíng,Veuillez signer sur le contrat,,
HSK5,Francais,f067c4740f91,"signer, signature",qiānzì,签字,他在合同上签字,Tā zài hétóng shàng qiānzì,Il a signé le contrat,,
HSK5,Francais,269ac9f224f4,"avancer, avancer",qiánjìn,前进,我们必须前进,Wǒmen bìxū qiánjìn,Nous devons avancer,,
HSK5,Francais,cc55338d7e25,"venir, se manifester",qiánlái,前来,他前来中国学习中文,Tā qiánlái zhōngguó xuéxí zhōngwén,Il est venu en Chine pour apprendre le chinois,,
HSK5,Francais,d042e19f80b9,"avenir, perspective",qiántú,前途,现在的学生面对的是光明的前途,Xiànzài de xuéshēng miàn duì de shì guāngmíng de qiántú,Les étudiants d'aujourd'hui font face à un avenir radieux,,
HSK5,Francais,6edf0d2e89ea,"aller vers, se diriger vers",qiánwǎng,前往,我要前往上海参加会议,Wǒ yào qiánwǎng shàng hǎi cān jià huì yì,Je vais me diriger vers Shanghai pour participer à une réunion,,
HSK5,Francais,09bdc4e9021f,peu profond,qiǎn,浅,湖水很浅,Hú shuǐ hěn qiǎn,L'eau du lac est peu profonde,,
HSK5,Francais,7233ed73fb28,"devoir, être à court de",qiàn,欠,我借了钱还欠银行一万元,Wǒ jiè le qián huán qiàn yín háng yī wàn yuán,J'ai emprunté de l'argent et je dois encore 10 000 yuans à la banque,,
HSK5,Francais,941ced10817c,mur,qiáng,墙,我的房间有四面墙,Wǒ de fángjiān yǒu sì miàn qiáng,Ma chambre a quatre murs,,
HSK5,Francais,aca894a32acd,"fort, puissant",qiángdà,强大,这个国家有一个强大 的经济,Zhè ge guójiā yǒu yī gè qiángdà de jīngjì,Ce pays a une économie puissante,,
HSK5,Francais,c662450471a5,souligner,qiángdiào,强调,老师强调学习的重要性,Lǎoshī qiángdiào xuéxí de zhòngyào xìng,L'enseignant souligne l'importance de l'apprentissage,,
HSK5,Francais,9446aaa674f8,"intensité, force",qiángdù,强度,这阵风的强度很大,Zhè zhèn fēng de qiángdù hěn dà,Cette rafale de vent a une grande intensité,,
HSK5,Francais,905d656d8893,"fort, intense",qiángliè,强烈,中国的人们对这部电影有强烈的兴趣,Zhōngguó de rénmen duì zhè bù diànyǐng yǒu qiángliè de xìngqù,Les Chinois ont un intérêt intense pour ce film,,
HSK5,Francais,73967330d45a,"arracher, saisir",qiǎng,抢,小偷抢了我的钱包,Xiǎo zéi qiǎng le wǒ de qiánbāo,Le petit voleur m'a arraché mon portefeuille,,
HSK5,Francais,3f26645a0b49,sauver,qiǎngjiù,抢救,医生正在抢救病人,Yīshēng zhèngzài qiǎngjiù bìngren,Le médecin est en train de sauver le patient,,
HSK5,Francais,f2d301677c38,"tranquillement, secrètement",qiāoqiāo,悄悄,她悄悄地走进了房间,Tā qiāoqiāo de zǒu jìn le fángjiān,Elle est entrée tranquillement dans la pièce,,
HSK5,Francais,727d13a27441,couper,qiē,切,请把水果切成小块,Qǐng bǎ shuǐguǒ qiē chéng xiǎo kuài,"S'il vous plaît, coupez le fruit en petits morceaux",,
HSK5,Francais,e6b4841ce1c4,"proche, chérie, pour embrasser",qīn,亲,她是我的亲妹妹,Tā shì wǒ de qīn mèi mèi,Elle est ma chère petite sœur,,
HSK5,Francais,f91679fa90e5,cher,qīn’ài,亲爱,我有一个亲爱的朋友,Wǒ yǒu yī gè qīn'ài de péng yǒu,J'ai un cher ami,,
HSK5,Francais,b7319272ae7c,parents et amis,qīnpéng-hǎoyǒu,亲朋好友,我将邀请亲朋好友参加我的婚礼,Wǒ jiāng yāoqǐng qīnpéng-hǎoyǒu cānjiā wǒ de hūn lǐ,J'inviterai mes parents et amis à mon mariage,,
HSK5,Francais,8cd8f79c6b57,"cordial, gentil",qīnqiè,亲切,她对所有人都很亲切,Tā duì suǒyǒu rén dōu hěn qīnqiè,Elle est très gentille avec tout le monde,,
HSK5,Francais,9120ff9d6fd4,affection familiale,qīnqíng,亲情,我和家人的亲情非常深厚,Wǒ hé jiārén de qīnqíng fēicháng shēnhòu,Mon affection pour ma famille est très profonde,,
HSK5,Francais,585f521d24a5,"membre de la famille, parent",qīnrén,亲人,我最爱的亲人是妈妈,Wǒ zuì ài de qīnrén shì māma,Le membre de ma famille que j'aime le plus est maman,,
HSK5,Francais,266e1bcbc4ff,personnellement,qīnzì,亲自,我亲自去买菜,Wǒ qīnzì qù mǎi cài,Je vais personnellement acheter des légumes.,,
HSK5,Francais,24a1ef4e7be3,"appliqué, travailleur",qínfèn,勤奋,他是个勤奋的人,Tā shì ge qínfèn de rén,Il est une personne appliquée et travailleuse,,
HSK5,Francais,8532531117f6,"vert, bleu",qīng,青,天空是青色的,Tiān kōng shì qīng sè de,Le ciel est de couleur verte (ou bleue).,,
HSK5,Francais,820759c851c5,"facile, facilement",qīngyì,轻易,我可以轻易学会法语,Wǒ kěyǐ qīngyì xuéxí fǎyǔ,Je peux apprendre facilement le français,,
HSK5,Francais,8a3723bb15b6,"importance, degré de gravité",qīngzhòng,轻重,这是一个轻重缓急的问题,Zhè shì yī ge qīngzhòng huǎnjí de wèntí,C'est une question d'importance et d'urgence.,,
HSK5,Francais,2c8ee438865d,"émotion, sentiment",qínggǎn,情感,她的情感非常丰富,Tā de qínggǎn fēicháng fēngfù,Ses émotions sont très riches.,,
HSK5,Francais,69a1cecd4931,"scène, situation",qíngjǐng,情景,电影中的情景很感人,Diànyǐng zhōng de qíngjǐng hěn gǎnrén,La scène du film est très émouvante,,
HSK5,Francais,2b833e33ba1b,"humeur, émotion",qíngxù,情绪,她现在的情绪很低落,Tā xiàn zài de qíngxù hěn dī luò,Elle est actuellement de très mauvaise humeur,,
HSK5,Francais,cc878526db50,demander conseil,qǐngjiào,请教,我想请教您这个问题,Wǒ xiǎng qǐngjiào nín zhè ge wèn tí,Je voudrais demander conseil sur cette question,,
HSK5,Francais,a3a77ba4c4d6,"demander, demander",qǐngqiú,请求,我想请求老板增加工资,Wǒ xiǎng qǐngqiú lǎobǎn zēngjiā gōngzī,Je veux demander au patron d'augmenter mon salaire,,
HSK5,Francais,14e0665dc9b5,pauvre,qióng,穷,他很穷，住在一个小房子里,"Tā hěn qióng, zhù zài yī gè xiǎo fáng zǐ lǐ","Il est très pauvre, il habite dans une petite maison",,
HSK5,Francais,bff4ac075f5c,s'orienter,qūshì,趋势,最近的趋势是人们越来越喜欢在线购物,Zuìjìn de qūshì shì rénmen yuè lái yuè xǐ huān zàixiàn gòuwù,"Récemment, la tendance est que les gens aiment de plus en plus faire leurs achats en ligne",,
HSK5,Francais,d97cd9f6f290,"région, zone",qūyù,区域,这个公园位于市中心区域,Gè zhè gōngyuán wèiyú shìzhōng xīn qūyù,Ce parc est situé dans le centre-ville de la région.,,
HSK5,Francais,d472fc786cf6,décéder,qùshì,去世,我的祖父去世两年了,Wǒ de zǔfù qùshì le liǎng nián le,Mon grand-père est décédé il y a deux ans,,
HSK5,Francais,8671dd8899e6,"pouvoir, autorité, (provisoirement)",quán,权,我拥有全部的管理权,Wǒ yǒngyǒu quánbù de guǎnlǐ quán,J'ai le pouvoir de gérer tout.,,
HSK5,Francais,0935c3773152,"droit, droit",quánlì,权利,每个人都有权利生存,Měi gè rén dōu yǒu quánlì shēng cún,Chaque personne a le droit de vivre,,
HSK5,Francais,fd276ac69da7,"pleine force, effort tous azimuts, de toutes ses forces",quánlì,全力,我会全力以赴学好中文,Wǒ huì quánlì yǐfù xué hǎo zhōng wén,Je vais apprendre le chinois avec toutes mes forces,,
HSK5,Francais,0bb44c643132,"complet, tout autour",quánmiàn,全面,这项调查是一份全面报告,Zhè xiàng diàochá shì yī fèn quánmiàn bàogào,Cette enquête est un rapport complet,,
HSK5,Francais,e7287e1122db,"tout, entier",quántǐ,全体,会议将讨论公司全体员工的福利问题,Huìyì jiāng tǎolùn gōngsī quántǐ yuángōng de fúlì wèntí,La réunion discutera des questions de prévoyance pour tous les employés de l'entreprise,,
HSK5,Francais,71203c8fe589,tout neuf,quánxīn,全新,这双鞋是全新的,Zhè shuāng xié shì quánxīn,Cette paire de chaussures est tout neuve,,
HSK5,Francais,6455a01dd1e3,persuader,quàn,劝,她试图劝说她的朋友不要迟到,Tā shì tú quàn shuō tā de pēng yǒu bù yào chí dào,Elle tente de persuader son amie à ne pas être en retard,,
HSK5,Francais,f987959001b4,manquer,quēfá,缺乏,中国农村的医疗设施常常缺乏,Zhōngguó nóngcūn de yīliáo shèshī chángcháng quēfá,Les installations médicales en zone rurale chinoise manquent souvent.,,
HSK5,Francais,2f8fa16c18cb,pour assurer,quèbǎo,确保,我们必须确保所有设备是安全的,Wǒmen bìxū quèbǎo suǒyǒu shèbèi shì ānquán de,Nous devons assurer que tous les équipements soient sécurisés.,,
HSK5,Francais,7a25c3e0f08e,"certain, défini, pour déterminer",quèdìng,确定,我们已经确定了这个项目的计划,Wǒmen yǐjīng quèdìng le zhè ge xiàngmù de jìhuà,Nous avons déjà déterminé le plan de ce projet,,
HSK5,Francais,79091703d0e2,pour confirmer,quèrèn,确认,请确认您的订单信息,Qǐng quèrèn nín de dìngdān xìnxī,Veuillez confirmer vos informations de commande,,
HSK5,Francais,253419db76b4,"mesurer le mot pour les groupes, groupe",qún,群,他们一起组成一个群,Tāmen yīqǐ zǔchéng yīgè qún,Ils forment ensemble un groupe.,,
HSK5,Francais,6ac5d2e1f937,"groupe, communauté",qúntǐ,群体,我们是来自同一个群体,Wǒmen shì láizì tóng yī gè qúntǐ,Nous sommes d'un même groupe,,
HSK5,Francais,63bb269609b8,brûler,ránshāo,燃烧,火势很强，燃烧速度非常快,"Huǒ shì hěn qiáng, ránshāo sùdù fēicháng kuài","Le feu est très intense, la vitesse de combustion est très rapide",,
HSK5,Francais,39aa94c90e4c,"faire le tour, faire le tour",rào,绕,公园里的人们喜欢绕湖散步,Gōngyuán lǐ de rénmen xǐ huān rào hú sàn bù,Les gens dans le parc aiment se promener autour du lac.,,
HSK5,Francais,46cfab4664c6,aimer profondément,rè’ài,热爱,我热爱学习中文,Wǒ rè'ài xuéxí zhōngwén,J'adore apprendre le chinois,,
HSK5,Francais,37372673a1b9,chaleur,rèliàng,热量,这个食物的热量很高,Gè zhè shíwù de rèliàng hěn gāo,La chaleur de cet aliment est très élevée,,
HSK5,Francais,bd6d78c0a9be,"chaleureux, enthousiaste",rèliè,热烈,大家对他的演讲给予了热烈的掌声,Dàjiā duì tā de yǎn lǎng jǐ yǔ le rè liè de zhǎng shēng,Tout le monde a accordé à son discours une ovation chaleureuse,,
HSK5,Francais,6bd769122d34,"enthousiaste, chaleureux",rèxīn,热心,她是一个热心帮助别人的好人,Tā shì yī gè rèxīn bāngzhù biérén de hǎorén,Elle est une personne enthousiaste pour aider les autres.,,
HSK5,Francais,bd3e907c7e19,"personne talentueuse, talent",réncái,人才,这个公司非常重视人才,gè cǐ gōng sī fēi cháng zhòng shì rén cái,Cette entreprise valorise énormément les talents.,,
HSK5,Francais,e3fe6c662635,"artificiel, manuel, travail manuel",réngōng,人工,这件衣服是人工织的,Zhè jiàn yīfu shì réngōng zhī de,Ce vêtement est fait main.,,
HSK5,Francais,f6ac12a99c92,interpersonnel,rénjì,人际,我很注重人际关系,Wǒ hěn zhùzhòng rénjì guānxì,Je tiens beaucoup aux relations interpersonnelles,,
HSK5,Francais,cdf8b2c372cf,population,rénkǒu,人又,中国的人口有十四亿,Zhōngguó de rénkǒu yǒu shí sì yì,"La population de la Chine est de 1,4 milliard.",,
HSK5,Francais,faa7010aad08,"l'humanité, l'humanité",rénlèi,人类,保护人类是我们的责任,Bǎohù rénlèi shì wǒmen de zérèn,Protéger l'humanité est notre responsabilité,,
HSK5,Francais,6e0aaccbfaa8,"main d'oeuvre, travail",rénlì,人力,我们公司依靠科技和人力共同发展,Wǒmen gōngsī yīlài kējì hé rénlì gòngtóng fāzhǎn,Notre entreprise se développe en combinant la technologie et la main d'œuvre.,,
HSK5,Francais,da8221c72d99,personnes,rénmín,人民,这是一个关于人民的句子： 中国是一个有十三亿人民的国家,Zhōngguó shì yīgè yǒu shísān yì rénmín de guójiā,La Chine est un pays qui compte treize milliards de personnes.,,
HSK5,Francais,1b13ac268237,"Renminbi, monnaie chinoise",rénmínbì,人民币,我有一些人民币,Wǒ yǒu yīxiē rénmínbì,J'ai quelques Renminbi,,
HSK5,Francais,2ed62d218662,foule,rénqún,人群,人群中有一位老人,Rénqún zhōng yǒu yī wèi lǎo rén,Il y a un vieux homme dans la foule.,,
HSK5,Francais,2a68ebf6bc99,corps humain,réntǐ,人体,理解人体结构对医学非常重要,Lǐ jiě rén tǐ jié gòu duì yī xué fēi cháng zhòng yào,Comprendre la structure du corps humain est très important pour la médecine,,
HSK5,Francais,e8bd8f15e67f,"personne, personnage, figure",rénwù,人物,这本书中有一个重要人物,Zhè ben shū zhōng yǒu yī gè zhòng yào rénwù,Ce livre contient une personne importante,,
HSK5,Francais,6b30b46b8ef7,"endurer, supporter",rěn,忍,我必须忍受这段痛苦的时间,Wǒ bìxū rěn shòu zhè duàn tòng kǔ de shí guò,Je dois endurer cette période douloureuse,,
HSK5,Francais,1066e318cfe9,"reconnaître, savoir",rèn,认,我已经认识了她三个星期,Wǒ yǐjīng rèn le tā sān gè xīngqī,Je la connais depuis trois semaines,,
HSK5,Francais,b420f6a1feb8,calendrier,rìlì,日历,我喜欢看日历,Wǒ xǐ huān kàn rìlì,J'aime regarder le calendrier,,
HSK5,Francais,adbd11052ffc,nécessités quotidiennes,rìyòngpǐn,日用品,我每天都需要买一些日用品,Wǒ měi tiān dū xū yào mǎi yī xiē rìyòngpǐn,Je dois acheter chaque jour quelques nécessités quotidiennes,,
HSK5,Francais,e6fb64923812,"comme, comme si",rú,如,她唱歌如天籁,Tā chàng gē rú tiān lí,Elle chante comme un ange,,
HSK5,Francais,f9d963b4e224,"tel, alors",rúcǐ,如此,我喜欢读书如此多年,Wǒ xǐ huān dú shū rú cǐ duō nián,J'aime lire des livres depuis tellement d'années,,
HSK5,Francais,5be61318bf4b,"comment, quoi",rúhé,如何,我想知道如何去上海,Wǒ xiǎng zhīdào rúhé qù shàng hǎi,Je veux savoir comment aller à Shanghai,,
HSK5,Francais,81c673da02a1,"de nos jours, ces jours-ci",rújīn,如今,如今，中国的经济正在迅速发展,"Rújīn, Zhōngguó de jīngjì zhèngzài xùnsù fāzhǎn","De nos jours, l'économie chinoise est en plein essor.",,
HSK5,Francais,922fd268120b,"comme, comme",rútóng,如同,她对待自己的孩子如同对待自己的弟弟妹妹,Tā duìdài zìjǐ de háizi rútóng duìdài zìjǐ de dìdi mèimei,Elle traite ses enfants comme ses propres frères et sœurs.,,
HSK5,Francais,1f6c04041867,comme suit,rúxià,如下,以下内容将如所描述,Yǐxià nèiróng jiāng rú suǒ miáo shù,Le contenu suivant est comme suit,,
HSK5,Francais,5fbf86cf25d6,doux,ruǎn,软,这件毛衣很软,Zhè jiàn máo yī hěn ruǎn,Ce pull est très doux,,
HSK5,Francais,307d12d63a61,logiciel,ruǎnjiàn,软件,这个公司开发了很多软件,Gèi gōng sī kāi fā le hěn duō ruǎn jiàn,Cette entreprise a développé beaucoup de logiciels,,
HSK5,Francais,69e9c2a09271,faible,ruò,弱,他很弱,Tā hěn ruò,Il est très faible,,
HSK5,Francais,b0e483ba2ea9,saupoudrer,sǎ,洒,她会把盐洒在食物上吃,Tā huì bǎ yán sǎ zài shíwù shàng chī,Elle va saupoudrer du sel sur sa nourriture pour manger.,,
HSK5,Francais,4ac3ac008517,"lieu de compétition, arène",sàichǎng,赛场,他将在赛场上展示他的技能,Tā jiāng zài sàichǎng shàng zǎnshì tā de jìnéng,Il va montrer ses compétences sur le lieu de compétition.,,
HSK5,Francais,e4eb8dcc9451,couleur,sècǎi,色彩,这件衣服的色彩很鲜艳,Zhè jiàn yīfú de sècǎi hěn xiānyàn,Cette robe a des couleurs très vives,,
HSK5,Francais,d149b978e522,désert,shāmò,沙漠,我喜欢在沙漠里徒步,Wǒ xǐhuān zài shāmò lǐ túbù,J'aime marcher dans le désert,,
HSK5,Francais,9f71fef8a4bb,sable,shāzi,沙子,海滩上有很多沙子,Hǎi tān shàng yǒu hěn duō shāzi,La plage a beaucoup de sable.,,
HSK5,Francais,dbe41fa35ea6,"stupide, insensé",shǎ,傻,他说的话真傻,Tā shuō de huà zhēn shǎ,Ce qu'il dit est vraiment stupide,,
HSK5,Francais,97eb80b89752,"bronzer, sécher au soleil",shài,晒,我喜欢在海滩上晒太阳,Wǒ xǐ huān zài hǎi tān shàng shài tài yáng,J'aime me bronzer sur la plage.,,
HSK5,Francais,af5def4dc719,supprimer,shān,删,请删除这段话,Qǐng shān chú zhè duàn huà,Veuillez supprimer ce paragraphe,,
HSK5,Francais,def69b40bad5,faner,shān,扇,我会给你一个风扇,Wǒ huì gěi nǐ yī gè fēng shān,Je vais te donner un ventilateur,,
HSK5,Francais,83f31c6bbad4,supprimer,shānchú,删除,请删除这段文本,Qǐng shānchú zhè duàn wén běn,Veuillez supprimer ce texte,,
HSK5,Francais,4d3d96985cab,zone de montagne,shānqū,山区,我家在山区,Wǒ jiā zài shānqū,J'habite dans une zone de montagne,,
HSK5,Francais,184f2bcecf46,"être bon, être habile dans",shàncháng,擅长,她擅长中文,Tā shàncháng zhōngwén,Elle est douée en chinois.,,
HSK5,Francais,89e234627bf6,"gentil, vertueux",shànliáng,善良,他是一个善良的人,Tā shì yī gè shànliáng de rén,Il est un homme gentil.,,
HSK5,Francais,6c5d7cc202a1,être bon dans,shànyú,善于,他善于英语,Tā shànyú yīngyǔ,Il est bon en anglais.,,
HSK5,Francais,3d0e9d05c70e,ventilateur,shànzi,扇子,我妈妈常用扇子,Wǒ māma cháng yòng shànzi,Ma mère utilise souvent un ventilateur,,
HSK5,Francais,efe5ef60f1e3,"blessure, blessure, blesser",shāng,伤,他在事故中受了伤,Tā zài shìgù zhōng shòu le shāng,Il a été blessé dans l'accident,,
HSK5,Francais,a70df2bf3684,nuire,shānghài,伤害,他的话让我感到伤害,Tā de huà ràng wǒ gǎnshòu shāng hài,Ses paroles m'ont blessé.,,
HSK5,Francais,bbd84c2a45c5,"entreprise, commerçant",shāngjiā,商家,这个公司是著名的商家,Gè zhè gōng sī shì zhù míng de shāngjiā,Cette entreprise est une célèbre société commerciale,,
HSK5,Francais,f33cc68456b5,"homme d'affaires, commerçant",shāngrén,商人,他是一位成功的商人,Tā shì yī wèi chénggōng de shāngrén,Il est un homme d'affaires réussi,,
HSK5,Francais,b48697c8b546,"affaires, affaires commerciales",shāngwù,商务,我正在处理一些商务,Wǒ zhèngzài chǔlǐ yīxiē shāngwù,Je suis en train de traiter quelques affaires.,,
HSK5,Francais,c4cdabea5d45,"commerce, affaires",shāngyè,商业,中国是一个大的商业市场,Zhōngguó shì yī gè dà de shāngyè shìchǎng,La Chine est un grand marché commercial,,
HSK5,Francais,ae99d803ff49,"apprécier, récompenser",shǎng,赏,我很喜欢赏樱花,Wǒ hěn xǐ huān shǎng yīng huā,J'aime beaucoup apprécier les fleurs de cerisier,,
HSK5,Francais,2e784ada2b6a,télécharger,shàngchuán,上传,我想上传这些照片到网上,Wǒ xiǎng shàngchuán zhèxiē zhàopiàn dào wǎng shàng,Je veux télécharger ces photos sur Internet,,
HSK5,Francais,96b3c17a9252,"monter, monter",shàngshēng,上升,国家的经济正在上升,Guójiā de jīngjì zhèngzài shàngshēng,L'économie du pays est en hausse.,,
HSK5,Francais,c38be3d36b46,"de haut en bas, haut et bas",shàngxià,上下,从上下看，这栋楼很漂亮,"Cóng shàngxià kàn, zhè dōng lóu hěn piàoliang","De haut en bas, cet immeuble est très beau",,
HSK5,Francais,e1337d27201c,"s'élever, augmenter",shàngzhǎng,上涨,公司的股票价值会 上涨,Gōngsī de gǔpiào jiàzhí huì shàngzhǎng,La valeur des actions de l'entreprise va augmenter,,
HSK5,Francais,7c5b75c304e4,"brûler, barbecue, nourriture brûlée",shāo,烧,我很喜欢吃烧烤,Wǒ hěn xǐ huān chī shāo kǎo,J'aime beaucoup manger du barbecue,,
HSK5,Francais,b0a1278fa838,barbecue,shāokǎo,烧烤,我喜欢吃烧烤,Wǒ xǐ huān chī shāo kǎo,J'aime manger du barbecue,,
HSK5,Francais,a01329fd5513,serpent,shé,蛇,我看见一条大蛇,Wǒ kàn jiàn yī tiáo dà shé,Je vois un grand serpent,,
HSK5,Francais,671a2ffc4701,"détester se séparer, être réticent à abandonner",shěbude,舍不得,她很舍不得离开她的家乡,Tā hěn shěbude líkāi tā de jiāxiāng,Elle déteste se séparer de sa ville natale,,
HSK5,Francais,d46c97937b63,être prêt à,shěde,舍得,我舍得花钱买这件衣服,Wǒ shěde huá qián mǎi zhè jiàn yīfú,Je suis prêt à dépenser de l'argent pour acheter ce vêtement,,
HSK5,Francais,0b8e70e002b1,"équipement, appareil",shèbèi,设备,实验室的设备非常先进,Shíyànshì de shèbèi fēicháng xiānjiìn,Les équipements du laboratoire sont très avancés,,
HSK5,Francais,705ac39478bf,"concevoir, concevoir",shèjì,设计,我是一个专门研究设计的学生,Wǒ shì yī gè zhuān mén yán jiū shèjì de xué shēng,Je suis un étudiant spécialisé dans la conception.,,
HSK5,Francais,edc438b450a4,établir,shèlì,设立,公司将设立新的部门,Gōngsī jiāng shèlì xīn de bùmén,L'entreprise va établir un nouveau département,,
HSK5,Francais,0e84baaf7e6b,communauté,shèqū,社区,我们社区正在举办一个文化节,Wǒmen shèqū zhèngzài jǔbàn yī gè wénhuà jié,Notre communauté organise un festival culturel,,
HSK5,Francais,72c79a550827,installations,shèshī,设施,这个酒店有很好的设施,Gěi gè jiǔdiàn yǒu hěn hǎo de shèshī,Cet hôtel a de très bonnes installations,,
HSK5,Francais,4949abac8e92,prendre une photo,shèyǐng,摄影,我喜欢摄影,Wǒ xǐhuān shèyǐng,J'aime prendre des photos,,
HSK5,Francais,dff8972ce19d,"mettre en place, installer",shèzhì,设置,我要设置一个新电脑,Wǒ yào shèzhì yī gè xīn diànnǎo,Je vais installer un nouvel ordinateur,,
HSK5,Francais,bea5e92aa6ac,s'étirer,shēn,伸,我喜欢早上伸展身体,Wǒ xǐ huān zǎo shàng shēn zhǎn shēn tǐ,J'aime m'étirer le matin,,
HSK5,Francais,1e50fa170341,"silhouette, stature",shēncái,身材,她有很好的身材,Tā yǒu hěn hǎo de shēncái,Elle a une très bonne silhouette.,,
HSK5,Francais,d5333c8cf3fa,"profondeur, profond",shēndù,深度,这个湖的深度有十米,Gēi gè hú de shēndù yǒu shí mǐ,La profondeur de ce lac est de dix mètres,,
HSK5,Francais,b97de93a63cf,identité,shēnfèn,身份,她的身份证还没办好,Tā de shēnfèn zhèng hái méi bàn hǎo,Son identité n'est pas encore attestée,,
HSK5,Francais,0921f5dafb7d,"profond, profond",shēnhòu,深厚,他们之间的友谊很深厚,Tāmen zhījiān de yǒuyì hěn shēnhòu,Leur amitié est très profonde,,
HSK5,Francais,dfc9d8501a8d,"profond, profond",shēnkè,深刻,这是一个深刻的问题,Zhè shì yī gè shēnkè de wèntí,C'est une question profonde,,
HSK5,Francais,536e658936a1,"pénétrer profondément, profondément, complètement",shēnrù,深入,他们对该问题进行了深入的研究,Tāmen duì gāi wèntí jìnxíng le shēnrù de yánjiū,Ils ont mené une recherche approfondie sur cette question,,
HSK5,Francais,babcd2522217,d'une grande portée,shēnyuǎn,深远,这个新的科技将会对社会产生深远的影响,zhè ge xīn de kē jì jiāng huì duì shè huì chǎn shēng shēn yuǎn de yǐng xiǎng,Cette nouvelle technologie aura un impact d'une grande portée sur la société.,,
HSK5,Francais,5f6eec1f92f6,"mythe, mythologie",shénhuà,神话,我喜欢学习中国的神话,Wǒ xǐ huān xué xí zhōng guó de shén huà,J'aime étudier la mythologie chinoise.,,
HSK5,Francais,19525cf267fa,mystérieux,shénmì,神秘,这个地方充满了神秘,Zhè ge dì fāng chōng mǎn le shénmì,Cet endroit est rempli de mystère,,
HSK5,Francais,2e66daacc1d8,"monter, monter",shēng,升,明天我会升职,Míngtiān wǒ huì shēng zhí,"Demain, j'aurai une promotion",,
HSK5,Francais,038c98a96578,"produire, fabriquer",shēngchǎn,生产,这个工厂主要生产电子产品,Gè zhè gōngchǎng zhǔyào shēngchǎn diànzǐ chǎnpǐn,Cette usine produit principalement des produits électroniques,,
HSK5,Francais,f546f295d68a,survivre,shēngcún,生存,在荒岛上，他必须靠自己的技能来生存,"Zài huāngdǎo shàng, tā bìxū kào zìjǐ de jìnéng lái shēngcún","Sur l'île déserte, il doit survivre grâce à ses propres compétences.",,
HSK5,Francais,de03cc5d3b42,"vif, vivant",shēngdòng,生动,孩子们的生动表情非常吸引人,Háizimen de shēngdòng biǎoqíng fēicháng xīyǐn rén,Les expressions vives des enfants sont très attirantes,,
HSK5,Francais,2d4a349318ce,mettre à niveau,shēngjí,升级,公司计划升级软件系统,Gōngsī jìhuà shēngjí ruǎnjiàn xìtǒng,L'entreprise prévoit de mettre à niveau le système logiciel.,,
HSK5,Francais,f869156175da,se réchauffer,shēngwēn,升温,全球气候正在升温,Quánqiú qìhòu zhèngzài shēngwēn,Le climat mondial se réchauffe.,,
HSK5,Francais,a26b3f9ba6ab,"êtres vivants, organisme",shēngwù,生物,生物是地球上的重要组成部分,Shēngwù shì dìqiú shàng de zhòngyào zǔchēng bùfen,Les organismes vivants sont une partie importante de la Terre.,,
HSK5,Francais,aed79bca3309,Zodiaque chinois,shēngxiào,生肖,我是狗生肖,Wǒ shì gǒu shēngxiào,Je suis du signe du chien,,
HSK5,Francais,e362f85232aa,grandir,shēngzhǎng,生长,孩子会在健康的环境中生长,Háizǐ huì zài jiànkāng de huánjìng zhòng shēngzhǎng,L'enfant va grandir dans un environnement sain,,
HSK5,Francais,7b85b76e9092,province,shěngfèn,省份,中国有很多省份,Zhōngguó yǒu hěn duō shěngfèn,La Chine a beaucoup de provinces,,
HSK5,Francais,13acec6f9de1,capitale provinciale,shěnghuì,省会,杭州是浙江省会,Hángzhōu shì zhèjiāng shěnghuì,Hangzhou est la capitale de la province du Zhejiang,,
HSK5,Francais,0fe19b15e19f,"gagner, vaincre",shèng,胜,我不会输，我一定会胜利,"Wǒ bú huì shū, wǒ yídìng huì shènglì","Je ne vais pas perdre, je vais certainement gagner",,
HSK5,Francais,3f530fd15e7a,"victoire, triomphe, gagner",shènglì,胜利,他们在比赛中取得了胜利,Tāmen zài bǐsài zhōng qǔ dé le shènglì,Ils ont remporté la victoire dans la compétition,,
HSK5,Francais,2ef1ddb9dd3d,poésie,shī,诗,我喜欢读古代的诗,Wǒ xǐ huān dú gǔ dài de shī,J'aime lire les poésies anciennes,,
HSK5,Francais,a033f82e1f88,"mouillé, humide",shī,湿,今天外面天气很湿,Jīn tiān wài miàn tiān qì hěn shī,"Aujourd'hui, la météo à l'extérieur est très humide",,
HSK5,Francais,7143fa142d5f,perdre en amour,shīliàn,失恋,她刚刚失恋了,Tā gānggāng shīliàn le,Elle vient de perdre quelqu'un qu'elle aimait.,,
HSK5,Francais,25f3cc33afe8,souffrir d'insomnie,shīmián,失眠,最近我经常失眠,Zuìjìn wǒ jīngcháng shīmián,"Récemment, je souffre souvent d'insomnie",,
HSK5,Francais,d7c165e17637,poète,shīrén,诗人,他是一位著名的诗人,Tā shì yī wèi zhùmíng de shīrén,Il est un poète célèbre,,
HSK5,Francais,a54f79c521e2,"faire une erreur, une erreur, une erreur",shīwù,失误,他因为失误而输掉了比赛,Tā yīn wèi shī wù ér shū diào le bǐ sài,Il a perdu la compétition à cause d'une erreur.,,
HSK5,Francais,bdfa08b6aeca,"perdre son emploi, être au chômage",shīyè,失业,由于经济危机，他失业了,"Yóu yú jīng jì wēi jī, tā shīyè le","À cause de la crise économique, il a perdu son emploi.",,
HSK5,Francais,e14e6d540e2f,décalage horaire,shíchā,时差,飞机晚点了，我经历了很大的时差,"Fēijī wǎn diǎn le, wǒ jīnglì le hěn dà de shíchā","L'avion a eu du retard, j'ai subi un grand décalage horaire",,
HSK5,Francais,5166c77d3aba,souvent,shícháng,时常,他时常去公园散步,Tā shícháng qù gōngyuán sǎnbù,Il va souvent se promener au parc,,
HSK5,Francais,c23ee2bae2fc,"époque, temps",shídài,时代,我们正在努力适应新的时代,Wǒmen zhèngzài nǔlì shìyìng xīn de shídài,Nous nous efforçons d'adapter à la nouvelle époque,,
HSK5,Francais,6db4f646b5ba,"pratiquer, mettre en pratique",shíjiàn,实践,我每天都努力实践英语口语,Wǒ měi tiān dōu nǔ lì shíjiàn yīng yǔ kǒu yǔ,Je m'efforce de pratiquer mon anglais parlé chaque jour,,
HSK5,Francais,76bb5f0a8acb,"moment, constamment",shíkè,时刻,我时刻想着你,Wǒ shíkè xiǎng zhe nǐ,Je pense à toi constamment,,
HSK5,Francais,b4be976fa0e7,"force, capacité",shílì,实力,他的实力在于他的勤奋,Tā de shílì zàiyú tā de qínfèn,Sa force réside dans son assiduité,,
HSK5,Francais,f06edd3d053d,"période, phase",shíqī,时期,在那个时期，我非常忙,"Zài nà ge shíqī, wǒ fēicháng máng","Pendant cette période, j'étais très occupé",,
HSK5,Francais,82cd05ecf3d3,mettre en œuvre,shíshī,实施,公司决定实施新计划,Gōngsī juédìng shíshī xīn jìhuà,L'entreprise a décidé de mettre en œuvre un nouveau plan,,
HSK5,Francais,32c0211a45e7,pierre,shítou,石头,孩子正在玩石头,Háizi zhèngzài wán shítou,L'enfant joue avec une pierre,,
HSK5,Francais,14432ec11ef9,"faire un stage, pratiquer",shíxí,实习,我正在实习中,Wǒ zhèngzài shíxí zhōng,Je suis en train de faire un stage,,
HSK5,Francais,193ab338ccab,"réaliser, réaliser",shíxiàn,实现,我希望实现我的梦想,Wǒ xīwàng shíxiàn wǒ de mèngxiǎng,J'espère réaliser mon rêve,,
HSK5,Francais,62463237c1f0,"mettre en œuvre, réaliser",shíxíng,实行,公司计划在明年实行新项目,Gōngsī jìhuà zài míngnián shíxíng xīn xiàngmù,L'entreprise prévoit de mettre en œuvre un nouveau projet l'année prochaine.,,
HSK5,Francais,cfe97dc9900b,"expérimenter, expérimenter",shíyàn,实验,今天我们要进行一个科学实验,Jīntiān wǒmen yào jìnxíng yīgè kēxué shíyàn,"Aujourd'hui, nous allons réaliser une expérience scientifique.",,
HSK5,Francais,c2ea980099a9,laboratoire,shíyànshì,实验室,学校有一个大的实验室,Xuéxiào yǒu yī gè dà de shíyànshì,L'école a un grand laboratoire.,,
HSK5,Francais,6b90c7480675,"pratique, fonctionnel",shíyòng,实用,这个软件非常实用,Zhè ge ruǎn jiàn hěn shíyòng,Ce logiciel est très pratique,,
HSK5,Francais,8d498f1e7edb,"manger, être comestible",shíyòng,食用,这个食物是可食用吗？,Zhè ge shíwù shì kě shíyòng ma?,Ce aliment est-il comestible ?,,
HSK5,Francais,85615be4ef50,"provoquer, faire",shǐde,使得,他说的故事使得我们都哈哈大笑,Tā shuō de gùshi shǐde wǒmen dū hāhā dàxiào,L'histoire qu'il a racontée nous a fait rire aux éclats,,
HSK5,Francais,d6d4c50b031d,"du début à la fin, toujours",shǐzhōng,始终,我始终支持你,Wǒ shǐzhōng zhīchí nǐ,Je te soutiens toujours.,,
HSK5,Francais,a24f6e846e28,"suffixe signifiant style, type",shì,式,这是中国式的建筑,Zhè shì zhōng guó shì de jiàn zhù,C'est un bâtiment de style chinois,,
HSK5,Francais,7fbbe9c4c188,"approprié, approprié",shìdàng,适当,这是一个适当的例子： 他选择了适当的时间来表达自己的观点,Tā xuǎn le shìdàng de shíguò lái biǎodá zìjǐ de guāndiǎn,Il a choisi le moment approprié pour exprimer son point de vue,,
HSK5,Francais,c7fad6fbd708,"comme, comme si",shìde,似的,他跑得快得好像飞似的,Tā pǎo de kuài de hǎo xiàng fēi shìde,Il court vite comme si il volait,,
HSK5,Francais,6de4595cf157,accident,shìgù,事故,昨天发生了一起事故,Zuótiān fāshēng le yī jì shìgù,"Hier, il y a eu un accident",,
HSK5,Francais,17ed17fee1ec,"incident, événement",shìjiàn,事件,最近发生了一个重大事件,Zuìjìn fāshēng le yī gè zhòngdà de shìjiàn,"Récemment, un événement important s'est produit",,
HSK5,Francais,f1979e13cc2a,papier d'examen,shìjuàn,试卷,我要考試的试卷,Wǒ yào kǎoshì de shìjuàn,J'ai un papier d'examen à passer,,
HSK5,Francais,4cf160b558b6,citoyen,shìmín,市民,所有市民都有投票的权利,Suǒyǒu shìmín dū yǒu tóu piào de quánlì,Tous les citoyens ont le droit de vote,,
HSK5,Francais,9cd28d627808,fait,shìshí,事实,这是一个事实,Zhè shì yī gè shìshí,C'est un fait,,
HSK5,Francais,071756eee637,considérer comme,shìwéi,视为,许多人视为这项技术是未来的趋势,Xǔduō rén shìwèi zhè xiàng jìshù shì wèilái de qūxiàng,Beaucoup de gens considèrent que cette technologie est une tendance pour l'avenir,,
HSK5,Francais,0c74899d1135,"chose, objet",shìwù,事物,这是一个事物,Zhè shì yī gè shìwù,Ceci est une chose,,
HSK5,Francais,4cd67244ae2c,à l'avance,shìxiān,事先,我事先没有通知他们,Wǒ shìxiān méiyǒu tōngzhī tāmen,Je ne les ai pas prévenus à l'avance,,
HSK5,Francais,d675bb636055,"tester, expérimenter",shìyàn,试验,我想试验一下新软件,Wǒ xiǎng shìyàn yī xià xīn ruǎnjiàn,Je veux tester le nouveau logiciel,,
HSK5,Francais,b15b7127e9d3,"carrière, entreprise, cause",shìyè,事业,她的事业很成功,Tā de shìyè hěn chénggōng,Son entreprise a très bien réussi,,
HSK5,Francais,d5a68104f586,"essayer, être en probation",shìyòng,试用,公司让我试用这个新软件一周,Gōngsī ràng wǒ shìyòng zhè ge xīn ruǎnjiàn yī zhōu,L'entreprise m'a demandé d'essayer ce nouveau logiciel pendant une semaine,,
HSK5,Francais,e2eb82bf32fa,"applicable, approprié",shìyòng,适用,这个软件适用所有类型的电脑,Gè zhè ruǎn jiàn shìyòng suǒyǒu lèi xíng de diànnǎo,Ce logiciel est applicable à tous les types d'ordinateurs,,
HSK5,Francais,b1e286fbae33,"récolter, récolter",shōuhuò,收获,秋天是农民收获的季节,Qiū tiān shì nóng mín shōuhuò de jì jié,Le temps des récoltes est le season des agriculteurs.,,
HSK5,Francais,6b9c56ed10fd,collecter,shōují,收集,我喜欢收集邮票,Wǒ xǐ huān shōu jí yóu piào,J'aime collecter les timbres.,,
HSK5,Francais,f27ec8bf8299,"regarder (télévision, programme)",shōukàn,收看,我喜欢收看电视剧,Wǒ xǐ huān shōu kàn diàn shì jù,J'aime regarder les séries télévisées,,
HSK5,Francais,3070ee6cc7e3,"garder, garder",shǒu,守,我会守口如瓶,Wǒ huì shǒu kǒu rú píng,Je vais garder le secret comme une bouteille scellée,,
HSK5,Francais,37aa8ea86c7c,première fois,shǒucì,首次,我首次来到中国,Wǒ shǒucì lái dào zhōngguó,Je suis venu en Chine pour la première fois,,
HSK5,Francais,b75e81d61899,"méthode, signifie",shǒuduàn,手段,我们要找一种合适的手段来解决这个问题,Wǒmen yào zhǎo yī zhǒng héshì de shǒuduàn lái jiějué zhè ge wèntí,Nous devons trouver une méthode adéquate pour résoudre ce problème,,
HSK5,Francais,7ea9d78d1405,"fait à la main, manuel",shǒugōng,手工,这是一个手工制成的玩具,Zhè shì yī gè shǒugōng zhì chéng de wán jù,C'est un jouet fabriqué à la main,,
HSK5,Francais,950dd3f114ca,"chirurgie, opérer",shǒushù,手术,他需要进行手术,Tā xūyào jìnxíng shǒushù,Il doit subir une opération chirurgicale,,
HSK5,Francais,1bcf043074c2,gant,shǒutào,手套,我戴着一双手套去打篮球,Wǒ dài zhe yì shuāng shǒutào qù dǎ lán qiú,Je porte un gant pour jouer au basket.,,
HSK5,Francais,b2b318651849,"procédure, formalité",shǒuxù,手续,我要办手续,Wǒ yào bàn shǒuxù,Je veux faire les démarches,,
HSK5,Francais,b41647aa5607,doigt,shǒuzhǐ,手指,我用手指拨弄着吉他,Wǒ yòng shǒuzhǐ bōu nòng zhe jítā,Je fais glisser mes doigts sur le manche de la guitare,,
HSK5,Francais,d53e76c8cdbb,prix de vente,shòujià,售价,这件衬衫的售价是50元,Zhè jiàn chènshān de shòujià shì 50 yuán,Le prix de vente de cette chemise est de 50 yuans,,
HSK5,Francais,156d99a1e54b,légume,shūcài,蔬菜,我喜欢吃蔬菜,Wǒ xǐ huān chī shūcài,J'aime manger des légumes,,
HSK5,Francais,5b3d819c97e7,calligraphie,shūfǎ,书法,我喜欢书法,Wǒ xǐhuān shūfǎ,J'aime la calligraphie,,
HSK5,Francais,4a7eae82d4f1,"étudier, le",shūfáng,书房,我在书房学习,Wǒ zài shūfáng xuéxí,Je suis en train d'étudier dans mon bureau d'étude.,,
HSK5,Francais,915d918692c4,bibliothèque,shūjià,书架,我家里的书架很大,Wǒ jiā lǐ de shūjià hěn dà,La bibliothèque de chez moi est très grande,,
HSK5,Francais,0df817d6359d,entrer,shūrù,输入,請輸入密碼,Qǐng shūrù mìmǎ,Veuillez entrer le mot de passe,,
HSK5,Francais,02b94b8e4187,confortable,shūshì,舒适,这是一个舒适的房间,Zhè shì yī gè shūshì de fángjiān,C'est une chambre confortable.,,
HSK5,Francais,aa5f10da2c95,"qualifié, compétent",shúliàn,熟练,他是個熟练的工程师,Tā shì gè shúliàn de gōngchéngshī,Il est un ingénieur qualifié,,
HSK5,Francais,6cd24ce9d536,connaissance,shúrén,熟人,他是我很熟的人,Tā shì wǒ hěn shúrén,Il est une connaissance très proche.,,
HSK5,Francais,f0a5730c0bdb,souris,shǔbiāo,鼠标,我用鼠标玩电脑,Wǒ yòng shǔbiāo wán diànnǎo,Je joue à l'ordinateur avec la souris,,
HSK5,Francais,6a48f34c8f18,appartenir à,shǔyú,属于,这个书属于我,Gè zhè shū shǔyú wǒ,Ce livre m'appartient,,
HSK5,Francais,8378b2c324f2,mesurer le mot pour les grappes,shù,束,一束葡萄,Yī shù pú táo,Un bouquet de raisin,,
HSK5,Francais,f01d8e72f25b,données,shùjù,数据,公司的数据很安全,Gōngsī de shùjù hěn ānquán,Les données de l'entreprise sont très sécurisées,,
HSK5,Francais,65127ef4c596,arbres,shùmù,树木,公园里有很多树木,Gōngyuán lǐ yǒu hěn duō shùmù,Il y a beaucoup d'arbres dans le parc.,,
HSK5,Francais,cad0d1a3d904,"tomber, jeter",shuāi,摔,孩子在冰上摔了一跤,Hái zi zài bīng shàng shuāi le yī jiǎo,L'enfant est tombé sur la glace,,
HSK5,Francais,9635138fe74d,"des deux côtés, des deux parties",shuāngfāng,双方,双方都同意签署合同,Shuāngfāng dū tóngyì qiān shǔ hétóng,Les deux parties ont accepté de signer le contrat,,
HSK5,Francais,0b3100781509,"humidité, teneur en eau",shuǐfèn,水分,这个水果的水分很高,Gè zhe shuǐ guǒ de shuǐfèn hěn gāo,Ce fruit a une teneur en eau très élevée,,
HSK5,Francais,d9c9a0772c77,impôt,shuì,税,我要缴纳税,Wǒ yào jiǎo nà shuì,Je vais payer des impôts,,
HSK5,Francais,f8d3d3abadf1,dormir,shuìmián,睡眠,我喜欢睡眠,Wǒ xǐ huān shuì mián,J'aime dormir,,
HSK5,Francais,a341f2b28f77,"suivre, arranger, lisser, en séquence",shùn,顺,一切都很顺利,Yī qiē dū hěn shùn lì,Tout se passe très bien,,
HSK5,Francais,aa4a87d3ba40,"difficile à dire, peut-être, peut-être",shuōbudìng,说不定,明天会下雨说不定,Míng tiān huì xià yǔ shuōbudìng,Demain il pleuvra peut-être.,,
HSK5,Francais,2a29cd55a590,persuader,shuōfú,说服,她用数据和图表成功地说服了老板投资这个项目,Tā yòng shùjù hé tú biǎo chénggōng de shuōfú le lǎobǎn tóu zī zhè ge xiàngmù,Elle a réussi à persuader son patron d'investir dans ce projet en utilisant des données et des graphiques.,,
HSK5,Francais,f2b2fa460803,penser,sīkǎo,思考,我喜欢思考问题,Wǒ xǐ huān sī kǎo wèn tí,J'aime réfléchir aux problèmes,,
HSK5,Francais,ed36e71e462a,"privé, personnel",sīrén,私人,这是我的私人问题,Zhè shì wǒ de sīrén wèntí,C'est mon problème personnel.,,
HSK5,Francais,fc8c0ef0dd72,"penser, penser, penser",sīwéi,思维,她喜欢通过写日记来记录自己的思维,Tā xǐ huān tòng guò xiě rì jì lái jì lù zì jǐ de sī wéi,Elle aime enregistrer ses pensées en tenant un journal.,,
HSK5,Francais,74a476010d8e,"pensée, idée",sīxiǎng,思想,这个人有什么思想？,Gè zhè ge rén yǒu shén me sīxiǎng,Quelle est l'idée de cette personne ?,,
HSK5,Francais,b0da9f95ff3e,"tout autour, partout",sìchù,四处,我四处寻找我的手机,Wǒ sìchù xúnzhǎo wǒ de shǒujī,Je cherche mon téléphone partout.,,
HSK5,Francais,ccf152ed60c2,"semble, comme si",sìhū,似乎,她似乎很开心,Tā sìhū hěn kāixīng,Elle semble très heureuse,,
HSK5,Francais,daf5d8cb02e3,tout autour,sìzhōu,四周,城市的四周都是高楼大厦,Chéngshì de sìzhōu dōu shì gāolóu dàshà,La ville est entourée de gratte-ciel partout autour.,,
HSK5,Francais,1b40d5ca53e3,rechercher,sōu,搜,我要搜一下互联网,Wǒ yào sōu yī xià hùliánwǎng,Je vais rechercher sur internet,,
HSK5,Francais,c209df1f72d3,rechercher,sōusuǒ,搜索,我要使用网络搜索信息,Wǒ yào shǐ yòng wǎng lù sōusuǒ xìnxī,Je veux utiliser internet pour rechercher des informations,,
HSK5,Francais,7120e92405e3,dortoir,sùshè,宿舍,我住在学校的宿舍,Wǒ zhù zài xuéxiào de sùshè,Je loge dans le dortoir de l'école,,
HSK5,Francais,d5a9badf1160,"aigre/doux/amer/piquant, les joies et les peines de la vie",suān-tián-kǔ-là,酸甜苦辣,生活就是酸甜苦辣，需要平衡处理,"Shēng huó jiù shì suān-tián-kǔ-là, xū yào píng héng chǔ lǐ","La vie est aigre, douce, amère et piquante, il faut la gérer avec équilibre.",,
HSK5,Francais,c7f89c63d6c6,à suivre,suí,随,我会随着音乐跳舞,Wǒ huì suí zhe yīn lè tiào wǔ,Je vais danser au rythme de la musique,,
HSK5,Francais,5e72f2eb9858,après,suíhòu,随后,我吃完饭之后随后去看电影,Wǒ chī wán fàn zhīhòu suíhòu qù kàn diànyǐng,"Après avoir fini de manger, j'y vais regarder un film.",,
HSK5,Francais,fe21aaf55253,à tout moment,suíshí,随时,你可以随时联系我,Nǐ kěyǐ suíshí liánxì wǒ,Tu peux me contacter à tout moment.,,
HSK5,Francais,d63807a48a85,"confortablement, sans effort supplémentaire",suíshǒu,随手,我可以随手拿到手机,Wǒ kěyǐ suíshǒu ná dào shǒujī,Je peux prendre mon téléphone confortablement,,
HSK5,Francais,a0d93838bdc5,"à volonté, décontracté",suíyì,随意,你可以随意地选择菜品,Nǐ kěyǐ suíyì de xuǎn zé càipǐn,Vous pouvez choisir les plats à volonté,,
HSK5,Francais,aa51e05a8338,"briser, briser, briser",suì,碎,玻璃杯掉到地上碎了,Bōli bēi diào dào dì shàng suì le,Le verre est tombé par terre et s'est brisé.,,
HSK5,Francais,371a9ea0679d,"endommager, nuire",sǔnhài,损害,环境污染会对生态系统造成严重损害,Huánjìng wūrǎn huì duì shēngtài xìtǒng zàochéng yánzhòng sǔnhài,La pollution de l'environnement peut endommager gravement les écosystèmes,,
HSK5,Francais,904f4ce99cc5,"perdre, perte",sǔnshī,损失,公司遭受了重大损失,Gōngsī zāoshòu le zhòngdà de sǔnshī,L'entreprise a subi de lourdes pertes,,
HSK5,Francais,dfbd04993016,raccourcir,suōduǎn,缩短,我们需要缩短这个项目的时间,Wǒmen xūyào suōduǎn zhège xiàngmù de shíguò,Nous devons raccourcir le temps de ce projet,,
HSK5,Francais,130fc7a144b4,"rétrécir, réduire",suōxiǎo,缩小,为了解决问题，我们需要缩小搜索范围,"Wèi le jiě jué wèntí, wǒmen xū yào suōxiǎo sōu suǒ fàn wéi","Pour résoudre le problème, nous devons rétrécir la plage de recherche.",,
HSK5,Francais,3fbe6818c7c1,"mesurer le mot pour les lieux, le lieu, le bureau",suǒ,所,公司所在的城市很大,Gōngsī suǒ zài de chéngshì hěn dà,La ville où se trouve l'entreprise est très grande,,
HSK5,Francais,dfbb0c404fae,"verrouiller, verrouiller",suǒ,锁,我要锁门,Wǒ yào suǒ mén,Je veux fermer la porte à clé.,,
HSK5,Francais,aa0c498b4f54,"d'autres, d'autres personnes",tārén,他人,他人会帮助需要的人,Tārén huì bāngzhù xūyào de rén,D'autres personnes aideront ceux qui en ont besoin,,
HSK5,Francais,6c5230ab11d0,lampe de bureau,táidēng,台灯,我的桌子上有一台台灯,Wǒ de zhuōzi shàng yǒu yī tái táidēng,Il y a une lampe de bureau sur mon bureau,,
HSK5,Francais,c778d581d896,"marches, escaliers",táijiē,台阶,我往上爬了两级台阶,Wǒ wǎng shàng pá le liǎng jí táijiē,Je suis monté deux marches en haut.,,
HSK5,Francais,7b026548fd03,"épouse (respectueuse), Mme.",tàitai,太太,李先生的太太很漂亮,Lǐ xiānshēng de tàitai hěn piàoliang,L'épouse de M. Li est très belle,,
HSK5,Francais,ec859703242e,"parler, avoir une conversation",tánhuà,谈话,我的朋友喜欢跟我谈话,Wǒ de péngyǒu xǐhuān gēn wǒ tánhuà,Mon ami aime avoir une conversation avec moi,,
HSK5,Francais,8f092597b167,pêche,táo,桃,我最喜欢吃的水果是桃子,Wǒ zuì xǐ huān chī de shuǐ guǒ shì táo zǐ,Mon fruit préféré est la pêche,,
HSK5,Francais,2d2a1837b472,"ensemble, costume, couvrir, envelopper, mesurer mot pour les ensembles",tào,套,这个西装是我的最喜欢的套装,Zhège xīzhuāng shì wǒ de zuì xǐ huān de tào zhuāng,Ce costume est mon ensemble préféré,,
HSK5,Francais,6be185377185,"spécialité, produit local",tèchǎn,特产,这个城市的特产是手工艺品,Gèi zhè ge chéng shì de tèchǎn shì shǒu gōng yì pǐn,Le produit local de cette ville est l'artisanat.,,
HSK5,Francais,0b7624e6888b,"caractéristique, particularité",tèsè,特色,这家餐厅的特色菜是北京烤鸭,Zhè jiā cān tīng de tèsè cài shì běi jīng kǎo yā,Le plat caractéristique de ce restaurant est le canard rôti de Pékin,,
HSK5,Francais,cc35e18a9145,"spécial, particulier",tèshū,特殊,这是一个特殊的例子,Zhè shì yī gè tèshū de lìzǐ,C'est un exemple spécial,,
HSK5,Francais,442082236774,"caractéristique, distinctif",tèyǒu,特有,这是他们特有的风格,Zhè shì tāmen tèyǒu de fēng gé,C'est leur style distinctif.,,
HSK5,Francais,a3295aa1c42d,"trait, caractéristique",tèzhēng,特征,这个产品的特征是耐用,Gè zhè chǎnpǐn de tèzhēng shì nàiyòng,Le trait de ce produit est qu'il est durable,,
HSK5,Francais,c3d24265e0a0,douloureux,téngtòng,疼痛,我的头常常会疼痛,Wǒ de tóu chángcháng huì téngtòng,Ma tête est souvent douloureuse,,
HSK5,Francais,77daa676b710,plaider,tíchàng,提倡,我们应该提倡保护环境,Wǒmen yīnggāi tíchàng bǎohù huánjìng,Nous devrions plaider pour la protection de l'environnement,,
HSK5,Francais,099d94b42a0c,"soumettre, remettre",tíjiāo,提交,我将在周五提交报告,Wǒ jiāng zài zhōu wǔ tíjiāo bào gào,Je vais soumettre le rapport le vendredi.,,
HSK5,Francais,c7ba5c772ab8,"sujet, sujet, question",tímù,题目,考试的题目很难,Kǎoshì de tímù hěn nán,Le sujet de l'examen est difficile,,
HSK5,Francais,a1bcf2f5d4a5,"mentionner, évoquer",tíqǐ,提起,当我看到那张旧照片时就会提起我的童年,Dāng wǒ kàndào nà zhāng jiù zhào piàn shí huì tíqǐ wǒ de tóng nián,"Quand je vois cette vieille photo, cela me fait évoquer mon enfance",,
HSK5,Francais,83499e69b878,"promouvoir, élever",tíshēng,提升,我们将努力提升公司的技术水平,Wǒmen jiāng nǔlì tíshēng gōngsī de jìshù shuǐpíng,Nous allons nous efforcer de promouvoir le niveau technique de l'entreprise,,
HSK5,Francais,6a338cd7a78e,poser une question,tíwèn,提问,老师开始提问,Lǎoshī kāishǐ tíwèn,L'enseignant commence à poser des questions,,
HSK5,Francais,10a960b28ac7,"comprendre, réaliser, comprendre",tǐhuì,体会,我现在开始体会到成功的意义,Wǒ xiàn zài kāi shǐ tǐ huì dào chéng gōng de yì yì,Je commence maintenant à comprendre le sens du succès,,
HSK5,Francais,b3fb2113f896,force physique,tǐlì,体力,他拥有很好的体力,Tā yǒngyǒu hěn hǎo de tǐlì,Il possède une excellente force physique,,
HSK5,Francais,5b2e959581f3,"incarner, refléter",tǐxiàn,体现,公司的理念体现了创始人的人生哲学,Gōngsī de lǐniàn tǐxiàn le chuàngshǐ rén de rénshēng zhéxué,L'idéologie de l'entreprise reflète la philosophie de vie du fondateur.,,
HSK5,Francais,8b944ed15daf,faire l'expérience,tǐyàn,体验,我想去中国体验当地文化,Wǒ xiǎng qù zhōngguó tǐyàn dāngdì wénhuà,Je veux aller en Chine pour faire l'expérience de la culture locale,,
HSK5,Francais,5be45c6fa4d3,"remplacer, substituer, au nom de",tì,替,我替朋友买了一些礼物,Wǒ tì péng yǒu mǎi le yī xiē lǐ wù,J'ai acheté quelques cadeaux au nom de mon ami,,
HSK5,Francais,67e108ff00b9,ciel,tiānkōng,天空,天空中有很多鸟在飞,Tiānkōng zhōng yǒu hěn duō niǎo zài fēi,Il y a beaucoup d'oiseaux qui volent dans le ciel,,
HSK5,Francais,79526e860668,"dans le ciel, le paradis",tiānshàng,天上,神仙住在天上,Shénxiān zhù zài tiānshàng,Les dieux vivent dans le paradis,,
HSK5,Francais,1797e925de6a,remplir,tián,填,我需要填写一份表格,Wǒ xūyào tián xiě yī fèn biǎo gé,J'ai besoin de remplir un formulaire,,
HSK5,Francais,6fefe3bc27fa,"dessert, collation sucrée",tiánpǐn,甜品,我最喜欢吃的甜品是冰淇淋,Wǒ zuì xǐhuān chī de tiánpǐn shì bīngqílín,Mon dessert préféré est la glace.,,
HSK5,Francais,ed7c28a02606,"choisir, choisir",tiāo,挑,我要挑选一件漂亮的衣服,Wǒ yào tiāo xuǎn yī jiàn piào liang de yī fu,Je veux choisir une belle robe,,
HSK5,Francais,31b266b51a13,"sélectionner, choisir",tiāoxuǎn,挑选,为了挑选合适的衣服，我去商店试穿了很多件,"Wèi le tiāoxuǎn héshì de yīfu, wǒ qù shāngdiàn shì chuān le hěn duō jiàn","Pour sélectionner les vêtements adaptés, je suis allé essayer beaucoup de pièces au magasin",,
HSK5,Francais,35bbd120618d,"méchant, espiègle",tiáopí,调皮,我的弟弟很调皮,Wǒ de dìdì hěn tiáopí,Mon petit frère est très méchant.,,
HSK5,Francais,4a31c83b58ac,ajuster,tiáozhěng,调整,我们需要调整一下计划,Wǒmen xūyào tiáozhěng yīxià jìhuà,Nous devons ajuster un peu le plan,,
HSK5,Francais,dce813b3a0e3,"défier, défier",tiǎozhàn,挑战,我接受这个挑战,Wǒ jiēshòu zhè ge tiǎozhān,J'accepte ce défi,,
HSK5,Francais,f0565183c9c3,saut en hauteur,tiàogāo,跳高,他是跳高运动员,Tā shì tiàogāo yùndònghuán,Il est un athlète de saut en hauteur,,
HSK5,Francais,7aa5da3eafa0,saut en longueur,tiàoyuǎn,跳远,她是跳远的冠军,Tā shì tiàoyuǎn de guànjun,Elle est championne de saut en longueur,,
HSK5,Francais,5d43e5cdb6ee,"coller, coller",tiē,贴,我要把照片 贴 在墙上,Wǒ yào bǎ zhàopiàn tiē zài qiáng shàng,Je vais coller la photo sur le mur,,
HSK5,Francais,90edbd3757a0,chemin de fer,tiělù,铁路,北京有很多铁路,Běijīng yǒu hěn duō tiělù,Pékin a beaucoup de chemins de fer,,
HSK5,Francais,18095183588b,"rester, rester",tíngliú,停留,火车将在这站停留10分钟,Huǒchē jiāng zài zhè zhàn tíngliú 10 fēnzhōng,Le train va rester 10 minutes à cette gare,,
HSK5,Francais,10ff8c902d68,"habituel, commun, habituellement",tōngcháng,通常,通常我喜欢看书,Tōngcháng wǒ xǐhuān kàn shū,"Habituellement, j'aime lire des livres",,
HSK5,Francais,ca8786651dd0,passer par,tōngxíng,通行,这条路经常通行,Zhè tiáo lù jīngcháng tōngxíng,Cette route est souvent empruntée,,
HSK5,Francais,a94daf74437c,"pareil, pareil, partager, être pareil, ensemble, avec, et, ainsi que",tóng,同,我们是同事,Wǒmen shì tóngshì,Nous sommes collègues de travail.,,
HSK5,Francais,37ca3660b118,"sympathiser, avoir de la compassion",tóngqíng,同情,我对他们的遭遇表示同情,Wǒ duì tāmen de zāoyù biǎoshì tóngqíng,Je sympathise avec ce qu'ils ont vécu,,
HSK5,Francais,8082c7278b96,"identique, pareil",tóngyī,同一,他们都是同一所大学的学生,Tāmen dōu shì tóngyī suǒ dàxué de xuésheng,Ils sont tous étudiants dans la même université,,
HSK5,Francais,a32e0e11e372,"compter, compter",tǒngjì,统计,我要学习统计数据,Wǒ yào xuéxí tǒngjì shùjù,Je veux étudier les données statistiques,,
HSK5,Francais,211c91a17344,"unifier, unifier",tǒngyī,统一,中国致力于统一,Zhōngguó zhìlì yú tǒngyī,La Chine s'efforce d'unifier.,,
HSK5,Francais,b00dd3ed387d,douloureux,tòngkǔ,痛苦,她经历了很大的痛苦,Tā jīnglì le hěn dà de tòngkǔ,Elle a vécu une grande douleur.,,
HSK5,Francais,546ef4bee702,"lancer, lancer",tóu,投,他喜欢投篮,Tā xǐ huān tóu lán,Il aime lancer le ballon (ou : Il aime jouer au basket).,,
HSK5,Francais,7364fff2d69a,"investir, mettre dans, absorbé, investissement",tóurù,投入,公司将大量资金投入研发新产品,Gōngsī jiāng dà liàng zījīn tóurù yánfā xīn chǎnpǐn,L'entreprise investit une grande somme d'argent dans le développement de nouveaux produits.,,
HSK5,Francais,074d640ca823,"faire saillie, remarquable",tūchū,突出,他的技能在比赛中突出,Tā de jìnéng zài bǐsài zhōng tūchū,Ses compétences se sont particulièrement démarquées pendant la compétition,,
HSK5,Francais,7fcab5232431,"image, dessin",túhuà,图画,孩子喜欢画图画,Háizi xǐhuān huà túhuà,L'enfant aime dessiner des images,,
HSK5,Francais,1117f3534b82,livres,túshū,图书,我喜欢读图书,Wǒ xǐ huān dú túshū,J'aime lire des livres,,
HSK5,Francais,d908f4f354ee,atterrir,tǔdì,土地,飞机将要在这个土地上着陆,Fēijī jiāng yào zài zhè ge tǔdì shàng zhuó lù,L'avion va atterrir sur ce terrain.,,
HSK5,Francais,70fb5f794623,pomme de terre,tǔdòu,土豆,我爱吃土豆,Wǒ ài chī tǔdòu,J'adore manger des pommes de terre,,
HSK5,Francais,0b1915b320dd,lapin,tùzi,兔子,我喜欢养一只可爱的兔子,Wǒ xǐhuān yǎng yī zhī kě ài de tùzi,J'aime élever un lapin mignon.,,
HSK5,Francais,fd918ec2f7dd,"unir, grouper, mesurer mot pour objets ronds",tuán,团,他们是一个团队,Tāmen shì yī gè tuántuán,Ils forment une équipe,,
HSK5,Francais,61a2c751f006,équipe,tuánduì,团队,我们的团队很强大,Wǒmen de tuánduì hěn qiángdà,Notre équipe est très forte,,
HSK5,Francais,3e7b7adaa295,"promouvoir, faire avancer",tuīdòng,推动,政府积极推动经济发展,Zhèngfǔ jījí tuīdòng jīngjì fāzhǎn,Le gouvernement promeut activement le développement économique,,
HSK5,Francais,db8850c7969c,"populariser, diffuser",tuīguǎng,推广,公司正在推广新产品,Gōngsī zhèngzài tuīguǎng xīn chǎnpǐn,L'entreprise est en train de populariser un nouveau produit,,
HSK5,Francais,5fc52c6b4a4d,à recommander,tuījiàn,推荐,这个产品值得推荐,Zhè ge chǎnpǐn zhè dé tuījiàn,Ce produit vaut la peine d'être recommandé,,
HSK5,Francais,931fd7913525,"avancer, avancer",tuījìn,推进,我们需要推进这个项目,Wǒmen xūyào tuījìn zhè ge xiàngmù,Nous devons avancer ce projet,,
HSK5,Francais,5008680a3c36,"se retirer, se retirer",tuì,退,我要退休了,Wǒ yào tuìxiū le,Je vais prendre ma retraite,,
HSK5,Francais,491fa6b40587,"se retirer, sortir",tuìchū,退出,会议结束后，他退出了会议室,"Huìyì jiéshù hòu, tā tuìchū le huìyìshì","La réunion terminée, il est sorti de la salle de réunion",,
HSK5,Francais,12e9f3452f92,rembourser,tuìhuán,退还,如果我不喜欢这双鞋子，可以退还吗,"Rúguǒ wǒ bù xǐhuān zhè shuāng xiézi, kěyǐ tuìhuán ma","Si je n'aime pas ces chaussures, est-ce que je peux les rembourser ?",,
HSK5,Francais,9e352933937b,prendre sa retraite,tuìxiū,退休,我的父亲今年要退休了,Wǒ de fùqīn jīnnián yào tuìxiū le,Mon père prend sa retraite cette année,,
HSK5,Francais,1fec432c0147,pantoufles,tuōxié,拖鞋,我喜欢在家里穿拖鞋,Wǒ xǐ huān zài jiā lǐ chuān tuōxié,J'aime porter des pantoufles chez moi,,
HSK5,Francais,7f23eb65e139,"dehors, extérieur",wàibù,外部,窗户外面下雨了,Chuāng hù wàibù xià yǔ le,Il pleut à l'extérieur de la fenêtre.,,
HSK5,Francais,c46735acfb16,grand-père,wàigōng,外公,我的外公是很好的人,Wǒ de wàigōng shì hěn hǎo de rén,Mon grand-père est une personne très bien.,,
HSK5,Francais,976645eb17a5,"apparence, extérieur",wàiguān,外观,这个电脑的外观很漂亮,Zhè ge diànnǎo de wàiguān hěn piàoliang,L'apparence de cet ordinateur est très belle,,
HSK5,Francais,1069ca048a9a,grand-mère,wàipó,外婆,我爱我的外婆,Wǒ ài wǒ de wàipó,J'aime ma grand-mère,,
HSK5,Francais,d60a45882167,"apparence, forme",wàixíng,外形,这个包裹的外形很好看,Gè zhè bāoguì de wàixíng hěn hǎokàn,Ce paquet a une apparence très agréable,,
HSK5,Francais,fbc027204030,"courbé, plier, courber",wān,弯,路边停着一辆弯腰装载沙子的卡车,Lù biān tíng zhe yī liàng wān yāo zhuāng zài shā zǐ de kǎ chē,"Au bord de la route, un camion couché chargeait du sable.",,
HSK5,Francais,f2b369035b77,jouet,wánjù,玩具,我最喜欢的玩具是汽车,Wǒ zuì xǐ huān de wánjù shì qì chē,Mon jouet préféré est la voiture,,
HSK5,Francais,91421854f2e6,parfait,wánměi,完美,她是一位完美的演员,Tā shì yī wèi wánměi de yǎnyuán,Elle est une actrice parfaite.,,
HSK5,Francais,a2011808af2e,"parfait, impeccable, améliorer, perfectionner",wánshàn,完善,这个项目需要进一步的完善,Gēi xiàngmù xūyào jīnyībù de wánshàn,Ce projet nécessite une amélioration supplémentaire,,
HSK5,Francais,28a31d906dc1,"complet, intact",wánzhěng,完整,这个文件是完整的,Zhè ge wénjiàn shì wánzhěng de,Ce fichier est complet,,
HSK5,Francais,280b92b2f6f8,"juste au cas où, au cas où",wànyī,万一,,,,,
HSK5,Francais,e9b69eb89e66,aller et venir,wǎngfǎn,往返,我每天往返于家和公司之间,Wǒ měi tiān wǎng fǎn yú jiā hé gōng sī zhī jiān,Je vais et viens chaque jour entre la maison et l'entreprise,,
HSK5,Francais,1f6096bdecdc,réseau,wǎngluò,网络,我喜欢通过网络学习新知识,Wǒ xǐ huān tōng guò wǎng luò xué xí xīn zhī shì,J'aime apprendre de nouvelles connaissances via le réseau.,,
HSK5,Francais,8fa0e4e5253d,nuire,wēihài,危害,环境污染会对人类健康造成很大危害,Huánjìng wūrǎn huì duì rén de jiànkāng zào chéng hěn dà wēihài,La pollution de l'environnement peut nuire gravement à la santé humaine,,
HSK5,Francais,33a46c309c91,"sourire, sourire",wēixiào,微笑,看到她，我不禁露出了微笑,"Kàndào tā, wǒ bù jīn lù chū le wēixiào","En la voyant, je ne pus m'empêcher de sourire.",,
HSK5,Francais,5993401104cf,menacer,wēixié,威胁,恐怖分子对城市提出威胁,Kǒngbù fēnzǐ duì chéngshì tíchū wēixié,Les terroristes menacent la ville,,
HSK5,Francais,8d11ed9d967a,"enfermer, entourer",wéi,围,他们围着篝火跳舞,Tāmen wéi zhe huǒyuán tiào wǔ,Ils dansent autour du feu de camp.,,
HSK5,Francais,d979682848da,"maintenir, garder",wéichí,维持,,,,,
HSK5,Francais,d54afd5b82b5,violer la loi,wéifǎ,违法,他们的行为是违法的,Tāmen de xíngwèi shì wéifǎ de,Leur comportement est illégal,,
HSK5,Francais,c61f3dc7d2f9,violer,wéifǎn,违反,他违反了公司的规则,Tā wéifǎn le gōngsī de guīzé,Il a violé les règles de l'entreprise,,
HSK5,Francais,ad6f5e7d4cde,foulard,wéijīn,围巾,我今天戴了一条漂亮的围巾,Wǒ jīntiān dài le yī tiáo piàoliang de wéijīn,J'ai mis un joli foulard aujourd'hui,,
HSK5,Francais,94c96c58bbc0,"entourer, tourner autour",wéirào,围绕,城市规划需要围绕环境保护来进行,Chéngshì guīhuà xūyào wéirào huánjìng bǎohù lái jìnxíng,La planification urbaine nécessite de tourner autour de la protection de l'environnement pour être mise en œuvre.,,
HSK5,Francais,b338a95d3e39,"entretenir, réparer",wéixiū,维修,电脑需要维修,Diànnǎo xūyào wéixiū,L'ordinateur a besoin d'être réparé,,
HSK5,Francais,c9114e1e6f6c,"seulement, unique",wéiyī,唯一,我是这个房间唯一的主人,Wǒ shì zhè ge fángzi wéiyī de zhǔrén,Je suis le seul propriétaire de cette maison,,
HSK5,Francais,010a2993a95e,queue,wěiba,尾巴,我的狗的尾巴很长,Wǒ de gǒu de wěiba hěn cháng,La queue de mon chien est très longue,,
HSK5,Francais,8684c0fe012a,"grand, puissant",wěidà,伟大,中国是一个伟大国家,Zhōngguó shì yī ge wěidà de guójiā,La Chine est un grand pays,,
HSK5,Francais,0bc2f79e6b05,estomac,wèi,胃,我有胃痛,Wǒ yǒu wèi tòng,J'ai mal à l'estomac,,
HSK5,Francais,6a4619133150,"à venir, futur, futur",wèilái,未来,我希望我的孩子会拥有一个美好的未来,Wǒ xīwàng wǒ de háizi huì yǒngyǒu yī gè měihǎo de wèilái,J'espère que mon enfant aura un bel avenir.,,
HSK5,Francais,aa4f063e1de6,être situé à,wèiyú,位于,上海市位于中国东部,Shàng hǎi shì wèiyú zhōng guó dōng bù,La ville de Shanghaï est située à l'est de la Chine,,
HSK5,Francais,09d5ec65deab,"emplacement, position",wèizhì,位置,这个酒店的位置很好,Gè zhè jiǔdiàn de wèizhì hěn hǎo,L'emplacement de cet hôtel est très bien,,
HSK5,Francais,5ba4ab196631,"réchauffer, réchauffer",wēnnuǎn,温暖,妈妈给我们做了很好吃的汤来温暖我们的身体,Māma gěi wǒmen zuò le hěn hǎo chī de tāng lái wēnnuǎn wǒmen de shēntǐ,Maman nous a préparé une délicieuse soupe pour nous réchauffer le corps,,
HSK5,Francais,4cc0aac7a530,littérature,wénxué,文学,我喜欢读文学书,Wǒ xǐ huān dú wénxué shū,J'aime lire des livres de littérature,,
HSK5,Francais,930a9192714e,"stable, stabiliser",wěndìng,稳定,经济不稳定会影响整个社会,Jīngjì bù wěndìng huì yǐngxiǎng zhěnggè shèhuì,L'instabilité économique affecte toute la société,,
HSK5,Francais,4f522299ebe4,questionnaire,wènjuàn,问卷,我要填写这个问卷,Wǒ yào tián xiě zhè ge wènjuàn,Je veux remplir ce questionnaire,,
HSK5,Francais,7c0bc01c9ca6,"tenir, saisir",wò,握,我会用手握住它,Wǒ huì yòng shǒu wò zhù tā,Je vais le tenir avec ma main,,
HSK5,Francais,043274f573c1,chambre à coucher,wòshì,卧室,我的卧室很舒服,Wǒ de wòshì hěn shūfú,Ma chambre à coucher est très confortable,,
HSK5,Francais,0698cb301888,se serrer la main,wòshǒu,握手,今天我们将握手,Jīntiān wǒmen jiāng wòshǒu,"Aujourd'hui, nous allons nous serrer la main",,
HSK5,Francais,63e91108be4f,"n'avoir rien à voir avec, n'avoir aucun rapport",wúguān,无关,这个问题与我的工作无关,Zhè ge wèntí yǔ wǒ de gōngzuò wúguān,Ce problème n'a rien à voir avec mon travail,,
HSK5,Francais,99c075d358aa,"impuissant, mais néanmoins",wúnài,无奈,面对这种情况，我感觉到无奈,"Miàn duì zhè zhǒng qíng kuàng, wǒ gǎn dào wúnài","Face à cette situation, je me sens impuissant.",,
HSK5,Francais,a46f89830efa,innombrable,wúshù,无数,无数的人喜欢旅行,Wúshù de rén xǐhuān lǚxíng,Un nombre innombrable de personnes aiment voyager,,
HSK5,Francais,03676a071860,"illimité, infini",wúxiàn,无限,宇宙的可能性是无限的,Yǔzhòu de kěnéng xìng shì wúxiàn de,Les possibilités de l'univers sont infinies,,
HSK5,Francais,bc752491e841,"invalide, inefficace",wúxiào,无效,该合同由于某些原因被判定为无效,Gāi hétóng yóu yú mǒu xiē lǐ yú bèi pàn dé wúxiào,Ce contrat a été déclaré invalide pour certaines raisons,,
HSK5,Francais,3d80127116b4,danse,wǔdǎo,舞蹈,我喜欢学习舞蹈,Wǒ xǐ huān xué xí wǔ dǎo,J'aime apprendre la danse,,
HSK5,Francais,751862798086,arts martiaux,wǔshù,武术,我练习武术已经十年了,Wǒ liàn xí wǔshù yǐ jīng shí nián le,Je pratique les arts martiaux depuis dix ans déjà,,
HSK5,Francais,b218d514f1fb,scène,wǔtái,舞台,演员走上了舞台,Yǎnyuán zǒu le shàng wǔtái,L'acteur est monté sur scène,,
HSK5,Francais,70e14a5f1b65,coloré,wǔyán-liùsè,五颜六色,这个花园里有五颜六色的花,Zhè ge huā yuán lǐ yǒu wǔyán-liùsè de huā,Ce jardin est rempli de fleurs colorées,,
HSK5,Francais,f2cb186d68f5,brouillard,wù,雾,今天早上有大雾,Jīn tiān zǎo shàng yǒu dà wù,"Aujourd'hui, il y a un grand brouillard ce matin",,
HSK5,Francais,04f8f6122fcc,prix,wùjià,物价,中国的物价很高,Zhōngguó de wùjià hěn gāo,Les prix en Chine sont très élevés,,
HSK5,Francais,f0f1402bb094,physique,wùlǐ,物理,我学物理很有兴趣,Wǒ xué wùlǐ hěn yǒu xìngqù,J'aime beaucoup apprendre la physique,,
HSK5,Francais,925de0f0d8c3,"article, objet",wùpǐn,物品,,,,,
HSK5,Francais,00c1de5e619e,gestion immobilière,wùyè,物业,这个公司专门做物业管理,Gèi gōngsī zhuān mén zuò wùyè guǎn lǐ,Cette entreprise se spécialise dans la gestion immobilière,,
HSK5,Francais,d128f45f8c74,"matière, substance",wùzhì,物质,这是一个有关物质的例子： 科学家正在研究物质的性质,Kēxuéjiā zhèngzài yánjiū wùzhì de xìngzhì,Les scientifiques étudient les propriétés de la matière.,,
HSK5,Francais,8a2f6cc34df4,Cuisine occidentale,xīcān,西餐,我喜欢吃西餐,Wǒ xǐ huān chī xīcān,J'aime manger de la cuisine occidentale,,
HSK5,Francais,c438e12904da,paille,xīguǎn,吸管,我喜欢用吸管喝饮料,Wǒ xǐhuān yòng xīguǎn hē yǐnliào,J'aime boire des boissons avec une paille.,,
HSK5,Francais,91cc9c635df5,absorber,xīshōu,吸收,植物能够有效地吸收水分和矿物质,Zhíwù néng gòu yǒuxiào de xīshōu shuǐfèn hé kuàngwùzhì,Les plantes sont capables d'absorber efficacement l'eau et les minéraux.,,
HSK5,Francais,cc630a842343,costume,xīzhuāng,西装,我要穿西装去参加婚礼,Wǒ yào chuān xīzhuāng qù cān jiā hūn lǐ,Je vais mettre un costume pour assister au mariage,,
HSK5,Francais,d7fe4e4c08da,"pièce de théâtre, drame, spectacle",xì,戏,我喜欢看戏,Wǒ xǐ huān kàn xì,J'aime regarder les pièces de théâtre,,
HSK5,Francais,9bfff0997113,détail,xìjié,细节,这件事情的细节我不太清楚,Zhè jiàn shìqíng de xìjié wǒ bú tài qīngchǔ,Je ne connais pas très bien les détails de cette affaire,,
HSK5,Francais,84e49c27278c,drame,xìjù,戏剧,我喜欢看中国戏剧,Wǒ xǐ huān kàn zhōng guó xìjù,J'aime regarder les dramas chinois.,,
HSK5,Francais,c203730cbba3,"système, systématique",xìtǒng,系统,这个软件的系统非常先进,Gè zhè ruǎnjiàn de xìtǒng fēicháng xiān jìn,Le système de ce logiciel est très avancé,,
HSK5,Francais,322930fde251,télécharger,xiàzài,下载,我想下载一首歌,Wǒ xiǎng xiàzài yī shǒu gē,Je veux télécharger une chanson,,
HSK5,Francais,6cf73f048140,"succession, l'une après l'autre",xiānhòu,先后,他们先后来到会议室,Tāmen xiānhòu lái dào huìyìshì,Ils sont arrivés l'un après l'autre dans la salle de conférence,,
HSK5,Francais,cd79c38281d3,"avancé, pionnier",xiānjìn,先进,中国是一个先进的国家,Zhōngguó shì yīgè xiānjìn de guójiā,La Chine est un pays avancé,,
HSK5,Francais,f8128d3a9430,"inactif, libre",xián,闲,我下班后有很多闲时间,Wǒ xiàbān hòu yǒu hěn duō xián shíguò,J'ai beaucoup de temps libre après le travail,,
HSK5,Francais,142c81ae3028,"apparaître, paraître",xiǎnde,显得,她今天特别开心，脸上笑容满面，显得很漂亮,"Tā jīntiān tèbié kāixīn, liǎn shàng xiào róng mǎn miàn, xiǎnde hěn piàoliang","Elle est particulièrement heureuse aujourd'hui, avec un sourire radieux sur le visage, ce qui la rend très jolie",,
HSK5,Francais,12af0e4b59ab,"évident, évident",xiǎnrán,显然,他是一个优秀的学生，显然很努力学习,"Tā shì yī gè yōu xiù de xué shēng, xiǎnrán hěn nǔ lì xué xí","Il est un excellent élève, évidemment très studieux",,
HSK5,Francais,4861a8fa5cc3,"montrer, afficher",xiǎnshì,显示,电脑屏幕上显示了最新的新闻,Diànnǎo píngmù shàng xiǎnshì le zuìxīn de xīnwén,L'écran de l'ordinateur affiche les dernières actualités,,
HSK5,Francais,2f41f4da083b,comté,xiàn,县,这个镇属于安徽省的某个县,Gè zhèn shǔyú ān huī shěng de mǒu gè xiàn,Cette ville appartient à un comté de la province d'Anhui,,
HSK5,Francais,b91e885e34e1,"scène, site, endroit",xiànchǎng,现场,警察在现场调查案件,Jǐngchá zài xiànchǎng diàochá ànjiàn,La police enquête sur les lieux du crime,,
HSK5,Francais,9cdb5a3cfb6a,"temps modernes, moderne",xiàndài,现代,我们生活在现代社会,Wǒmen shēng huó zài xiàndài shèhuì,Nous vivons dans la société moderne,,
HSK5,Francais,f7c1196ba614,moderniser,xiàndàihuà,现代化,中国致力于实现工业的现代化,Zhōngguó zhìlì yú shíxiàn gōngyè de xiàndàihuà,La Chine s'efforce de moderniser son industrie,,
HSK5,Francais,6de812f1df1b,"ligne, itinéraire",xiànlù,线路,这个火车的线路很复杂,Gēi gè huǒchē de xiànlù hěn fùzá,L'itinéraire de ce train est très compliqué,,
HSK5,Francais,bbe61e92232a,"réalité, réel",xiànshí,现实,生活与现实有着很大的差异,Shēng huó yǔ xiànshí yǒu zhe hěn dà de chā yì,La vie et la réalité ont de grandes différences,,
HSK5,Francais,774f1859d82e,phénomène,xiànxiàng,现象,全球变暖是一个严重的环境现象,Quánqiú biàn nuǎn shì yī gè yánzhòng de huánjìng xiànxiàng,Le réchauffement climatique est un phénomène environnemental grave.,,
HSK5,Francais,0e5dfd27eeec,"limiter, restreindre, limiter",xiànzhì,限制,公司对员工的互联网使用实施了限制,Gōngsī duì yuán gōng de hùlián wǎng shǐyòng shíxiàn le xiànzhì,L'entreprise a mis en place des restrictions sur l'utilisation d'Internet pour les employés,,
HSK5,Francais,7fb757e9c29d,situation actuelle,xiànzhuàng,现状,我们需要了解当前的现状才能做出正确的决定,Wǒmen xūyào liǎojiě dāngqián de xiànzhuàng cái néng zuò chū zhèngquè de juédìng,Nous devons comprendre la situation actuelle pour prendre la bonne décision,,
HSK5,Francais,ae66ba0906e3,"campagne, village",xiāng,乡,我来自农村的乡,Wǒ lái zì nóngcūn de xiāng,Je viens d'un village à la campagne,,
HSK5,Francais,cd58aea887ed,s'entendre,xiāngchǔ,相处,他们相处得很好,Tāmen xiāngchǔ de hěn hǎo,Ils s'entendent très bien.,,
HSK5,Francais,409e403d968c,campagne,xiāngcūn,乡村,我喜欢在乡村散步,Wǒ xǐ huān zài xiāngcūn sàn bù,J'aime me promener à la campagne,,
HSK5,Francais,257bd19bbd9c,"correspondre, être égal à, tout à fait",xiāngdāng,相当,今天的天气相当好,Jīn tiān de tiān qì xiāngdāng hǎo,Le temps est tout à fait agréable aujourd'hui,,
HSK5,Francais,dc7dbbb03bcc,"comparer, se faire face, opposé, relatif",xiāngduì,相对,他们的意见相对不同,Tāmen de yìjiàn xiāngduì bùtóng,Leurs opinions sont relativement différentes.,,
HSK5,Francais,749c72a98c14,"être lié, être corrélé",xiāngguān,相关,这些数据是相关的,Zhè xiē shù jù shì xiāngguān de,Ces données sont liées,,
HSK5,Francais,777d0623ca4c,similaire,xiāngsì,相似,这是两个相似的例子,Zhè shì liǎng gè xiāngsì de lìzǐ,Ce sont deux exemples similaires,,
HSK5,Francais,37b6906be284,manquer,xiǎngniàn,想念,我非常想念我的故乡,Wǒ fēicháng xiǎngniàn wǒ de gùxiāng,Je manque beaucoup mon pays natal,,
HSK5,Francais,16d383d9428f,son,xiǎngshēng,响声,孩子们的大笑声响亮极了,Háizi men de dàxiào xiǎngshēng xiǎng liàng jí le,Les éclats de rire des enfants sont vraiment très bruyants,,
HSK5,Francais,606680dc00f3,profiter,xiǎngshòu,享受,我喜欢享受美好的时光,Wǒ xǐ huān xiǎng shòu měi hǎo de shí guāng,J'aime profiter de bons moments.,,
HSK5,Francais,f0031a172fb4,"imaginer, imaginer",xiǎngxiàng,想象,孩子喜欢通过游戏来想象不同的角色,Háizǐ xǐhuān tòuguò yóuxì lái xiǎngxiàng bùtóng de jiǎosè,L'enfant aime imaginer différents rôles à travers le jeu,,
HSK5,Francais,02bf006e19da,photo album,xiàngcè,相册,我有一个相册,Wǒ yǒu yīgè xiàngcè,J'ai un album photo,,
HSK5,Francais,50d3e2b46fd5,"projet, article",xiàngmù,项目,这个项目很有意思,Gè zhè ge xiàngmù hěn yǒu yìsì,Ce projet est très intéressant,,
HSK5,Francais,ce0c8867d0e3,gomme,xiàngpí,橡皮,我有一支橡皮,Wǒ yǒu yī zhī xiàngpí,J'ai une gomme,,
HSK5,Francais,1de00eab1060,"vers le haut, monter",xiàngshàng,向上,我向上看着天空,Wǒ xiàngshàng kànzhe tiānkōng,Je regarde vers le haut le ciel,,
HSK5,Francais,8ade0aaea8e0,"symboliser, symbole, emblème",xiàngzhēng,象征,中国国旗上的五星是和平与团结的象征,Zhōngguó guóqí shàng de wǔ xīng shì hépíng yǔ tuántǐe de xiàngzhēng,Les cinq étoiles sur le drapeau chinois symbolisent la paix et l'unité.,,
HSK5,Francais,c8827ff38256,consommer,xiāofèi,消费,我每个月的消费都很高,Wǒ měi gè yuè de xiāofèi dū hěn gāo,"Chaque mois, mes dépenses sont très élevées",,
HSK5,Francais,3c6333820ff7,consommateur,xiāofèizhě,消费者,消费者可以在网上找到相关信息,Xiāofèizhě kěyǐ zài wǎng shàng zhǎo dào xiāngguān xìnxī,Les consommateurs peuvent trouver des informations en ligne.,,
HSK5,Francais,f655526fb435,digérer,xiāohuà,消化,我喜欢吃容易消化的食物,Wǒ xǐhuān chī róngyì xiāohuà de shíwù,J'aime manger des aliments faciles à digérer,,
HSK5,Francais,a240c7595410,négatif,xiāojí,消极,他对这个问题持消极态度,Tā duì zhè ge wèn tí chí xiāojí tài du,Il a une attitude négative envers cette question,,
HSK5,Francais,01da6daab808,volume des ventes,xiāoliàng,销量,本季度的销量已经增加了20%,Běn jìdě de xiāoliàng yǐjīng zēngjiā le 20%,Le volume des ventes du trimestre en cours a déjà augmenté de 20%,,
HSK5,Francais,cd881eb4b672,disparaître,xiāoshī,消失,我的钥匙不见了，可能已经消失了,"Wǒ de yàoshi bù jiàn le, kě néng yǐ jīng xiāoshī le","Mes clés ont disparu, elles ont probablement disparu.",,
HSK5,Francais,25e6f4bf5d0e,vendre,xiāoshòu,销售,这个公司的销售额非常高,Gēi gōngsī de xiāoshòu é hěn gāo,Les ventes de cette entreprise sont très élevées,,
HSK5,Francais,4113d8a64b76,"Mademoiselle, jeune femme",xiǎojiě,小姐,这位小姐很漂亮,Zhè wèi xiǎojiě hěn piàoliang,Cette jeune femme est très belle,,
HSK5,Francais,c316c86c61d2,"à petite échelle, compact",xiǎoxíng,小型,这个公司生产小型汽车,Zhè ge gōng sī shēng chǎn xiǎoxíng qì chē,Cette entreprise produit des petites voitures,,
HSK5,Francais,c3a0d8152c58,être inférieur à,xiǎoyú,小于,五个月大的小狗体重小于十斤,Wǔ gè yuè dà de xiǎo gǒu tǐ zhòng xiǎoyú shí jīn,Le poids d'un petit chien âgé de cinq mois est inférieur à dix kilos,,
HSK5,Francais,9d3466afb519,efficacité,xiàolǜ,效率,提高生产效率才能提高竞争力,Tīgāo shēngchǎn xiàolǜ cái néng tīgāo jìngzhēng lì,Améliorer l'efficacité de production permet d'accroître la compétitivité.,,
HSK5,Francais,a47aab97e054,"incliné, incliner",xié,斜,山路很斜,Shān lù hěn xié,La route de montagne est très inclinée,,
HSK5,Francais,c16c71ce07c1,"être d'accord, accord",xiéyì,协议,我们已经达成协议,Wǒmen yǐjīng dáchéng xiéyì,Nous sommes déjà d'accord,,
HSK5,Francais,7837e106af88,écrire,xiězuò,写作,我喜欢写作,wǒ xǐ huān xiě zuò,J'aime écrire,,
HSK5,Francais,da507939acae,jeune marié,xīnláng,新郎,新郎在婚礼上戴着一顶高帽,Xīnláng zài hūn lǐ shàng dài zhe yī tóu gāo mào,Le jeune marié portait un haut-de-forme lors de la cérémonie de mariage,,
HSK5,Francais,2867e0b6fc11,"psychologie, mentalité",xīnlǐ,心理,我学的是心理学,Wǒ xué de shì xīnlǐ xué,J'étudie la psychologie,,
HSK5,Francais,d49b1b0e66a9,mariée,xīnniáng,新娘,昨天我参加了姐姐的婚礼，姐姐穿着红色衣服的新娘很漂亮,"Zuótiān wǒ cānjiā le jiějie de hūn lǐ, jiějie chuān zhe hóngsè yīfu de xīnniáng hěn piàoliang","Hier, j'ai participé au mariage de ma sœur, ma sœur en tant que mariée portant des vêtements rouges était très belle.",,
HSK5,Francais,590cfc626ef0,"nouveau venu, nouvelle personne",xīnrén,新人,公司刚刚招聘了一个新人,gōngsī gānggāng zhaopin le yī ge xīnrén,L'entreprise vient juste d'embaucher un nouveau venu,,
HSK5,Francais,91447f52c700,"apprécier, apprécier",xīnshǎng,欣赏,她喜欢欣赏美丽的风景,Tā xǐhuān xīnshǎng měilì de fēngjǐng,Elle aime apprécier les paysages beaux.,,
HSK5,Francais,68cff8513af2,"attitude, état d'esprit",xīntài,心态,她的心态很积极,Tā de xīntài hěn jījí,Son attitude est très positive,,
HSK5,Francais,13df65c1fec8,nouveau type,xīnxíng,新型,这是一种新型技术,Zhè shì yī zhǒng xīnxíng jìshù,C'est une nouvelle technologie,,
HSK5,Francais,1fad2cac3bab,enveloppe,xìnfēng,信封,我刚买了一个信封,Wǒ gāng mǎi le yī gè xìnfēng,Je viens d'acheter une enveloppe,,
HSK5,Francais,c4417ee3b398,faire confiance,xìnrèn,信任,他是一个值得信任的人,Tā shì yī gè zhíde xìnrèn de rén,Il est une personne digne de confiance,,
HSK5,Francais,43e41fcb2a55,"fiabilité, crédit",xìnyòng,信用,这个公司的信用度很高,Gè gōngsī de xìnyòng dù hěn gāo,La fiabilité de cette entreprise est très élevée,,
HSK5,Francais,bb0639d958f7,itinéraire,xíngchéng,行程,我已规划好了我的整个行程,Wǒ yǐ guīhuà hǎo le wǒ de zhěng gè xíngchéng,J'ai déjà planifié tout mon itinéraire,,
HSK5,Francais,b6a2e2ce17bd,former,xíngchéng,形成,这是一个简单的例句： 公司已经形成了一个新的团队,Gōngsī yǐjīng xíngchéng le yīgè xīn de tuánduì,L'entreprise a formé une nouvelle équipe,,
HSK5,Francais,4b6e9e8f5e86,"passer à l'action, à l'action, au mouvement",xíngdòng,行动,现在是时候要采取行动,Xiàn zài shì gè cǎi qǔ xíngdòng de shí hòu,Maintenant c'est le moment de passer à l'action,,
HSK5,Francais,a5403cfeb70f,piéton,xíngrén,行人,路上有许多行人,Lù shàng yǒu xǔduō xíngrén,Il y a de nombreux piétons sur la route,,
HSK5,Francais,90341bdbd86e,décrire,xíngróng,形容,这本书形容了一个勇敢的小男孩,Zhè běn shū xíngróng le yī gè yǒnggǎn de xiǎo nán hái,Ce livre dépeint un petit garçon courageux,,
HSK5,Francais,d631fe992d3e,"forme, forme",xíngshì,形式,这个文件的形式非常重要,Gè zhè wénjiàn de xíngshì fēicháng zhòngyào,Cette forme de fichier est très importante,,
HSK5,Francais,e86addd1ab20,"situation, circonstances",xíngshì,形势,当前的形势对我们很有利,Dāng qián de xíngshì duì wǒmen hěn yǒu lì,La situation actuelle est très favorable pour nous,,
HSK5,Francais,8d2419fbcdbc,"voyager, conduire",xíngshǐ,行驶,明天我要去北京，需要开始行驶了,"Míngtiān wǒ yào qù Běijīng, xūyào kāishǐ xíngshǐ le","Demain, je vais à Pékin, je dois commencer le voyage.",,
HSK5,Francais,5df101d98f1f,comportement,xíngwéi,行为,他的行为很好,Tā de xíngwéi hěn hǎo,Son comportement est très bien.,,
HSK5,Francais,6a264713d0cd,"image, figure, image",xíngxiàng,形象,公司的形象很好,Gōngsī de xíngxiàng hěn hǎo,L'image de l'entreprise est très bonne,,
HSK5,Francais,7f6b4a6f1ead,"forme, forme",xíngzhuàng,形状,这个形状很美丽,Gè zhè xíngzhuàng hěn měilì,Cette forme est très belle,,
HSK5,Francais,064a9e17bd4f,marcher,xíngzǒu,行走,我喜欢在公园里行走,Wǒ xǐ huān zài gōng yuán lǐ xíngzǒu,J'aime marcher dans le parc,,
HSK5,Francais,b0a44e4e4920,"chance, chanceux, chanceux",xìngyùn,幸运,我觉得自己很幸运能遇到这么好的朋友,Wǒ juéde zìjǐ hěn xìngyùn néng yùdào zhème hǎo de péngyou,Je pense que j'ai de la chance de rencontrer des amis aussi bons.,,
HSK5,Francais,01fa27be6210,"nature, caractéristique",xìngzhì,性质,这个材料的性质非常强壮,Gè zhè cái liào de xìngzhì fēicháng qiángzhuàng,La nature de ce matériau est extrêmement solide,,
HSK5,Francais,a7146a5c5962,"modifier, corriger",xiūgǎi,修改,我需要修改我的作业,Wǒ xūyào xiūgǎi wǒ de zuòyè,J'ai besoin de corriger mon devoir,,
HSK5,Francais,f71bab2fc973,"construire, construire",xiūjiàn,修建,公司将修建一座新工厂,Gōngsī jiāng xiūjiàn yī zuò xīn gōngchǎng,L'entreprise va construire une nouvelle usine,,
HSK5,Francais,eb369a3dd8ac,"loisir, se détendre",xiūxián,休闲,我喜欢在周末去公园休闲,Wǒ xǐ huān zài zhōu mò qù gōng yuán xiūxián,J'aime aller me détendre au parc le week-end,,
HSK5,Francais,44d64ed4141f,avoir besoin,xū,需,我需要一本书,Wǒ xū yī běn shū,J'ai besoin d'un livre,,
HSK5,Francais,4692921550dc,"demande, besoin",xūqiú,需求,当前的经济需求很强,Dāng qián de jīng jì xū qiú hěn qiáng,La demande économique actuelle est très forte,,
HSK5,Francais,51f10b5eb526,"modeste, ouvert d'esprit",xūxīn,虚心,我会虚心学习新的技能,Wǒ huì xūxīn xuéxí xīn de jìnéng,Je vais apprendre de nouvelles compétences avec une attitude modeste et ouverte d'esprit,,
HSK5,Francais,5df88c322635,"annoncer, déclarer",xuānbù,宣布,市长要宣布新政策,Shì zhǎng yào xuānbù xīn zhèng cè,Le maire va annoncer une nouvelle politique,,
HSK5,Francais,4e0d7b117520,"promouvoir, faire connaître",xuānchuán,宣传,公司要宣传新产品,Gōngsī yào xuānchuán xīn chǎnpǐn,L'entreprise veut promouvoir son nouveau produit,,
HSK5,Francais,199672dc58f9,"concurrent, joueur",xuǎnshǒu,选手,这位选手很有机会赢得比赛,Zhè wèi xuǎnshǒu hěn yǒu jīhuì yíngdé bǐsài,Ce concurrent a une grande chance de gagner la compétition,,
HSK5,Francais,7c0911e965f2,"crédit, crédit académique",xuéfēn,学分,我已经获得了100个学分,Wǒ yǐjīng huò dé le 100 gè xuéfēn,J'ai déjà obtenu 100 crédits.,,
HSK5,Francais,4dd120711429,"discipline, sujet",xuékē,学科,我的大学专业是经济学科,Wǒ de dàxué zhuānyè shì jīngjì xuékē,Mon diplôme universitaire est en économie.,,
HSK5,Francais,17289cf93d16,formation scolaire,xuélì,学历,我有一個良好的学历,Wǒ yǒu yī gè liáng hǎo de xuélì,J'ai une bonne formation scolaire,,
HSK5,Francais,bea82563a320,année académique,xuénián,学年,新生的学年 sắp要结束了,Xīn shēng de xuénián jiù yào jiéshù le,L'année académique des nouveau étudiants va bientôt se terminer.,,
HSK5,Francais,b461f1244c14,"universitaires, bourses",xuéshù,学术,该大学的学术水平非常高,Gāi dàxué de xuéshù shuǐpíng fēicháng gāo,L'université a un niveau universitaire très élevé,,
HSK5,Francais,b2d65c707e77,savant,xuézhě,学者,他是一位著名的学者,Tā shì yī wèi zhùmíng de xuézhě,Il est un savant renommé,,
HSK5,Francais,1ee688b2555e,glace,xuěgāo,雪糕,我喜欢吃的夏天最凉爽的甜品是雪糕,Wǒ xǐhuān chī de xiàtiān zuì liángshuǎng de tiánpǐn shì xuěgāo,J'aime manger l'été le dessert le plus rafraîchissant qui est la glace.,,
HSK5,Francais,aa2ec6f21a60,"s'enquérir, demander",xúnwèn,询问,我想询问一下你们的价格,Wǒ xiǎng xúnwèn yīxià nǐmen de jiàgé,Je voudrais demander vos prix.,,
HSK5,Francais,58e4b4209948,"chercher, chercher",xúnzhǎo,寻找,我正在寻找我的手机,Wǒ zhèngzài xúnzhǎo wǒ de shǒujī,Je cherche mon téléphone,,
HSK5,Francais,abd2fa8a7d83,s'entraîner,xùnliàn,训练,我每天都要进行体育训练,Wǒ měi tiān dōu yào jìn xíng tǐ yù xùn liàn,Je fais de l'entraînement sportif tous les jours,,
HSK5,Francais,1147e2547ad3,"rapide, rapide",xùnsù,迅速,公司的发展迅速,Gōngsī de fāzhǎn xùnsù,L'entreprise se développe rapidement,,
HSK5,Francais,0725bf256fad,"ah, oh",yā,呀,真漂亮呀,Zhēn piào liang yā,C'est vraiment magnifique !,,
HSK5,Francais,9a77709bd28c,dépôt,yājīn,押金,我要交押金,Wǒ yào jiāo yājīn,Je veux payer le dépôt.,,
HSK5,Francais,e2896db3b1e5,argent chanceux,yāsuìqián,压岁钱,每年过年的时候，长辈都会给我们压岁钱,"Měi nián guò nián de shí hòu, zhǎng bèi dū huì gěi wǒmen yāsuìqián","Chaque année lors du Nouvel An, les aînés nous donnent de l'argent chanceux.",,
HSK5,Francais,3f8eb1bb00fc,canard,yāzi,鸭子,我有一只小鸭子,Wǒ yǒu yī zhī xiǎo yāzi,J'ai un petit canard,,
HSK5,Francais,1aeaf32b4b8e,dent,yáchǐ,牙齿,我刷牙齿时很注意卫生,Wǒ shuā yáchǐ shí hěn zhùyì wèishēng,Je fais attention à l'hygiène lorsque je brosses les dents,,
HSK5,Francais,38efa13b0ec5,"le long, suivre, bord",yán,沿,我们将沿着河流散步,Wǒmen jiāng yán zhe hé liú sàn bù,Nous allons nous promener le long de la rivière,,
HSK5,Francais,3093d1b93d57,"prolonger, prolonger",yáncháng,延长,会议将延长到晚上,Huìyì jiāng yáncháng dào wǎnshàng,La réunion sera prolongée jusqu'au soir,,
HSK5,Francais,5a713c710c41,rechercher et développer,yánfā,研发,公司将继续研发新产品,Gōngsī jiāng jìxù yánfā xīn chǎnpǐn,L'entreprise va continuer à rechercher et développer de nouveaux produits,,
HSK5,Francais,dae39565efcc,"sérieux, sévère, être sérieux",yánsù,严肃,老师要求我们在课堂上保持严肃,Lǎoshī yāoqiú wǒmen zài kètáng shàng bǎochí yánsù,Le professeur exige que nous soyons sérieux en classe,,
HSK5,Francais,c990abdf6309,rechercher et développer,yánzhì,研制,,,,,
HSK5,Francais,bbee073e2712,"oeil, mesurer le mot pour les puits, les yeux",yǎn,眼,我的眼睛很大,Wǒ de yǎn hěn dà,Mes yeux sont très grands,,
HSK5,Francais,a122d133863d,prononcer un discours,yǎnjiǎng,演讲,今天我要演讲一个关于科技的主题,Jīntiān wǒ yào yǎnjiǎng yī gè guānyú kējì de zhǔtí,"Aujourd'hui, je vais prononcer un discours sur un thème lié à la technologie",,
HSK5,Francais,59698266607a,larmes,yǎnlèi,眼泪,她掉下了许多眼泪,Tā diàoxià le hěn duō yǎnlèi,Elle a versé beaucoup de larmes.,,
HSK5,Francais,3cd53029571f,balcon,yángtái,阳台,我家里的阳台很大,Wǒ jiā lǐ de yángtái hěn dà,Le balcon de ma maison est très grand,,
HSK5,Francais,134987af30cb,"style, motif",yàngshì,样式,这个设计的样式非常独特,Gè zhè shèjì de yàngshì fēicháng dú tè,Le style de cette conception est très unique,,
HSK5,Francais,8a6dcbb1100f,taille,yāo,腰,她腰很细,Tā yāo hěn xì,Elle a une taille très fine,,
HSK5,Francais,39ba525902c6,secouer,yáo,摇,她用力摇了摇头,Tā yònglì yáo le yáo tóu,Elle a secoué la tête avec force,,
HSK5,Francais,b77f636cf9d5,mordre,yǎo,咬,狗咬了我的手,Gǒu yǎo le wǒ de shǒu,Le chien m'a mordu la main,,
HSK5,Francais,16986d746e46,"sinon, ou bien",yàobù,要不,我们去公园玩吧，要不就去看电影,"Wǒmen qù gōngyuán wán ba, yàobù jiù qù kàn diànyǐng","Allons nous amuser au parc, sinon allons voir un film",,
HSK5,Francais,21570b992980,si ce n'était pas pour,yàobúshì,要不是,我去年就回家了，要不是工作太忙,"Wǒ qùnián jiù huí jiā le, yàobúshì gōngzuò tài máng","J'ai rentré chez moi l'année dernière, si ce n'était pas pour le travail qui était trop occupé",,
HSK5,Francais,e50732306688,"médecine, pharmaceutique",yàopǐn,药品,我需要购买一些药品,Wǒ xūyào mǎi yìxiē yàopǐn,J'ai besoin d'acheter des médicaments.,,
HSK5,Francais,014f4609eb48,médicament,yàowù,药物,医生开了很多药物,Yīshēng kāi le hěn duō yàowù,Le médecin a prescrit beaucoup de médicaments,,
HSK5,Francais,42ea9e359609,"la nuit, la nuit",yèjiān,夜间,我通常在夜间学习,Wǒ tōngcháng zài yèjiān xuéxí,Je fais généralement mes études la nuit,,
HSK5,Francais,0c5df97dcb62,marché de nuit,yèshì,夜市,我最喜欢在台北的夜市,Wǒ zuì xǐ huān zài tái běi de yèshì,J'aime particulièrement le marché de nuit à Taipei,,
HSK5,Francais,5a0708a74445,"entreprise, travail professionnel",yèwù,业务,他的主要业务是管理酒店,Tā de zhǔyào yèwù shì guǎnlǐ jiǔdiàn,Son travail principal est de gérer un hôtel,,
HSK5,Francais,59347a4e2bba,"amateur, temps libre",yèyú,业余,我在业余时间喜欢读书,Wǒ zài yèyú shíguò xǐhuān dú shū,J'aime lire lors de mon temps libre,,
HSK5,Francais,6b26fe119c62,"base, fondation, se baser sur, s'appuyer sur, selon, basé sur",yījù,依据,我们会依据实际情况处理,Wǒmen huì yījù shíjì qíngkuàng chǔlǐ,Nous allons agir selon la situation réelle.,,
HSK5,Francais,b795c3087a61,"compter sur, soutenir",yīkào,依靠,我依靠我的家人,Wǒ yīkào wǒ de jiārén,Je compte sur ma famille,,
HSK5,Francais,dcf7664a77ed,traitement médical,yīliáo,医疗,医院提供的医疗服务非常好,Yīyuàn tígōng de yīliáo fúwù fēicháng hǎo,L'hôpital offre des services de traitement médical très bons,,
HSK5,Francais,072320283c7f,"toujours, comme avant",yīrán,依然,尽管面临挑战，但她依然努力工作,"Jìn guǎn miàn lín tiǎo zhàn, dàn tā yīrán nǔ lì gōng zuò","Même face aux défis, elle travaille toujours avec effort.",,
HSK5,Francais,ad4cd7a5d72b,médecine,yīxué,医学,我对医学很感兴趣,Wǒ duì yīxué hěn gǎn xìng,Je suis très intéressé par la médecine,,
HSK5,Francais,563d7442cdc2,bouger,yí,移,他要把公司移到上海,Tā yào bǎ gōngsī yídòng dào shàng hǎi,Il veut déplacer l'entreprise à Shanghai,,
HSK5,Francais,2d86659407a6,jetable,yícìxìng,一次性,我使用一次性杯子,Wǒ shǐyòng yícìxìng bēizi,J'utilise un gobelet jetable,,
HSK5,Francais,59ae6d8c4953,génération,yídài,一代,他们是中国的一代伟大科学家,Tāmen shì zhōngguó de yídài wěidà kēxuéjiā,Ils sont une génération de grands scientifiques chinois,,
HSK5,Francais,3706b581d169,"une fois, au cas où",yídàn,一旦,一旦我到了北京，我就会去天安门,"Yídàn wǒ dào le Běijīng, wǒ jiù huì qù Tiān'ānmén","Une fois que je serai arrivé à Pékin, j'irai à la place Tian'anmen",,
HSK5,Francais,44c29c828098,bouger,yídòng,移动,我喜欢移动舞蹈,Wǒ xǐ huān yídòng wǔ dǎo,J'aime la danse en mouvement,,
HSK5,Francais,161357594872,"regretter, regrettable",yíhàn,遗憾,Tôi 遗憾地錯過了這個機會,Wǒ yíhàn de cuòguò le zhège jīhuì,J'ai regrettablement manqué cette occasion,,
HSK5,Francais,9d4a324ab6d7,"tout le chemin, tout au long du voyage",yílù,一路,我们一路走来，共享着美好的回忆,"Wǒmen yílù zǒu lái, gòng xiǎng zhe měi hǎo de huí yì","Nous sommes venus tout au long du chemin, partageant des souvenirs merveilleux.",,
HSK5,Francais,385e96eb09ba,"bon voyage, bon voyage",yílù-shùnfēng,一路顺风,希望你一路顺风,Xīwàng nǐ yílù-shùnfēng,J'espère que vous aurez un bon voyage,,
HSK5,Francais,de784159c3b3,"doute, question",yíwèn,疑问,我对这个问题有疑问,Wǒ duì zhè ge wèn tí yǒu yíwèn,J'ai des doutes sur cette question,,
HSK5,Francais,1ea325cc047a,"cohérent, unanime, cohérent",yízhì,一致,他们的意见完全一致,Tāmen de yìjiàn wánquán yízhì,Leurs opinions sont complètement cohérentes,,
HSK5,Francais,c566e283f0c4,deuxième en séquence,yǐ,乙,我排在第二位，也就是乙位,"Wǒ pái zài dì èr wèi, yě jiù shì yǐ wèi","Je suis classé deuxième, c'est-à-dire au rang 乙.",,
HSK5,Francais,407071d9a780,"avec, par, selon, (afin de)",yǐ,以,我以最快的速度完成了作业,Wǒ yǐ zuì kuài de sù dù wán chéng le zuò yè,J'ai terminé mon devoir à la vitesse la plus rapide.,,
HSK5,Francais,c1f3320bbcef,"ainsi que, et",yǐjí,以及,我喜欢吃苹果以及香蕉,Wǒ xǐhuān chī píngguǒ yǐjí xiāngjiāo,J'aime manger des pommes ainsi que des bananes,,
HSK5,Francais,9020ef1dce55,depuis,yǐlái,以来,我从小就喜欢读书以来,Wǒ cóng xiǎo jiù xǐ huān dú shū yǐ lái,J'aime lire les livres depuis que je suis petit.,,
HSK5,Francais,4dcdbbcf4c9f,cent millions,yì,亿,中国人口超过十三亿,Zhōngguó rénkǒu chāoguò shísān yì,"La population de la Chine dépasse 1,3 milliard.",,
HSK5,Francais,6ce5ff089fb0,"réaliser, conscience",yìshí,意识,通过学习，我提高了对问题的意识,"Tōng guò xué xí, wǒ tī gāo le duì wèn tí de yì shí","À travers l'apprentissage, j'ai augmenté ma conscience du problème",,
HSK5,Francais,1a5e97c824a2,"accidentel, inattendu, accident",yìwài,意外,我遭到了意外的事故,Wǒ zāo dào le yìwài de shìgù,J'ai été victime d'un accident.,,
HSK5,Francais,1240febd5c32,"signifier, impliquer",yìwèizhe,意味着,今天去北京意味着我将经历新的生活,Jīn tiān qù Běijīng yìwèizhe wǒ jiāng jīng lì xīn de shēng huó,Aujourd'hui aller à Pékin signifie que j'aurai une nouvelle vie.,,
HSK5,Francais,a76f41359b6b,"devoir, obligation, volontaire",yìwù,义务,我认为做志愿者是我的义务,Wǒ rèn wéi zuò zhì yuàn zhě shì wǒ de yìwù,Je considère que faire du bénévolat est mon devoir,,
HSK5,Francais,b02935e5d2f2,signification,yìyì,意义,了解这个词的意义非常重要,Liǎo jiě zhè ge cí de yìyì fēi cháng zhòng yào,Comprendre la signification de ce mot est très important,,
HSK5,Francais,bdb6c4d1873e,"donc, donc",yīn’ér,因而,他很努力工作，因而他的业绩很好,"Tā hěn nǔlì gōngzuò, yīn'ér tā de yèjì hěn hǎo","Il travaille très dur, donc ses résultats sont très bons",,
HSK5,Francais,973031bbadd3,volume du son,yīnliàng,音量,请提高音量,Qǐng tiǎo gāo yīnliàng,Pouvez-vous augmenter le volume ?,,
HSK5,Francais,aeb32ed16bdb,"facteur, élément",yīnsù,因素,环境保护是我们生活中的一个重要因素,Huánjìng bǎohù shì wǒmen shēng huó zhōng de yī gè zhòng yào yīnsù,La protection de l'environnement est un facteur important dans notre vie,,
HSK5,Francais,3a5ab134657b,"présenter, introduire",yǐnjìn,引进,我们的公司旨在引进新技术,Wǒmen de gōngsī zhǐyào yǐnjìn xīn jìshù,Notre entreprise vise à introduire de nouvelles technologies,,
HSK5,Francais,30cbfe3ad184,"régime, nourriture et boisson",yǐnshí,饮食,保持健康的饮食很重要,Bǎo chí jiànkāng de yǐnshí hěn zhòngyào,Il est important de maintenir un régime alimentaire sain.,,
HSK5,Francais,6ac3bc4f7650,imprimer,yìnshuā,印刷,这台电脑可以进行快速的印刷,Zhè tiān nào kě yǐ jìn xíng kuài sù de yìnshuā,cet ordinateur peut imprimer rapidement,,
HSK5,Francais,23154c55dded,"devrait, devrait",yīngdāng,应当,我们应当尊重他人的意见,Wǒmen yīngdāng zūnshǒu tārén de yìjiàn,Nous devrions respecter l'opinion des autres,,
HSK5,Francais,0dddfac07def,accueillir,yíng,迎,我喜欢迎接新朋友,Wǒ xǐ huān yíng jiē xīn de péng yǒu,J'aime accueillir les nouveaux amis,,
HSK5,Francais,37f71891300e,"saluer, accueillir",yíngjiē,迎接,明天我们将迎接新年的到来,Míngtiān wǒmen jiāng yíngjiē xīnnián de dàolái,"Demain, nous allons accueillir l'arrivée de la nouvelle année.",,
HSK5,Francais,9ed9fba8db18,nutrition,yíngyǎng,营养,我每天都关注自己的营养,Wǒ měi tiān dū guānzhù zìjǐ de yíngyǎng,Je fais attention à ma nutrition tous les jours,,
HSK5,Francais,ff729ab5e199,"faire des affaires, être ouvert",yíngyè,营业,这个公司的营业时间是早上9点,Gè zhè gōngsī de yíngyè shíguò shì zǎoshàng 9 diǎn,L'heure d'ouverture de cette entreprise est 9 heures du matin,,
HSK5,Francais,7b0c823a4f4a,"film, film",yǐngpiàn,影片,我喜欢看中国影片,Wǒ xǐ huān kàn zhōng guó yǐng piàn,J'aime regarder les films chinois.,,
HSK5,Francais,446865b76d5a,cinéma et télévision,yǐngshì,影视,我喜欢看影视剧,Wǒ xǐ huān kàn yǐngshì jù,J'aime regarder les films et les séries télévisées,,
HSK5,Francais,858c6cb0e6da,"dur, avec force, avec effort",yìng,硬,我会用硬功夫练习中文,Wǒ huì yòng yìng gōngfu liàn xí zhōng wén,Je vais pratiquer le chinois avec effort et persévérance,,
HSK5,Francais,aa01302e6b77,"traiter, gérer",yìngduì,应对,我们需要制定一个计划来应对这个问题,Wǒmen xūyào zhìdìng yī gè jìhuà lái yìngduì zhè ge wèn tí,Nous devons élaborer un plan pour traiter ce problème,,
HSK5,Francais,681912a2e20b,matériel,yìngjiàn,硬件,电脑的硬件非常先进,Diànnǎo de yìngjiàn fēicháng xiān jìn,L'ordinateur a un matériel très avancé,,
HSK5,Francais,22bbf43ed253,"appliquer, utiliser, appliqué, pratique",yìngyòng,应用,这款新软件的应用非常普遍,Zhè kuǎn xīn ruǎnjiàn de yìngyòng fēicháng pǔbiàn,Cette nouvelle application logicielle est très largement utilisée,,
HSK5,Francais,a117820297cd,embrasser,yōngbào,拥抱,她给孩子一个拥抱,Tā gěi háizi yī gè yōngbào,Elle donne un câlin à l'enfant,,
HSK5,Francais,7c9410782fac,"posséder, posséder",yōngyǒu,拥有,这个公司拥有大量的资金,Gēi gōngsī yōngyǒu dà liàng de zījīn,Cette entreprise possède un grand capital.,,
HSK5,Francais,1edf50d41180,courage,yǒngqì,勇气,他在战争中的表现显示出了他的勇气,Tā zài zhànzhēng zhōng de biǎoxiǎn xiǎngshì le tā de yǒngqì,Il a montré son courage pendant la guerre,,
HSK5,Francais,efb20756cdc5,"utilisation, méthode d'utilisation",yòngfǎ,用法,请仔细阅读说明书中的用法,Qǐng zǐxì yuèdú shuōmíngshū zhōng de yòngfǎ,Veuillez lire attentivement la méthode d'utilisation dans le manuel.,,
HSK5,Francais,1a92ed087809,utilisateur,yònghù,用户,这个网站的用户非常多,Gè zhè wǎngzhàn de yònghù fēicháng duō,Ce site web a beaucoup d'utilisateurs,,
HSK5,Francais,50333c0916c7,"faire un effort, utiliser sa force",yònglì,用力,我会用力学习中文,Wǒ huì yònglì xuéxí zhōngwén,Je vais faire un effort pour apprendre le chinois,,
HSK5,Francais,650d7ffc9881,"produits, marchandises",yòngpǐn,用品,商店里有各种日用 用品,Shāng diàn lǐ yǒu gè zhǒng rì yòng yòngpǐn,Le magasin a divers produits pour uso quotidiens,,
HSK5,Francais,a018f30bb1ad,"utilisation, finalité",yòngtú,用途,这个新产品的用途是提高工作效率,Gēi xīn de chǎnpǐn de yòngtú shì tí gāo gōngzuò xiào lǜ,L'utilisation de ce nouveau produit est d'augmenter l'efficacité du travail,,
HSK5,Francais,090217dc5dae,"préférentiel, favorable",yōuhuì,优惠,优惠活动非常有吸引力,Yōuhuì huódòng fēicháng yǒu xīyǐn lì,L'activité préférentielle est très attrayante,,
HSK5,Francais,de01031190eb,"long, séculaire",yōujiǔ,悠久,这座城市有悠久的历史,Zhè zuò chéngshì yǒu yōujiǔ de lìshǐ,Cette ville a une longue histoire,,
HSK5,Francais,c10813200587,"excellent, bien",yōuliáng,优良,这个产品的质量非常优良,Gè zhè shēng chǎn de zhìliàng fēicháng yōuliáng,La qualité de ce produit est excellente,,
HSK5,Francais,66d1a89c012f,"gracieux, beau",yōuměi,优美,这个花园的风景非常优美,Gè zhè huāyuán de fēngjǐng fēicháng yōuměi,Le paysage de ce jardin est très beau.,,
HSK5,Francais,7584cff56d7e,"avantage, supériorité",yōushì,优势,这种新技术具有很大的优势,Zhè zhǒng xīn jìshù jùyǒu hěn dà de yōushì,Cette nouvelle technologie présente de grands avantages,,
HSK5,Francais,efa4d8e131c0,haute qualité,yōuzhì,优质,这家公司只提供优质产品,Zhè jiā gōngsī zhǐ tīgōng yōuzhì chǎnpǐn,Cette entreprise ne fournit que des produits de haute qualité,,
HSK5,Francais,b8cb1785b4d6,"à partir de là, donc",yóucǐ,由此,"我学习了法语五年, 由此我对语言学习产生了浓厚的兴趣","Wǒ xuéxí le fǎyǔ wǔ nián, yóucǐ wǒ duì yǔyán xuéxí chǎnshēng le nónghòu de xìngqù","J'ai étudié le français pendant cinq ans, donc j'ai développé un intérêt profond pour l'apprentissage des langues.",,
HSK5,Francais,eea8954ec59a,à envoyer par mail,yóujì,邮寄,我将通过邮寄方式发送包裹,Wǒ jiāng tōng guò yóu jì fāng shì fā sòng bāo guì,Je vais envoyer le colis par la poste.,,
HSK5,Francais,5f2ee64b3408,bureau de poste,yóujú,邮局,我要去邮局寄包裹,Wǒ yào qù yóujú jì bāoguì,Je veux aller au bureau de poste pour envoyer un colis,,
HSK5,Francais,00b2a48ee992,"visiter, faire le tour",yóulǎn,游览,今天我们要去游览公园,Jīn tiān wǒ men yào qù yóu lǎn gōng yuán,"Aujourd'hui, nous allons visiter le parc.",,
HSK5,Francais,b8092ee55488,timbre-poste,yóupiào,邮票,我有一张邮票,Wǒ yǒu yī zhāng yóupiào,J'ai un timbre-poste,,
HSK5,Francais,5d46e7a636dc,bâton de pâte frite,yóutiáo,油条,我喜欢吃油条,Wǒ xǐ huān chī yóutiáo,J'aime manger des bâtons de pâte frite.,,
HSK5,Francais,cf4c2ebd81aa,"hésitant, indécis",yóuyù,犹豫,她对这份工作犹豫不决,Tā duì zhè fèn gōngzuò yóuyù bù jué,Elle hésite pour ce travail,,
HSK5,Francais,f35dcaf6e4d3,nocif,yǒuhài,有害,有些化学物质有害,Yǒu xiē huà xué wù zhì yǒu hài,Certains produits chimiques sont nocifs,,
HSK5,Francais,fc67560a21fc,"puissant, fort",yǒulì,有力,这个运动员有力,Zhè ge yùndòngyuán yǒulì,L'athlète est puissant,,
HSK5,Francais,46718bab1f66,"avantageux, favorable",yǒulì,有利,这个政策对环境保护是有利的,Zhè ge zhèng cè duì huánjìng bǎohù shì yǒulì de,Cette politique est favorable à la protection de l'environnement,,
HSK5,Francais,0ccd1e15e3e3,limité,yǒuxiàn,有限,,,,,
HSK5,Francais,3770219a2497,avantageux,yǒuyì,有益,这个运动对身体有益,Gè zhè yùndòng duì shēntǐ yǒuyì,Ce sport est avantageux pour le corps.,,
HSK5,Francais,423ad0ba7c86,"aider, contribuer à",yǒuzhùyú,有助于,我学习法语有助于我找到工作,Wǒ xuéxí fǎyǔ yǒuzhùyú wǒ zhǎo dàogōng zuò,Apprendre le français m'aide à trouver un travail,,
HSK5,Francais,71f38d45ebdb,maternelle,yòu’éryuán,幼儿园,我孩子上幼儿园,Wǒ de háizi shàng yòu'er yuán,Mon enfant va à la maternelle,,
HSK5,Francais,007d72e21dc0,"divertir, divertissement",yúlè,娱乐,我喜欢看电影作为娱乐,Wǒ xǐ huān kàn diànyǐng zuò wèi yúlè,J'aime regarder des films comme divertissement,,
HSK5,Francais,dc11079d635f,"ton, manière de parler",yǔqì,语气,他的语气让我感到很温暖,Tā de yǔqì ràng wǒ gǎn shàng hěn wēn nuǎn,Son ton me fait sentir très chaleureusement.,,
HSK5,Francais,c07b83c7602a,eaux de pluie,yǔshuǐ,雨水,我喜欢收集雨水,Wǒ xǐhuān shōují yǔshuǐ,J'aime collecter les eaux de pluie,,
HSK5,Francais,529e00b44735,Langue et littérature chinoises,yǔwén,语文,我学习语文,Wǒ xuéxí yǔwén,J'étudie la langue et la littérature chinoises,,
HSK5,Francais,8eb6be57f547,"prononciation, voix",yǔyīn,语音,她有很好的语音,Tā yǒu hěn hǎo de yǔyīn,Elle a une très bonne voix.,,
HSK5,Francais,ba1f5990e11d,"prévoir, prévoir",yùbào,预报,天气预报说今天会下雨,Tiānqì yùbào shuō jīntiān huì xiàyǔ,La météo prévoit qu'il pleuvra aujourd'hui,,
HSK5,Francais,4222843b928d,prédire,yùcè,预测,科学家们试图预测未来天气的变化,Kēxué jiāmen shì tú yùcè wèilái tiānqì de biànhuà,Les scientifiques essaient de prédire les changements futurs du temps.,,
HSK5,Francais,c3288a085001,"réserver, réserver",yùdìng,预订,我要预订一间酒店房间,Wǒ yào yùdìng yī jiān jiǔdiàn fángjiān,Je veux réserver une chambre d'hôtel,,
HSK5,Francais,bde7d7528a7f,pour empêcher,yùfáng,预防,我们要预防疾病的传播,Wǒmen yào yùfáng jíbìng de chuánbò,Nous devons empêcher la propagation de la maladie,,
HSK5,Francais,73c5e1558002,"estimer, s'attendre",yùjì,预计,公司预计今年的销售额会增加,Gōngsī yùjì jīnnián de xiāoshòu é huì zēngjiā,L'entreprise estime que ses ventes augmenteront cette année,,
HSK5,Francais,dbf2ec6a062e,maïs,yùmǐ,玉米,我喜欢吃玉米,Wǒ xǐhuān chī yùmǐ,J'aime manger du maïs,,
HSK5,Francais,1ed7ed7a9c49,"prendre rendez-vous, réserver",yùyuē,预约,我想预约一张机票,Wǒ xiǎng yùyuē yī zhāng jī piào,Je veux prendre rendez-vous pour un billet d'avion,,
HSK5,Francais,5236f7526e59,"original, ancien",yuán,原,这是一个原始版的软件,Zhè shì yī gè yuán bǎn de ruǎn jiàn,C'est une version originale du logiciel,,
HSK5,Francais,5f1ffdab4c43,"cercle, rond, rond, circulaire",yuán,圆,这个圆形的花园很漂亮,Zhège yuán xíng de huāyuán hěn piàoliang,Ce jardin circulaire est très beau,,
HSK5,Francais,3bc63ae5c384,"original, existant déjà",yuányǒu,原有,,,,,
HSK5,Francais,a0cad3caf5f1,Jour de l'An,Yuándàn,元旦,明天就是元旦了,Míng tiān jiu shì yuán dàn le,Demain c'est le Jour de l'An.,,
HSK5,Francais,a14f795a8774,"employé, personnel",yuángōng,员工,公司有很多员工,Gōngsī yǒu hěn duō yuángōng,L'entreprise a beaucoup d'employés.,,
HSK5,Francais,ba85971a686f,principe,yuánzé,原则,我们必须遵守原则,Wǒmen bìxū zūnshǒu yuánzé,Nous devons respecter le principe.,,
HSK5,Francais,bc716985f636,"souhaiter, vouloir",yuàn,愿,我愿意去中国,Wǒ yuànyì qù Zhōngguó,Je veux aller en Chine,,
HSK5,Francais,4cbef06a0027,"souhait, désir",yuànwàng,愿望,我的愿望是旅行到中国,Wǒ de yuànwàng shì lǚxíng dào zhōngguó,Mon souhait est de voyager en Chine,,
HSK5,Francais,4575a85396c2,"se mettre d'accord sur, arranger, accord",yuēdìng,约定,我们约定明天见面,Wǒmen yuēdìng míngtiān jiànmiàn,Nous nous sommes mis d'accord pour nous voir demain,,
HSK5,Francais,0b5eb2bfbfdf,"transporter, utiliser",yùn,运,我会运用新的技能,Wǒ huì yùn yòng xīn de jì néng,Je vais utiliser de nouvelles compétences,,
HSK5,Francais,2bdb8e104648,"fret, frais d'expédition",yùnfèi,运费,商品需要支付运费,Shāngpǐn xūyào zhīfù yùnfèi,Les marchandises nécessitent le paiement des frais d'expédition,,
HSK5,Francais,7943f5114366,"chance, fortune",yùnqi,运气,今天我的运气很好,Jīn tiān wǒ de yùnqi hěn hǎo,"Aujourd'hui, j'ai beaucoup de chance",,
HSK5,Francais,4f114143f253,transporter,yùnshū,运输,公司提供运输服务,Gōngsī tīgōng yùnshū fúwù,L'entreprise propose des services de transport.,,
HSK5,Francais,306c61c39503,"appliquer, utiliser",yùnyòng,运用,她擅长运用英语与外国朋友交流,Tā shàncháng yùnyòng yīngyǔ yǔ wàiguó pēngyǒu jiāotán,Elle est habile à appliquer l'anglais pour communiquer avec des amis étrangers,,
HSK5,Francais,90e22060b187,être présent,zàichǎng,在场,会议室里所有的人都在场,Huìyìshì lǐ suǒyǒu de rén dū zàichǎng,Toutes les personnes présentes sont dans la salle de réunion.,,
HSK5,Francais,7904f6b93b04,"se soucier de, se soucier",zàihu,在乎,她在乎每一个朋友的感受,Tā zàihu měi yī gè péng yǒu de gǎn shòu,Elle se soucie de chaque ami et de ses sentiments.,,
HSK5,Francais,ccb9b659efe8,"y compris, au sein",zàinèi,在内,公司在内的所有人都来了,Gōngsī zàinèi de suǒyǒu rén dōu láile,"Toutes les personnes, y compris celles de l'entreprise, sont venues.",,
HSK5,Francais,333dd8fd21c8,en ligne,zàixiàn,在线,我喜欢在线购物,Wǒ xǐ huān zàixiàn gòu wù,J'aime faire des achats en ligne,,
HSK5,Francais,2dff42154f94,"mentir, être déterminé par",zàiyú,在于,成功在于努力,Chēnggōng zàiyú nǔlì,Le succès dépend de l'effort,,
HSK5,Francais,4ead57586332,"approuver, approuver",zànchéng,赞成,我赞成你的意见,Wǒ zànchéng nǐ de yìjiàn,J'approuve ton avis,,
HSK5,Francais,db170f8ea044,"mauvais, terrible",zāo,糟,今天的天气糟糕,Jīn tiān de tiān qì zāo gāo,Le temps est terrible aujourd'hui,,
HSK5,Francais,59fa75d47b3e,"terrible, affreux",zāogāo,糟糕,我昨天在考试中发挥糟糕,Wǒ zuótiān zài kǎoshì zhōng fāhuī zāogāo,J'ai eu une mauvaise performance à l'examen hier,,
HSK5,Francais,37e314792b58,stade précoce,zǎoqī,早期,医生发现疾病的早期症状非常重要,Yīshēng fāxiàn jíbìng de zǎoqī zhēngzhuàng hěn zhòngyào,Il est très important que le médecin diagnostique les symptômes de la maladie à un stade précoce.,,
HSK5,Francais,db72b3d51304,"matin et soir, tôt ou tard",zǎowǎn,早晚,早晚我都会吃饭,Zǎowǎn wǒ dū huì chī fàn,"Tôt ou tard, je mangerai.",,
HSK5,Francais,a715e9fc4844,"il y a longtemps, déjà",zǎoyǐ,早已,我已经知道这个消息早已传开了,Wǒ yǐjīng zhīdào zhè ge xiāoxī zǎoyǐ chuán kāi le,Je sais déjà que cette nouvelle s'est répandue il y a longtemps.,,
HSK5,Francais,d72a9ffc0319,"faire, construire",zào,造,这所大学造了一个新图书馆,Zhè suǒ dàxué zào le yī gè xīn de túshūguǎn,Cette université a construit une nouvelle bibliothèque,,
HSK5,Francais,0ed9a0f15f84,"provoquer, provoquer",zàochéng,造成,空气污染造成了严重的环境问题,Kōng qì wū rǎn zàochéng le yán zhòng de huán jìng wèn tí,La pollution de l'air provoque de graves problèmes environnementaux,,
HSK5,Francais,c277f214ae00,augmenter,zēng,增,增加了很多新功能,Zēngjiā le hěn duō xīn gōngnéng,Il a augmenté de nombreuses nouvelles fonctions,,
HSK5,Francais,c272385dcee3,"améliorer, promouvoir",zēngjìn,增进,这项奖学金可以增进学生对科学的兴趣,Zhè xiāng jiǎng xué jīn kěyǐ zēngjìn xuésheng duì kēxué de xìngqù,Cette bourse peut améliorer l'intérêt des étudiants pour la science,,
HSK5,Francais,186046dd6266,renforcer,zēngqiáng,增强,这个新政策将会增加就业机会，增强经济发展,"Zhè ge xīn de zhèng cè jiāng huì zēng jiā jiù yè jī huì, zēngqiáng jīng jì fā zhǎn",Cette nouvelle politique va augmenter les opportunités d'emploi et renforcer le développement économique,,
HSK5,Francais,523b11ebe335,offrir en cadeau,zèng,赠,我想赠送一本书给我的朋友,Wǒ xiǎng zèng sòng yī běn shū gěi wǒ de péng yǒu,Je veux offrir un livre en cadeau à mon ami.,,
HSK5,Francais,f7e3e8d48f65,"présenter, offrir en cadeau",zèngsòng,赠送,公司要赠送一辆车给我,Gōngsī yào zèngsòng yī liàng chē gěi wǒ,L'entreprise veut m'offrir une voiture en cadeau,,
HSK5,Francais,f1552ba7e0b6,faire frire,zhá,炸,我喜欢吃炸鸡,Wǒ xǐ huān chī zhá jī,J'aime manger du poulet frit,,
HSK5,Francais,2535f34bebf9,"cueillir, cueillir",zhāi,摘,今天我会摘一些苹果,Jīn tiān wǒ huì zhāi yī xiē píng guǒ,"Aujourd'hui, je vais cueillir quelques pommes",,
HSK5,Francais,4a8622fed19f,étroit,zhǎi,窄,这条路很窄,Zhè tiáo lù hěn zhǎi,Cette route est très étroite,,
HSK5,Francais,c171400ab3c0,"exposer, afficher",zhǎnchū,展出,博物馆将在下个月展出一批珍贵的文物,Bówùguǎn jiāng zài xiàyuè zhǎnchū yī pī zhēnguì de wénwù,Le musée exposera une série de précieux artefacts le mois prochain,,
HSK5,Francais,b7fe98966504,"se déployer, s'étaler",zhǎnkāi,展开,会议上新的方案开始展开,Huìyì shàng de xīn fāng'àn kāishǐ zhǎnkāi,La nouvelle proposition a commencé à se déployer lors de la réunion.,,
HSK5,Francais,3f0a0a890a6e,exposer,zhǎnlǎn,展览,博物馆正在举办一个艺术展览,Bówùguǎn zhèngzài jǔbàn yī gè yìshù zhǎnlǎn,Le musée organise une exposition d'art,,
HSK5,Francais,b7dc29f4e267,"montrer, afficher",zhǎnshì,展示,这个产品的特点将在会上展示,Gè zhè shēngchǎn de tè diǎn jiāng zài huì shàng zhǎnshì,Les caractéristiques de ce produit seront présentées lors de la conférence,,
HSK5,Francais,a0e648da6189,"révéler, apparaître",zhǎnxiàn,展现,她展现了自己的才华,Tā zhǎnxiàn le zìjǐ de cáihuá,Elle a révélé son talent,,
HSK5,Francais,4e59404428ee,"rendre compte, occuper",zhàn,占,这个房间被他占了,Gè zhè fángjiān bèi tā zhàn le,Cette pièce est occupée par lui,,
HSK5,Francais,f8a09b7bca3a,plate-forme,zhàntái,站台,火车站的站台很长,Huǒchē zhàn de zhàntái hěn cháng,La plate-forme de la gare est très longue,,
HSK5,Francais,2b6e3f26dd28,ligne téléphonique occupée,zhànxiàn,占线,请稍等，我正在打电话，可是对方的占线,"Qǐng shǎo děng, wǒ zhèng zài dǎ diànhuà, kě shì duì fāng de zhànxiàn","Attends un peu, je suis en train d'appeler, mais la ligne de l'autre partie est occupée",,
HSK5,Francais,d0baec081740,"s'élever, augmenter",zhǎng,涨,我觉得房价会涨,Wǒ juéde fángjià huì zhǎng,Je pense que le prix des maisons va augmenter,,
HSK5,Francais,fd6dea8a7459,"augmenter les prix, augmenter les prix",zhǎngjià,涨价,最近因为涨价，物品越来越贵,"Zuìjìn yīn wèi zhǎngjià, wùpǐn yuè lái yuè guì","Récemment, en raison de l'augmentation des prix, les articles deviennent de plus en plus chers",,
HSK5,Francais,08b2221784f7,applaudissements,zhǎngshēng,掌声,音乐会结束后，观众席上爆发了热烈的掌声,"Yīn lè huì jié shù hòu, guān zhòng xí shàng bào fā le rè liè de zhǎngshēng","À la fin du concert, le public a éclaté dans des applaudissements chaleureux",,
HSK5,Francais,afcebab76f8b,"saisir, maîtriser",zhǎngwò,掌握,我已经掌握了这门语言,Wǒ yǐjīng zhǎngwò le zhè mén yǔyán,J'ai déjà maîtrisé cette langue,,
HSK5,Francais,e1f9b9c14fa1,numéro de compte,zhànghào,账号,我忘记了我的账号,Wǒ wàngjì le wǒ de zhànghào,J'ai oublié mon numéro de compte,,
HSK5,Francais,2929ebc9b2f8,compte,zhànghù,账户,我有一个银行账户,Wǒ yǒu yī gè yíngháng zhànghù,J'ai un compte bancaire.,,
HSK5,Francais,ccb617d18294,prendre froid,zháoliáng,着凉,我昨天淋雨着凉了,Wǒ zuótiān lìn yǔ zháoliáng le,J'ai pris froid en me faisant tremper par la pluie hier.,,
HSK5,Francais,e0ae04e68323,"convoquer, tenir (une réunion)",zhàokāi,召开,公司明天将召开年度会议,Gōngsī míngtiān jiāng zhàokāi niándù huìyì,L'entreprise tiendra une réunion annuelle demain,,
HSK5,Francais,8c5d5cd6ee5b,rabais,zhékòu,折扣,这件衣服有折扣,Zhè jiàn yī fú yǒu zhékòu,Cette chemise a un rabais,,
HSK5,Francais,151fe74c5a81,philosophie,zhéxué,哲学,我喜欢研究哲学,Wǒ xǐ huān yán jiū zhéxué,J'aime étudier la philosophie,,
HSK5,Francais,864e69d937aa,"sincère, authentique",zhēnchéng,真诚,我对你的帮助是真诚的,Wǒ duì nǐ de bāngzhù shì zhēnchéng de,Mon aide envers toi est sincère.,,
HSK5,Francais,e0a9330b3c95,"cibler, viser",zhēnduì,针对,这个政策针对帮助贫困家庭,Zhè ge zhèng cè zhēnduì bāngzhù pínkùn jiātíng,Cette politique vise à aider les familles pauvres,,
HSK5,Francais,a4a9f339fd94,"précieux, précieux",zhēnguì,珍贵,这件文物对我们来说非常珍贵,Zhè jiàn wénwù duì wǒmen lái shuō hěn zhēnguì,Cet objet est très précieux pour nous,,
HSK5,Francais,4e237247ef4b,"vrai, réel",zhēnshí,真实,这个故事是真实的,Zhè ge gùshì shì zhēnshí de,Cette histoire est vraie,,
HSK5,Francais,6572185853a5,chérir,zhēnxī,珍惜,我要珍惜每一刻快乐时光,Wǒ yào zhēnxī měi yí kè kuài lè shí guāng,Je veux chérir chaque instant de bonheur.,,
HSK5,Francais,5e7ee307b0fa,diagnostiquer,zhěnduàn,诊断,医生对我的病进行了详细的检查和诊断,Yīshēng duì wǒ de bìng jìnxíng le xiángxì de jiǎnchá hé zhěnduàn,Le médecin a effectué un examen détaillé et une diagnose de ma maladie,,
HSK5,Francais,2a6cd15196a2,"mesurer le mot pour les salves, les périodes",zhèn,阵,下个星期将有一场大阵雨,Xià gè xīngqī jiāng yǒu yī chǎng dà zhèn yǔ,"La semaine prochaine, il y aura une grande salve de pluie.",,
HSK5,Francais,f269feb55542,"lutter, rivaliser",zhēng,争,他们将争夺冠军,Tāmen jiāng zhēng duì guànjiā,Ils vont lutter pour le titre de champion,,
HSK5,Francais,09fd9d491344,"lutter pour, conquérir",zhēngqǔ,争取,,,,,
HSK5,Francais,83a234245b69,"soigné, ordonné",zhěngqí,整齐,她的房间非常整齐,Tā de fángjiān fēicháng zhěngqí,Sa chambre est très soignée.,,
HSK5,Francais,52d29dbaa1a3,"le tout, l'intégralité",zhěngtǐ,整体,整个项目需要考虑整体的效率,Zhěng gè xiàngmù xūyào kǎolǔ zhěngtǐ de xiàolǜ,L'ensemble du projet nécessite de considérer l'efficacité dans son intégralité.,,
HSK5,Francais,110ff436c199,"entier, plein",zhěngzhěng,整整,我工作整整八个小时,Wǒ gōngzuò zhěngzhěng bā gè xiǎoshí,Je travaille pendant plein huit heures,,
HSK5,Francais,264207741f47,gagner,zhèng,挣,我每个月可以挣一万块钱,Wǒ měi gè yuè kěyǐ zhèng yī wàn kuài qián,Je peux gagner dix mille yuans chaque mois,,
HSK5,Francais,44101361304c,gouvernement,zhèngfǔ,政府,中国的政府非常强大,Zhōngguó de zhèngfǔ fēicháng qiángdà,Le gouvernement chinois est très puissant,,
HSK5,Francais,f6706d71d9c9,preuve,zhèngjù,证据,警察收集了大量的证据,Jǐngchá shōují le dà liàng de zhèngjù,La police a collecté un grand nombre de preuves,,
HSK5,Francais,e289b2256142,"tout comme, comme",zhèngrú,正如,正如你所说，我会努力完成任务,"Zhèngrú nǐ suǒ shuō, wǒ huì nǔlì wán chéng rènwù","Tout comme vous l'avez dit, je vais m'efforcer d'accomplir la tâche",,
HSK5,Francais,ec5ebc6565c6,certificat,zhèngshū,证书,我获得了大学的毕业证书,Wǒ huò dé le dàxué de bìyè zhèngshū,J'ai obtenu le certificat de diplôme de l'université,,
HSK5,Francais,c99110bc37d3,politique,zhèngzhì,政治,中国的政治很复杂,Zhōngguó de zhèngzhì hěn fùzá,La politique chinoise est très complexe,,
HSK5,Francais,23c6215c7a3a,mesurer le mot pour les objets longs et minces,zhī,支,这是一个支笔,Zhè shì yī gēn zhī bǐ,Ceci est un stylo,,
HSK5,Francais,4b0421f9416d,"bien connu, célèbre",zhīmíng,知名,他是 biết知名的演员,Tā shì zhīmíng de yǎnyuán,Il est un acteur célèbre,,
HSK5,Francais,705cbd9ae3af,"droit, redresser, directement, continuellement",zhí,直,我会直到晚上才休息,Wǒ huì zhí dào wǎnshàng cái xiūxī,Je vais continuer à travailler jusqu'à la nuit.,,
HSK5,Francais,4e43cfcea28c,diffusion en direct,zhíbō,直播,我喜欢观看直播,Wǒ xǐ huān guān kàn zhíbō,J'aime regarder les diffusions en direct,,
HSK5,Francais,7e2c9c893320,lieu de travail,zhíchǎng,职场,我在职场工作很辛苦,Wǒ zài zhíchǎng gōngzuò hěn xīnkǔ,Je travaille très dur sur mon lieu de travail,,
HSK5,Francais,3c6c60f1a4fb,"personnel, ouvrier",zhígōng,职工,公司里有五百职工,Gōngsī lǐ yǒu wǔ bǎi zhígōng,L'entreprise compte cinq cents ouvriers.,,
HSK5,Francais,95256f6ba4cf,"exécuter, exécuter, exécutif",zhíxíng,执行,公司将执行新的营销策略,Gōngsī jiāng zhíxíng xīn de yíng xiāo celüè,L'entreprise va exécuter une nouvelle stratégie de marketing,,
HSK5,Francais,e51f5d7ae047,arrêter,zhǐ,止,我要立刻停下并且止住这个行为,Wǒ yào lìkè tíng xià bìng qiě zhǐ zhù zhè ge xíng wéi,Je veux m'arrêter immédiatement et stopper ce comportement,,
HSK5,Francais,7481342a45ac,"guider, diriger",zhǐdǎo,指导,老师会指导我们完成作业,Lǎoshī huì zhǐdǎo wǒmen wánchén zuòyè,Le professeur nous guidera pour finir nos devoirs.,,
HSK5,Francais,bf9cabecd5a9,"arriver, atteindre",zhì,至,我到北京的时间是8点，火车将会准时至站,"Wǒ dào Běijīng de shíguò shì 8 diǎn, huǒchē jiāng huì zhǔnshí zhì zhàn","J'arrive à Pékin à 8 heures, le train arrivera à l'heure à la gare",,
HSK5,Francais,0c108d070f69,"traiter, gérer, guérir",zhì,治,医院可以治愈你的病,Yīyuàn kěyǐ zhìyù nǐ de bìng,L'hôpital peut guérir ta maladie,,
HSK5,Francais,1b8725b75d30,"formuler, élaborer",zhìdìng,制订,公司将制订新的商业计划,Gōngsī jiāng zhìdìng xīn de shāngyè jìhuà,L'entreprise va élaborer un nouveau plan commercial.,,
HSK5,Francais,fcba98789ada,"formuler, établir",zhìdìng,制定,我们需要制定一个新计划,Wǒmen xūyào zhìdìng yī gè xīn jìhuà,Nous devons établir un nouveau plan,,
HSK5,Francais,e9b90173e3ba,"système, institution",zhìdù,制度,我们的教育制度非常完善,Wǒmen de jiàoyù zhìdù fēicháng wánshàn,Notre système éducatif est très complet,,
HSK5,Francais,cfbb3668a231,"sagesse, intelligence",zhìhuì,智慧,他是一个拥有伟大智慧的人,Tā shì yī gè yǒngyǒu wěidà zhìhuì de rén,Il est un homme doté d'une grande sagesse,,
HSK5,Francais,0c323f79fc30,"jusqu'à présent, jusqu'à présent",zhìjīn,至今,我从小就喜欢读书，至今没有改变,"Wǒ cóng xiǎo jiù xǐ huān dú shū, zhìjīn méi yǒu gǎi biàn","J'aime lire depuis que je suis petit, et cela n'a pas changé jusqu'à présent",,
HSK5,Francais,70fd41af10a1,traiter médicalement,zhìliáo,治疗,医生对我的病进行了治疗,Yīshēng duì wǒ de bìng jìnxíng le zhìliáo,Le médecin a traité ma maladie.,,
HSK5,Francais,8d47785d629f,"intelligence, intelligent, intelligent",zhìnéng,智能,这个手机拥有智能功能,Gèi zhè ge shǒujī yǒng yǒu zhìnéng gōngnèng,Ce téléphone dispose de fonctionnalités intelligentes,,
HSK5,Francais,a7744d725ed1,bénévole,zhìyuànzhě,志愿者,我们都是志愿者,Wǒmen dōu shì zhìyuànzhě,Nous sommes tous des bénévoles,,
HSK5,Francais,3f23905a006a,"fabriquer, créer",zhìzào,制造,这家公司制造电子设备,Zhè jiā gōng sī zhìzào diànzǐ shèbèi,Cette entreprise fabrique des équipements électroniques,,
HSK5,Francais,63f025e9a835,"produire, faire",zhìzuò,制作,该公司正在制作新产品,Gāi gōngsī zhèngzài zhìzuò xīn chǎnpǐn,L'entreprise est en train de produire de nouveaux produits,,
HSK5,Francais,0acf2c4e949f,Chine,Zhōnghuá,中华,我是中华人民共和国的公民,Wǒ shì Zhōnghuá Rénmín Gònghéguó de gōngmín,Je suis citoyen de la République populaire de Chine,,
HSK5,Francais,bcdd055aea10,nation chinoise,ZhōnghuáMínzú,中华民族,中华民族有悠久的历史,Zhōnghuá Mínzú yǒu yōu jiǔ de lìshǐ,La nation chinoise a une histoire très longue,,
HSK5,Francais,5fd91fde8355,"intermédiaire, niveau intermédiaire",zhōngjí,中级,我现在学习中级汉语,Wǒ xiàn zài xué xí zhōngjí hàn yǔ,Je suis en train d'apprendre le chinois à un niveau intermédiaire,,
HSK5,Francais,6aa9c056c7d8,"agence, intermédiaire",zhōngjiè,中介,我想请一家中介公司帮我找工作,Wǒ xiǎng qǐng yī jiā zhōngjiè gōngsī bāng wǒ zhǎo gōngzuò,Je veux demander à une agence intermédiaire de m'aider à trouver un emploi,,
HSK5,Francais,ae4f57563921,"moyen terme, moyen terme",zhōngqī,中期,公司的中期目标是增加销量,Gōngsī de zhōngqī mùbiāo shì zēngjiā xiāoliàng,L'objectif à moyen terme de l'entreprise est d'augmenter les ventes,,
HSK5,Francais,20219aa105a7,"Chine et à l'étranger, nationaux et étrangers",zhōngwài,中外,中外许多人都喜欢中国菜,Zhōngwài hěn duō rén dōu xǐ huān zhōng guó cài,De nombreux Chinois et étrangers aiment la cuisine chinoise,,
HSK5,Francais,b224b145df97,centre,zhōngxīn,中心,上海是中国的中心,Shànghǎi shì zhōngguó de zhōngxīn,Shanghai est le centre de la Chine,,
HSK5,Francais,a8dc3667174a,médecine traditionnelle chinoise,zhōngyào,中药,我喜欢学中药,Wǒ xǐhuān xué zhōngyào,J'aime étudier la médecine traditionnelle chinoise,,
HSK5,Francais,2bcf4f28ee61,praticien de médecine traditionnelle chinoise,zhōngyī,中医,我对中医很感兴趣,Wǒ duì zhōngyī hěn gǎn xìng,Je suis très intéressé par la médecine traditionnelle chinoise,,
HSK5,Francais,077fb67a0395,"type, genre",zhǒnglèi,种类,这个商品有很多种类,Gè zhè shāngpǐn yǒu hěn duō zhǒnglèi,Ce produit existe en de nombreux types.,,
HSK5,Francais,875e878fb473,graine,zhǒngzi,种子,我种了很多种子,Wǒ zhòng le hěn duō zhǒngzi,J'ai semé beaucoup de graines,,
HSK5,Francais,73f69318c316,"génial, majeur",zhòngdà,重大,这个项目对我们的公司来说是重大的,Zhè ge xiàngmù duì wǒmen de gōngsī lái shuō shì zhòngdà de,Ce projet est majeur pour notre entreprise,,
HSK5,Francais,6845232db6c9,nombreux,zhòngduō,众多,上海有众多的旅游景点,Shànghǎi yǒu zhòngduō de lǚyóu jǐngdiǎn,Shanghai a de nombreux sites touristiques,,
HSK5,Francais,ed7c40646233,poids,zhòngliàng,重量,这件衣服的重量很轻,Zhè jiàn yī fú de zhòngliàng hěn qīng,Le poids de cette chemise est très léger,,
HSK5,Francais,43e5ae8a2914,planter,zhòngzhí,种植,我们喜欢种植花卉,Wǒmen xǐhuān zhòngzhí huāhuì,Nous aimons planter des fleurs.,,
HSK5,Francais,a806de504d1c,anniversaire,zhōunián,周年,公司成立十周年,Gōngsī chénglì shí zhōunián,L'entreprise fête son dixième anniversaire,,
HSK5,Francais,7aa98fad08f9,cochon,zhū,猪,我有一头猪,Wǒ yǒu yī tóu zhū,J'ai un cochon,,
HSK5,Francais,233c46157219,"étape par étape, progressivement",zhúbù,逐步,nous allons进步逐步地实现我们的目标,wǒmen jiāng zhúbù de shíxiàn wǒmen de mùbiāo,Nous allons réaliser nos objectifs étape par étape.,,
HSK5,Francais,4aa0176740ab,progressivement,zhújiàn,逐渐,她逐渐喜欢上了这份工作,Tā zhújiàn xǐhuān le zhè fèn gōngzuò,Elle a progressivement aimé ce travail.,,
HSK5,Francais,6a7db185f91d,bambou,zhúzi,竹子,我家门口种了一棵竹子,Wǒ jiā mén kǒu zhòng le yī gè zhúzi,Il y a un bambou planté à l'entrée de ma maison,,
HSK5,Francais,9ef0301c5c07,faire bouillir,zhǔ,煮,我会把水煮开,Wǒ huì bǎ shuǐ zhǔ kāi,Je vais faire bouillir l'eau,,
HSK5,Francais,0f08306db8fd,"accueillir, présider",zhǔchí,主持,会议由公司总经理主持,Huìyì yóu gōngsī zǒng jīnglǐ zhǔchí,La réunion est présidée par le directeur général de l'entreprise,,
HSK5,Francais,eebcc7bb0bbc,"proactif, actif",zhǔdòng,主动,他是一个很主动的人,Tā shì yī gè hěn zhǔdòng de rén,Il est une personne très proactive.,,
HSK5,Francais,656de4a9e7c0,subjectif,zhǔguān,主观,,,,,
HSK5,Francais,c0f272ed9ef0,"propriétaire, hôte",zhǔrén,主人,这是我的主人,Zhè shì wǒ de zhǔrén,Voici mon propriétaire,,
HSK5,Francais,800e9652e3d8,"directeur, chef",zhǔrèn,主任,公司的主任叫王先生,Gōngsī de zhǔrèn jiào wáng xiānsheng,Le directeur de l'entreprise s'appelle M. Wang,,
HSK5,Francais,bee4b6e123a0,aliment de base,zhǔshí,主食,我喜欢吃主食,Wǒ xǐ huān chī zhǔ shí,J'aime manger les aliments de base,,
HSK5,Francais,cf00c5de38f4,thème,zhǔtí,主题,会议的主题是可持续发展,Huìyì de zhǔtí shì kě chíxù fāzhǎn,Le thème de la conférence est le développement durable,,
HSK5,Francais,e8a9707dbd80,président,zhǔxí,主席,公司的主席是李先生,Gōngsī de zhǔxí shì lǐ xiānshēng,Le président de l'entreprise est M. Li.,,
HSK5,Francais,fc53ded76681,s'inscrire,zhùcè,注册,我要注册一个新账户,Wǒ yào zhùcè yī gè xīn zhàng hù,Je veux m'inscrire à un nouveau compte,,
HSK5,Francais,ec8b8d789282,logement,zhùfáng,住房,我现在住房比较满意,Wǒ xiàn zàizhù fáng bǐjiào mǎnyì,Je suis actuellement très satisfait de mon logement,,
HSK5,Francais,95245376eb40,"rester, loger",zhùsù,住宿,我想在这个城市找一间便宜的住宿,Wǒ xiǎng zài zhè ge chéng shì zhǎo yī jiān pián yi de zhùsù,Je veux trouver un logement bon marché dans cette ville,,
HSK5,Francais,fa7eda8e9e7f,adresse,zhùzhǐ,住址,我的住址在北京,Wǒ de zhùzhǐ zài Běijīng,Mon adresse est à Pékin,,
HSK5,Francais,c9d4ff530f39,faire attention à,zhùzhòng,注重,在学习中要注重实践,Zài xuéxí zhōng yào zhùzhòng shíjiàn,"En apprenant, il faut faire attention à la pratique",,
HSK5,Francais,3e3080c347f3,"saisir, attraper",zhuā,抓,警官抓住小偷,Jǐngguān zhuā zhù xiǎo zéi,Le policier a attrapé le voleur,,
HSK5,Francais,faf2a3a73e18,saisir fermement,zhuājǐn,抓紧,我要抓紧时间学习中文,Wǒ yào zhuājǐn shíguò xuéxí zhōngwén,Je veux saisir fermement le temps pour étudier le chinois,,
HSK5,Francais,1fc49c2f4d8a,expert,zhuānjiā,专家,他是计算机领域的专家,Tā shì jìsuànjī lǐngyù de zhuānjiā,Il est un expert dans le domaine de l'informatique,,
HSK5,Francais,8de884c9cd9b,"concentré, attentif",zhuānxīn,专心,当我学习时，我会专心,"Dāng wǒ xuéxí shí, wǒ huì zhuānxīn","Quand j'étudie, je suis concentré",,
HSK5,Francais,f13b584c860b,"changer, transformer",zhuǎnbiàn,转变,公司正在经历一场巨大的转变,Gōngsī zhèngzài jīnglì yī chǎng jùdà de zhuǎnbiàn,L'entreprise subit une grande transformation.,,
HSK5,Francais,a7a0189b51e6,"faire passer un message, relayer",zhuǎngào,转告,请你转告他我明天不能来,Qǐng nǐ zhuǎngào tā wǒ míngtiān bù néng lái,"S'il te plaît, fais-lui savoir que je ne pourrai pas venir demain",,
HSK5,Francais,e10e6a9e1018,"décorer, décoration",zhuāngshì,装饰,这件艺术品用来装饰客厅,Zhè jiàn yìshù pǐn yòng lái zhuāngshì kètīng,Cette œuvre d'art sert à décorer le salon,,
HSK5,Francais,3f5eabb7ec1d,"rénover, décorer",zhuāngxiū,装修,我家要进行装修,Wǒ jiā yào jìnxíng zhuāngxiū,Ma maison va être rénovée,,
HSK5,Francais,31e8c7491ba3,"se cogner, entrer en collision",zhuàng,撞,小车撞到了树,Xiǎo chē zhuàng le shù,La petite voiture s'est crashée contre un arbre,,
HSK5,Francais,0c8d67da4014,"état, situation",zhuàngkuàng,状况,当前的情况非常糟糕,Dāng qián de zhuàngkuàng hěn zāo gāo,La situation actuelle est très mauvaise,,
HSK5,Francais,d41edc3a8699,"état, condition",zhuàngtài,状态,我的身体状态很好,Wǒ de shēntǐ zhuàngtài hěn hǎo,Mon état physique est très bon,,
HSK5,Francais,1cd8edd2e47b,"chasser, poursuivre",zhuī,追,我想要追我的梦想,Wǒ xiǎng yào zhuī wǒ de mèng xiǎng,Je veux poursuivre mes rêves.,,
HSK5,Francais,509ce2bad370,poursuivre,zhuīqiú,追求,她每天努力工作以追求梦想,Tā měi tiān nǔ lì gōng zuò yǐ zhuīqiú mèng xiǎng,Elle travaille dur chaque jour pour poursuivre son rêve,,
HSK5,Francais,d1c7c38540fc,qualification,zīgé,资格,她拥有教师的资格,Tā yǒu zhàn jiào shī de zīgé,Elle possède les qualifications d'enseignant.,,
HSK5,Francais,4dd52ff96d9d,fonds,zījīn,资金,公司需要更多的资金来发展,Gōngsī xūyào gèng duō de zījīn lái fāzhǎn,L'entreprise a besoin de plus de fonds pour se développer,,
HSK5,Francais,8b1f399473bd,posture,zīshì,姿势,她保持良好的姿势,Tā bǎo chí liǎng hǎo de zīshì,Elle maintient une bonne posture,,
HSK5,Francais,8428ed79f835,"consulter, demander conseil",zīxún,咨询,我需要咨询一下这个问题,Wǒ xūyào zīxún yīxià zhè ge wèn tí,J'ai besoin de consulter ce problème,,
HSK5,Francais,025a0d33f758,ressources,zīyuán,资源,我们需要保护环境和自然资源,Wǒmen xūyào bǎohù huánjìng hé zìrán zīyuán,Nous devons protéger l'environnement et les ressources naturelles.,,
HSK5,Francais,04fe276c86a6,violet,zǐ,紫,我喜欢紫色的花,Wǒ xǐ huān zǐ sè de huā,J'aime les fleurs violettes,,
HSK5,Francais,726d80c7d642,"enfants, fils et filles",zǐnǚ,子女,我有两个子女,Wǒ yǒu liǎng ge zǐnǚ,J'ai deux enfants,,
HSK5,Francais,bc1385840a24,depuis,zìcóng,自从,我自从八点钟起床,Wǒ zìcóng bā diǎn zhōng qǐ chuáng,Je me lève depuis 8 heures du matin.,,
HSK5,Francais,908849c3b6bd,"automatiquement, automatique",zìdòng,自动,我的电脑可以自动关机,Wǒ de diànnǎo kěyǐ zìdòng guān jī,Mon ordinateur peut s'éteindre automatiquement,,
HSK5,Francais,e373e494fd1d,"être conscient, agir par soi-même, conscient",zìjué,自觉,我是自觉地学习中文,Wǒ shì zìjué de xuéxí zhōngwén,Je suis conscient de l'importance d'apprendre le chinois par moi-même,,
HSK5,Francais,95ac77bcca4a,lettre de l'alphabet,zìmǔ,字母,我学习字母来读英语,Wǒ xuéxí zìmǔ lái dú yīngyǔ,J'apprends les lettres pour lire en anglais,,
HSK5,Francais,7ec80c3f7ffe,soi-même,zìshēn,自身,了解自己是自身成长的开始,Liǎo jiě zìjǐ shì zìshēn chéng zhǎng de kāi shǐ,Comprendre soi-même est le début de la croissance personnelle.,,
HSK5,Francais,5bae999b5c84,"libre, liberté",zìyóu,自由,我珍惜自己的自由,Wǒ zhēn xī zìjǐ de zìyóu,J'apprécie ma liberté personnelle,,
HSK5,Francais,dd61618c4d39,"synthétiser, résumer",zōnghé,综合,公司要综合考虑所有因素,Gōngsī yào zōnghé kǎolǔ suǒyǒu yīnsù,L'entreprise doit synthétiser et considérer tous les facteurs.,,
HSK5,Francais,7f76be42a52b,quartier général,zǒngbù,总部,公司的总部在北京,Gōngsī de zǒngbù zài běijīng,Le quartier général de l'entreprise est à Pékin,,
HSK5,Francais,ac1f78054aca,"au total, tout à fait",zǒnggòng,总共,我花了3个小时写完作业，总共写了20页,"Wǒ huā le 3 gè xiǎoshí xiě wán zuòyè, zǒnggòng xiě le 20 yè","J'ai passé 3 heures à terminer mon devoir, au total j'ai écrit 20 pages",,
HSK5,Francais,ad0bd6f5b3fd,"total, somme",zǒngshù,总数,中国的总数人口超过十四亿,Zhōngguó de zǒngshù rénkǒu chāoguò shí sì yì,La population totale de la Chine dépasse un milliard et quatre cents millions.,,
HSK5,Francais,280cc402ece0,"globalement, général",zǒngtǐ,总体,这个项目总体来说是很成功的,Zhège xiàngmù zǒngtǐ lái shuō shì hěn chénggōng de,"Globalement, ce projet est très réussi.",,
HSK5,Francais,033b8e196dcf,président,zǒngtǒng,总统,法国的总统是埃马纽埃尔马克龙,Fàguó de zǒngtǒng shì Ēmànüèěr Mǎkèlóng,Le président de la France est Emmanuel Macron,,
HSK5,Francais,2a8098bb05fc,"en bref, en bref",zǒngzhī,总之,我认为这个计划有很多缺点，但总之我们还是要试试,"Wǒ rènwéi zhè ge jìhuà yǒu hěn duō quēdiǎn, dàn zǒngzhī wǒmen háishì yào shì shì","Je pense que ce plan a beaucoup de défauts, mais en bref, nous allons essayer quand même.",,
HSK5,Francais,8740a0c7464c,louer,zūjīn,租金,我需要支付每月的租金,Wǒ xūyào zhīfù měi yuè de zūjīn,J'ai besoin de payer le loyer tous les mois.,,
HSK5,Francais,bc5e89d0d65b,"suffixe signifiant groupe ethnique, race",zú,族,中国汉族是世界上最大的族群,Zhōngguó hàn zú shì shìjiè shàng zuì dà de zúqún,Le groupe ethnique chinois Han est le plus grand au monde,,
HSK5,Francais,5d196c51e6aa,"suffisant, assez, pour être suffisant",zúgòu,足够,这个价格对我来说是足够的,Zhè ge jiàgé duì wǒ lái shuō shì zúgòu de,Ce prix est suffisant pour moi,,
HSK5,Francais,b2701025ab7b,"former, composer",zǔchéng,组成,中国的文化由多种元素组成,Zhōngguó de wénhuà yóu duō zhǒng yuánsù zǔchéng,La culture chinoise est composée de multiples éléments.,,
HSK5,Francais,fb6facf6674a,"combiner, combinaison",zǔhé,组合,不同的菜肴组合可以创造出新的味道,Bùtóng de càiyí zǔhé kěyǐ chuàngzào chū xīn de wèidào,Différentes combinaisons de plats peuvent créer de nouveaux goûts,,
HSK5,Francais,98f381fc7e1d,"prévenir, arrêter",zǔzhǐ,阻止,我们必须采取措施阻止污染,Wǒmen bìxū cǎiqǔ cuòshī zǔzhǐ wūrǎn,Nous devons prendre des mesures pour prévenir la pollution,,
HSK5,Francais,bd8b15ef4ff4,"organiser, organisation",zǔzhī,组织,公司的组织结构非常复杂,Gōngsī de zǔzhī jiéguǒ fēicháng fùzá,La structure organisationnelle de l'entreprise est très complexe,,
HSK5,Francais,391889654aa7,bouche,zuǐba,嘴巴,我的嘴巴很小,Wǒ de zuǐba hěn xiǎo,Ma bouche est très petite,,
HSK5,Francais,eb3e5ab12c0f,être ivre,zuì,醉,他喝多了，已经醉了,"Tā hē duō le, yǐ jīng zuì le",Il a bu beaucoup et est déjà ivre,,
HSK5,Francais,ea96a6f746af,"au début, initialement",zuìchū,最初,我最初在中国学习中文,Wǒ zuìchū zài zhōngguó xuéxí zhōngwén,J'ai initialement étudié le chinois en Chine,,
HSK5,Francais,c4c320e94a94,meilleur,zuìjiā,最佳,这个酒店是城市中最佳的选择,Gè zhè jiǔdiàn shì chéngshì zhōng zuìjiā de xuǎnzhě,Cet hôtel est le meilleur choix dans la ville,,
HSK5,Francais,fe871b309eef,"respecter, respectueux",zūnjìng,尊敬,我对父母充满尊敬,Wǒ duì fùmǔ chōngmǎn zūnjìng,J'ai beaucoup de respect pour mes parents,,
HSK5,Francais,645233305450,"obéir, se conformer",zūnshǒu,遵守,我会遵守规则,Wǒ huì zūnshǒu guīzé,Je vais suivre les règles,,
HSK5,Francais,3113ef9b227b,"proposer, prendre une décision",zuòchū,作出,公司将作出新的计划,Gōngsī jiāng zuòchū xīn de jìhuà,L'entreprise va proposer un nouveau plan,,
