deck_level,deck_type,entry_id,french_word,pinyin,hanzi,chinese_sentence,pinyin_sentence,french_sentence,translation_word,translation_sentence
HSK4,Audio,1fe4bfdb8196,amour,àiqíng,爱情,他对她的爱情很真挚,Tā duì tā de àiqíng hěn zhēnzhì,Il aime véritablement son amour pour elle,,
HSK4,Audio,1e0e00420ab8,"compassion, attention",àixīn,爱心,她有一颗爱心，帮助所有需要的人,"Tā yǒu yī kē àixīn, bāngzhù suǒyǒu xūyào de rén",Elle a une grande compassion et aide tous les personnes dans le besoin,,
HSK4,Audio,d173bb7f6884,"contrôle de sécurité, effectuer un contrôle de sécurité",ānjiǎn,安检,请出示身份证接受安检,Qǐng chū shì shēn fèn zhèng jiē shòu ān jiǎn,Veuillez présenter votre pièce d'identité pour le contrôle de sécurité,,
HSK4,Audio,89c323dc2713,arranger,ānpái,安排,下周我将安排一次会议,Xià zhōu wǒ jiāng ān pái yī cì huì yì,"La semaine prochaine, j'organiserai une réunion.",,
HSK4,Audio,02067fa338de,"appuyer, pousser, selon",àn,按,请按按键开门,Qǐng àn àn jiàn kāi mén,Bitte appuyez sur le bouton pour ouvrir la porte,,
HSK4,Audio,90661bd29a32,"à l'heure, dans les délais",ànshí,按时,我会按时完成作业,Wǒ huì ànshí wánchóng zuòyè,Je vais terminer mes devoirs à l'heure,,
HSK4,Audio,835fa10d1c71,"selon, conformément à",ànzhào,按照,我按照他的建议做了,Wǒ ànzhào tā de jiàn yì zuò le,J'ai agi selon ses conseils.,,
HSK4,Audio,5db6bf0d33c7,"liqueur, spiritueux",báijiǔ,白酒,我喜欢喝白酒,Wǒ xǐhuān hē báijiǔ,J'aime boire de la liqueur.,,
HSK4,Audio,8191ff9f8552,"s'occuper des affaires officielles, travailler",bàngōng,办公,我现在在办公室工作,Wǒ xiànzài zài bàngōngshì gōngzuò,Je travaille actuellement au bureau,,
HSK4,Audio,46765f44fb80,"manipuler, traiter",bànlǐ,办理,请帮助我办理手续,Qǐng bāngzhù wǒ bànlǐ shǒuxù,"S'il vous plaît, aidez-moi à traiter les formalités.",,
HSK4,Audio,4acbaeaa0490,"gérer les choses, prendre soin des choses",bànshì,办事,我要去办事,Wǒ yào qù bànshì,Je vais gérer les choses,,
HSK4,Audio,955c5bb53b28,"super, excellent, (bâton, club)",bàng,棒,今天的天气棒极了,Jīn tiān de tiān qì bàng jí le,Le temps est excellent aujourd'hui,,
HSK4,Audio,a9c6a3f4db9c,protéger,bǎohù,保护,我们需要保护环境,Wǒmen xūyào bǎohù huánjìng,Nous devons protéger l'environnement,,
HSK4,Audio,4836cf154e4a,"garantir, assurer, garantir, assurer",bǎozhèng,保证,这个产品有质量保证,Gè zhè chǎnpǐn yǒu zhìliàng bǎozhèng,Ce produit a une garantie de qualité,,
HSK4,Audio,e298936c4bfc,"tenir, embrasser, serrer dans ses bras",bào,抱,我把孩子抱在怀里,Wǒ bǎ háizi bào zài huái lǐ,Je tiens l'enfant dans mes bras,,
HSK4,Audio,e6a935fab704,"postuler à un examen, s'inscrire à un test",bàokǎo,报考,我要报考大学 entrance exam,Wǒ yào bàokǎo dàxué rùxué kǎoshì,Je veux postuler à l'examen d'entrée à l'université,,
HSK4,Audio,a64117105e21,"s'inscrire, s'inscrire",bàomíng,报名,我想报名参加法语课程,Wǒ xiǎng bàomíng cānjiā fǎyǔ kèchéng,Je veux m'inscrire au cours de français,,
HSK4,Audio,1d5eb8fde62b,"désolé, désolé",bàoqiàn,抱歉,抱歉，我没有准备好,"Bàoqiàn, wǒ méiyǒu zhǔnbèi hǎo","Désolé, je n'étais pas préparé",,
HSK4,Audio,f04e7fcbc4e7,porter sur le dos,bēi,背,我背着一个大包,Wǒ bēi zhe yī gè dà bāo,Je porte un grand sac sur mon dos,,
HSK4,Audio,2ec3ef98239c,sac à dos,bēibāo,背包,我明天要去登山，需要带上背包,"Wǒ míngtiān yào qù dēngshān, xūyào dài shàng bēibāo","Demain, j'irai faire de la randonnée et j'aurai besoin d'apporter mon sac à dos",,
HSK4,Audio,fb09bd36ec47,"partie nord, nord",běibù,北部,中国的北部地区很寒冷,Zhōngguó de běibù dìqū hěn hánlěng,La partie nord de la Chine est très froide,,
HSK4,Audio,54a2e06a2268,"mesurer le sens du mot fois, -plier",bèi,倍,这个价格是原价的三倍,Gè zhè jiàgé shì yuánjià de sān bèi,Ce prix est trois fois le prix initial,,
HSK4,Audio,03cfbc1c8968,programme de premier cycle,běnkē,本科,我正在读本科,Wǒ zhèngzài dú běnkē,Je suis en train de suivre un programme de premier cycle.,,
HSK4,Audio,5ebc80214c9a,"original, ancien, à l'origine, en fait",běnlái,本来,我本来不想去参加这个会议,Wǒ běnlái bù xiǎng qù cān jiā zhè ge huì yì,Je n'avais pas l'intention d'assister à cette réunion,,
HSK4,Audio,a4529c513d9f,"stupide, insensé",bèn,笨,我觉得他很笨,Wǒ juéde tā hěn bèn,Je trouve qu'il est très stupide,,
HSK4,Audio,cbc3357c3f7d,nez,bízi,鼻子,我的鼻子很敏感,Wǒ de bízi hěn mǐngǎn,Mon nez est très sensible,,
HSK4,Audio,84ec451fa7d3,"test écrit, passer un examen écrit",bǐshì,笔试,我要参加笔试,Wǒ yào cānjiā bǐshì,Je vais passer un test écrit.,,
HSK4,Audio,577fa6ca2d02,obtenir un diplôme,bìyè,毕业,我下个月就要毕业了,Wǒ xià gè yuè jiù yào bìyè le,Je vais obtenir mon diplôme le mois prochain.,,
HSK4,Audio,590223e970aa,diplômé,bìyèshēng,毕业生,这个大学有很多毕业生,Gè zhège dàxué yǒu hěn duō bìyèshēng,Cette université a beaucoup de diplômés.,,
HSK4,Audio,85e416514d04,"être pratique pour, faciliter",biànyú,便于,这个设计很巧妙，且便于使用,"Zhè ge shèjì hěn qiǎomiào, qiě biànyú shǐyòng",Ce design est très ingénieux et pratique à utiliser,,
HSK4,Audio,1b603e51ba4a,"standard, standard, typique",biāozhǔn,标准,这是一个标准的例子,Zhè shì yī gè biāozhǔn de lìzǐ,C'est un exemple standard.,,
HSK4,Audio,bc129137fc8e,"montre, mètre, table, forme, (exprimer)",biǎo,表,我喜欢看着手表,Wǒ xǐ huān kàn zhe shǒu biǎo,J'aime regarder ma montre,,
HSK4,Audio,66a3e7fca1b0,"formulaire, tableau",biǎogé,表格,我需要填寫一份表格,Wǒ xūyào tiánxiě yī fèn biǎogé,J'ai besoin de remplir un formulaire,,
HSK4,Audio,4c0e323a12f1,"exprimer, indiquer, montrer",biǎoshì,表示,数字表明结果,Shùzì biǎoshì jiéguǒ,Les chiffres indiquent le résultat,,
HSK4,Audio,41454c2e69cd,"montrer, afficher, exécuter",biǎoxiàn,表现,她在舞台上的表现非常好,Tā zài wǔtái shàng de biǎoxiàn fēicháng hǎo,Son spectacle sur scène est très bon,,
HSK4,Audio,fa295c4ead0b,"louer, féliciter",biǎoyáng,表扬,老师对我的表现表示表扬,Lǎoshī duì wǒ de biǎoxiàn biǎoshì biǎoyáng,L'enseignant m'a félicité pour ma performance,,
HSK4,Audio,a836197f5141,"biscuit, craquelin",bǐnggān,饼干,我喜欢吃饼干,Wǒ xǐ huān chī bǐnggān,J'aime manger des biscuits.,,
HSK4,Audio,1adb968acbff,"combiner, fusionner, en fait, en effet",bìng,并,我同时会说英语和法语,Wǒ tóngshí huì shuō yīngyǔ hé fǎyǔ,"Je parle à la fois anglais et français mais en utilisant le mot demandé : 他的才能和知识并非他所特有 - Tā de càinéng hé zhīshì bìng fēi tā suǒ tè yǒu - Ses talents et sa connaissance ne lui sont pas propres, sont partagés",,
HSK4,Audio,596a55d07459,"et en plus, en plus",bìngqiě,并且,今天我学习中文，并且我也学习法语,"Jīn tiān wǒ xué xí zhōng wén, bìng qiě wǒ yě xué xí fǎ yǔ","Aujourd'hui, j'étudie le chinois, et en plus, j'étudie également le français",,
HSK4,Audio,4ea4954783cb,"diffuser, jouer",bōfàng,播放,电台正在播放最新的音乐,Diàntái zhèngzài bōfàng zuìxīn de yīnyuè,La radio diffuse la dernière musique,,
HSK4,Audio,42b18d010d4b,médecin,bóshì,博士,他是一位著名的博士,Tā shì yī wèi zhù míng de bóshì,Il est un médecin célèbre,,
HSK4,Audio,ad2aa999d5f6,"pas besoin, pas nécessaire",búbì,不必,我不必去参加会议,Wǒ bùbì qù cānjiā huìyì,Je n'ai pas besoin d'aller à la réunion,,
HSK4,Audio,8d4dadb48c87,"gênant, être à court d'argent",búbiàn,不便,我最近有点不便，没办法请客,"Wǒ zuìjìn yǒudiǎn búbiàn, méi bànfǎ qǐng kè","J'ai un peu de mal à boucler mes fins de mois en ce moment, je ne peux pas inviter des gens à dîner.",,
HSK4,Audio,a20f6d3f688f,"continu, incessant, continuellement, constamment",búduàn,不断,他们不断地练习英语,Tāmen búduàn de liànxí yīngyǔ,Ils pratiquent constamment l'anglais,,
HSK4,Audio,05ddcdda86d8,"pas assez, insuffisant, pas assez",búgòu,不够,我觉得这个东西不够好,Wǒ juéde zhè ge dōng xi búgòu hǎo,Je trouve que cette chose n'est pas assez bonne,,
HSK4,Audio,f525c46816af,"mais cependant (seulement, simplement)",búguò,不过,我觉得这部电影很好看，不过剧本有一点简单,"Wǒ juédé zhè bù diànyǐng hěn hǎokàn, búguò jùběn yǒu yīdiǎn jiǎndān","Je trouve que ce film est très bien, mais le scénario est un peu simple",,
HSK4,Audio,accb08cf53fa,"peu importe, peu importe",búlùn,不论,我去哪里不论，你永远是我的朋友,"Wǒ qù nǎlǐ búlùn, nǐ yǒngyuǎn shì wǒ de péngyǒu","Peu importe où j'aille, tu seras toujours mon ami",,
HSK4,Audio,e76c72fb3804,"pas, allure",bù,步,我走慢步,Wǒ zǒu màn bù,Je marche à pas lents,,
HSK4,Audio,53f7370b09dd,"département, pièce, Classificateur pour livres, machines, etc.",bù,部,这本书有五部,Zhè ben shū yǒu wǔ bù,Ce livre est divisé en cinq parties,,
HSK4,Audio,24f487b93eff,"je dois, je ne peux pas mais",bùdébù,不得不,我因为很累不得不去睡觉,Wǒ yīnwèi hěn lèi bùdébù qù shuìjiào,Je suis tellement fatigué que je dois aller dormir,,
HSK4,Audio,a872c4a00e99,"partie, partie",bùfen,部分,这本书的部分内容很有趣,Zhè běn shū de bùfen nèiróng hěn yǒuqù,Une partie de ce livre est très intéressante,,
HSK4,Audio,f17ae41a258c,"peu importe, peu importe",bùguǎn,不管,我会帮助你，不管你做什么。,"Wǒ huì bāngzhù nǐ, bùguǎn nǐ zuò shénme","Je vais t'aider, peu importe ce que tu fais.",,
HSK4,Audio,1e32704288d4,"non seulement, non seulement... (mais aussi)",bùguāng,不光,我不光会说法语，还会说英文,"Wǒ bùguāng huì shuō fǎyǔ, hái huì shuō yīngwén","Je ne parle pas seulement le français, mais aussi l'anglais",,
HSK4,Audio,732a0ba69ac2,non seulement,bùjǐn,不仅,她不仅会说中文，还会说英文,"Tā bùjǐn huì shuō zhōngwén, hái huì shuō yīngwén","Elle ne parle pas seulement chinois, mais également anglais",,
HSK4,Audio,fd5fc2bd6011,"insatisfait, mécontent",bùmǎn,不满,他对工作的薪水不满,Tā duì gōng zuò de xīn shuǐ bùmǎn,Il est insatisfait de son salaire de travail.,,
HSK4,Audio,d0e2be988b03,"département, unité",bùmén,部门,公司有几个部门,Gōngsī yǒu jǐ gè bùmén,L'entreprise a plusieurs départements,,
HSK4,Audio,410aea7a3097,"pas aussi bon, inférieur à",bùrú,不如,她唱歌不如她妹妹,Tā chàng gē bùrú tā mèi mèi,Elle ne chante pas aussi bien que sa sœur.,,
HSK4,Audio,e21f49aa747b,"essuyer, frotter",cā,擦,她用布擦桌子,Tā yòng bù cā zhuōzi,Elle essuie la table avec un chiffon.,,
HSK4,Audio,e02da3c5d140,deviner,cāi,猜,我要猜一下这个词的意思,Wǒ yào cāi yī xià zhè ge cí de yì si,Je vais deviner le sens de ce mot,,
HSK4,Audio,873c2ffa0b33,"matériel, données",cáiliào,材料,这个项目需要收集和分析大量的材料,Gè zhèmeng xiǎng xū yào shōu jí hé fēn xī dà liàng de cáiliào,Ce projet nécessite la collecte et l'analyse d'une grande quantité de matériel,,
HSK4,Audio,69c0d7621ba2,"visiter, faire le tour",cānguān,参观,我想参观博物馆,Wǒ xiǎng cānguān bówùguǎn,Je veux visiter le musée,,
HSK4,Audio,4868297b3d92,participer à un concours,cānsài,参赛,我要参赛,Wǒ yào cānsài,Je veux participer à un concours,,
HSK4,Audio,811062e74740,"restaurant, salle à manger",cāntīng,餐厅,我最喜欢去的餐厅是意大利餐厅,Wǒ zuì xǐ huān qù de cāntīng shì yì dà lì cāntīng,Mon restaurant préféré est un restaurant italien,,
HSK4,Audio,62889ad6768d,aire de jeux,cāochǎng,操场,学校的操场很大,Xuéxiào de cāochǎng hěn dà,La cour de récréation de l'école est très grande,,
HSK4,Audio,8a287edcb74e,"toilettes, toilettes",cèsuǒ,厕所,公共厕所在哪里？,Gōnggòng cèsuǒ zài nǎlǐ ?,Où sont les toilettes publiques ?,,
HSK4,Audio,5d63509f4bf9,"vérifier, voir",chákàn,查看,请查看这个文件,Qǐng chákàn zhè ge wén jiàn,Veuillez vérifier ce fichier,,
HSK4,Audio,0b6402bbb9f4,feuille de thé,cháyè,茶叶,我喜欢喝茶叶,Wǒ xǐ huān hē cháyè,J'aime boire des feuilles de thé,,
HSK4,Audio,abf6a464c7de,"chercher, rechercher",cházhǎo,查找,我想查找一些信息,Wǒ xiǎng cházhǎo yī xiē xìnxī,Je veux chercher quelques informations,,
HSK4,Audio,de5140ed953b,"pauvre, pas assez bien, presque, presque",chàdiǎnr,差点儿,我差点儿迟到,Wǒ chàdiǎnr chí dào,J'ai failli être en retard,,
HSK4,Audio,5091ffecec60,"produire, engendrer, naître",chǎnshēng,产生,,,,,
HSK4,Audio,9f261b39ef5a,"usine, usine",chǎng,厂,这家厂正在生产汽车,Zhè jiā chǎng zhèngzài shēngchǎn qìchē,Cette usine produit des voitures,,
HSK4,Audio,fc62c41cbd4e,"mesurer le mot pour les événements, les performances, etc.",chǎng,场,音乐会场非常成功,Yīnyuè huì chǎng fēi cháng chénggōng,Le concert a été très réussi,,
HSK4,Audio,caff18aae2b2,"dépasser, dépasser",chāoguò,超过,他今年的收入超过了十万,Tā jīnnián de shōurù chāoguò le shí wàn,Son revenu de cette année a dépassé cent mille.,,
HSK4,Audio,b2f81c1c1bbf,vitesse du véhicule,chēsù,车速,这辆车的车速很快,Zhè liàng chē de chēsù hěn kuài,Cette voiture a une vitesse très élevée,,
HSK4,Audio,678733cd3b87,place de parking,chēwèi,车位,请给我的车一个车位,Qǐng gěi wǒ de chē yī gè chēwèi,Veuillez donner une place de parking à ma voiture,,
HSK4,Audio,1a710e5a79ba,"ville, village",chéng,城,我住在一个小城,Wǒ zhù zài yī gè xiǎo chéng,J'habite dans une petite ville,,
HSK4,Audio,4a6dd95c8617,"monter, prendre, multiplier",chéng,乘,我要乘坐公交车去学校,Wǒ yào chéng zuò gōng jì chē qù xué xiào,Je vais prendre le bus pour aller à l'école,,
HSK4,Audio,66ae78c8ac0f,"réussir, réussir",chénggōng,成功,我希望这次考试能够成功,Wǒ xīwàng zhè cì kǎoshì néng gòu chénggōng,J'espère que j'aurai succès à cet examen,,
HSK4,Audio,b4371059affa,passager,chéngkè,乘客,火车上有很多乘客,Huǒchē shàng yǒu hěn duō chéngkè,Il y a muit des passagers dans le train.,,
HSK4,Audio,d907a5696a39,honnête,chéngshí,诚实,他是一个诚实的人,Tā shì yī gè chéngshí de rén,Il est un homme honnête,,
HSK4,Audio,118146b704ba,devenir,chéngwéi,成为,我希望成为一名医生,Wǒ xǐwàng chéngwéi yī míng yīshēng,J'espère devenir un médecin,,
HSK4,Audio,858ae0eccf2e,"rouler, prendre un moyen de transport",chéngzuò,乘坐,我将乘坐公交去学校,Wǒ jiāng chéngzuò gōngjì qù xuéxiào,Je vais aller à l'école en bus,,
HSK4,Audio,1b80003694de,"être surpris, être choqué",chījīng,吃惊,我听到这个消息的时候感到非常吃惊,Wǒ tīng dào zhè ge xiāo xi de shí hòu gǎn dào fēi cháng chījīng,J'ai été très surpris en entendant cette nouvelle.,,
HSK4,Audio,49057707b3e1,"en retard, retardé",chí,迟,我赶到机场的时候，飞机已经迟了,"Wǒ gǎn dào jīchǎng de shíhòu, fēijī yǐjīng chí",J'arrivais à l'aéroport et l'avion était déjà en retard,,
HSK4,Audio,cc535fc9d3ff,"encore, encore une fois, (pour répéter)",chóng,重,我还需要再重做一次,Wǒ hái xūyào zài chóng zuò yīcì,J'ai encore besoin de le refaire une fois.,,
HSK4,Audio,ac1be016fb16,"encore, à nouveau",chóngxīn,重新,我要重新学习法语,Wǒ yào chóng xīn xué xí fǎ yǔ,Je vais reprendre l'étude du français,,
HSK4,Audio,579b22e315fd,partir en voyage d'affaires,chūchāi,出差,明天我要出差,Míng tiān wǒ yào chū chāi,"Demain, je pars en voyage d'affaires",,
HSK4,Audio,ac53dcf2dbb8,"quitter, (exporter)",chūkǒu,出口,这个货船从上海港的出口驶向大海,Zhè ge huò chuán cóng shàng hǎi gǎng de chūkǒu shǐ xiàng dà hǎi,Ce cargo a quitté le port de Shanghai par la sortie et se dirige vers la mer.,,
HSK4,Audio,f845d005ddf1,"apparaître, émerger",chūxiàn,出现,新的产品在市场上出现,Xīn de chǎnpǐn zài shìchǎng shàng chūxiàn,Le nouveau produit est apparu sur le marché,,
HSK4,Audio,ad8f0968d86b,"voyager, sortir",chūxíng,出行,当我出行时，我总是会带上手机,"Dāng wǒ chūxíng shí, wǒ zǒng shì huì dài shàng shǒu jī","Quand je voyage, je prends toujours mon téléphone avec moi",,
HSK4,Audio,d6e08cd32eca,louer,chūzū,出租,我将出租我的房子,Wǒ jiāng chūzū wǒ de fángzǐ,Je vais louer ma maison,,
HSK4,Audio,23579e98b073,cuisine,chúfáng,厨房,我的妈妈在厨房里做饭,Wǒ de māma zài chúfáng lǐ zuò fàn,Ma mère cuisine dans la cuisine.,,
HSK4,Audio,cc3eca1e434a,"chef, cuisinier",chúshī,厨师,今天的厨师是我妈妈,Jīntiān de chúshī shì wǒ māma,Le cuisinier d'aujourd'hui est ma mère,,
HSK4,Audio,08aa91b8ec5b,fenêtre,chuāng,窗,我把书放在窗旁,Wǒ bǎ shū fàng zài chuāng páng,J'ai posé mon livre à côté de la fenêtre,,
HSK4,Audio,54782ccda08f,fenêtre,chuānghu,窗户,我家的窗户很大,Wǒ jiā de chuānghu hěn dà,La fenêtre de ma maison est très grande,,
HSK4,Audio,b876f8ec7574,souffler,chuī,吹,我会吹口琴,Wǒ huì chuī kǒu qín,Je sais souffler dans une harmonica,,
HSK4,Audio,2421e40f1cd0,"mot, expression",cíyǔ,词语,这是一个词语的例子 : 我学到了一个新词语,Wǒ xué dào le yī gè xīn cíyǔ,J'apprends un nouveau mot.,,
HSK4,Audio,64501db4abac,ce,cǐ,此,我喜欢此书,Wǒ xǐ huān cǐ shū,J'aime ce livre,,
HSK4,Audio,2193d4eb783a,cette fois,cǐ cì,此次,此次旅行是我第一次去中国,Cǐ cì lǚxíng shì wǒ dì yī cì qù zhōng guó,"Cette fois, le voyage est ma première fois en Chine",,
HSK4,Audio,db4eb0d07e2f,"en plus, en plus, en plus",cǐwài,此外,我学习了很多东西，此外我还去参加了一个比赛,"Wǒ xuéxì le hěn duō dōngxi, cǐwài wǒ huán qù cān jiā le yí gè bǐsài","J'ai appris beaucoup de choses, en plus, je suis allé participer à une compétition",,
HSK4,Audio,b2e230c508df,"à partir de là, depuis lors",cóngcǐ,从此,我从此意识到努力的重要性,Wǒ cóngcǐ yìshí dào nǔlì de zhòngyào xìng,Je me rends compte depuis lors de l'importance du travail acharné,,
HSK4,Audio,fd2be0499846,"toujours, à tout moment",cónglái,从来,我从来没去过中国,Wǒ cónglái méi qù guò Zhōngguó,Je suis allé en Chine pour la première fois.,,
HSK4,Audio,6b17a0e7dc08,"parmi, de là",cóngzhōng,从中,我从中选了一个漂亮的礼物,Wǒ cóngzhōng xuǎnle yī gè piàoliang de lǐwù,J'ai choisi un joli cadeau parmi eux.,,
HSK4,Audio,ba6b74eef8bd,"grossier, rugueux, épais",cū,粗,这个木头的表面很粗,Zhè ge mù tou de biǎo miàn hěn cū,La surface de ce morceau de bois est très rugueuse,,
HSK4,Audio,065583d5e828,imprudent,cūxīn,粗心,他是一个粗心的人，总是忘记重要的事情。,"Tā shì yī gè cūxīn de rén, zǒng shì wàngjì zhòngyào de shìqing","Il est une personne imprudente, qui oublie toujours les choses importantes.",,
HSK4,Audio,a3fed74a85e3,village,cūn,村,我住在一个叫幸福村的村,Wǒ zhù zài yī gè jiào xìng fú cūn de cūn,J'habite dans un village appelé Village Heureux,,
HSK4,Audio,00051579cb96,"stocker, conserver, exister",cún,存,我想存钱去中国,Wǒ xiǎng cún qián qù Zhōngguó,Je veux économiser de l'argent pour aller en Chine,,
HSK4,Audio,82da29c232d6,"rater, laisser filer",cuòguò,错过,我错过了最后一班公交,Wǒ cuòguò le zuì hòu yī bān gōngjì,J'ai raté le dernier bus.,,
HSK4,Audio,9d0f6d6cd246,"faux, trompé, erreur, erreur",cuòwù,错误,该计算机程序出现了一个错误,Gāi jìsuànjī chéngxù fāxiàn le yī gè cuòwù,Ce programme informatique a commis une erreur,,
HSK4,Audio,ed70cd8e4672,"accepter, promettre, répondre",dāying,答应,我答应帮你完成这个任务,Wǒ dāying bāng nǐ wán chéng zhè ge rènwù,J'accepte de t'aider à accomplir cette tâche,,
HSK4,Audio,995ff2a191f4,"répondre, répondre",dá,答,我会回答这个问题,Wǒ huì dá zhè ge wèn tí,Je vais répondre à cette question,,
HSK4,Audio,6fea4d874af5,"réponse, solution",dá'àn,答案,这个问题的答案很简单,Zhè ge wèn tí de dá'àn hěn jiǎn dān,La réponse à cette question est très simple,,
HSK4,Audio,bea9ed604953,"atteindre, atteindre",dádào,达到,公司的销售额已经达到年底的目标,Gōngsī de xiāo shuì é yǐjīng dá dào nián dǐ de mù biāo,Les ventes de l'entreprise ont déjà atteint les objectifs de fin d'année,,
HSK4,Audio,1965bede9118,"saluer, dire bonjour",dǎ zhāohu,打招呼,我每天早上都会打招呼,Wǒ měi tiān zǎo shàng dū huì dǎ zhāohu,Je dis bonjour chaque matin.,,
HSK4,Audio,a84a3d418f0b,"vaincre, battre",dǎbài,打败,他们最终打败了对手,Tāmen zuìzhōng dǎbài le duìshǒu,Ils ont finalement vaincu leurs adversaires,,
HSK4,Audio,2de366465ee6,occuper un emploi temporaire,dǎgōng,打工,我在城市里打工,Wǒ zài chéngshì lǐ dǎgōng,Je travaille temporairement dans la ville,,
HSK4,Audio,8165a22b836f,"déranger, déranger",dǎrǎo,打扰,对不起，我可能会打扰您,"Duìbùqǐ, wǒ kěyǐ huì dǎrǎo nín","Excusez-moi, je crains de vous déranger",,
HSK4,Audio,2ab5b039851c,imprimer,dǎyìn,打印,我需要打印这份文件,Wǒ xūyào dǎyìn zhè fèn wénjiàn,J'ai besoin d'imprimer ce fichier,,
HSK4,Audio,475e7d400471,imprimante,dǎyìnjī,打印机,我的电脑连接了一台打印机,Wǒ de diànnǎo liánjiē le yī tái dǎyìnjī,Mon ordinateur est connecté à une imprimante,,
HSK4,Audio,f0bdb4bbab83,accorder une remise,dǎzhé,打折,这件衣服打折了,Zhè jiàn yīfú dǎzhé le,Cette chemise est en soldes,,
HSK4,Audio,99fdb5beac8c,"recevoir une injection, recevoir une injection",dǎzhēn,打针,我需要去医院打针,Wǒ xūyào qù yīyuàn dǎzhēn,J'ai besoin d'aller à l'hôpital pour recevoir une injection,,
HSK4,Audio,1992db4412c6,"grand bus, autocar",dàbā,大巴,我坐大巴去北京,Wǒ zuò dàbā qù Běijīng,Je prends le grand bus pour aller à Pékin,,
HSK4,Audio,2be2cb76293e,"grandement, de manière significative",dàdà,大大,公司的销售额增加大大,Gōngsī de xiāo shòu é zēngjiā dàdà,Les ventes de l'entreprise ont augmenté de manière significative,,
HSK4,Audio,8771e10a1100,docteur (médical),dàifu,大夫,他是我的大夫,Tā shì wǒ de dàifu,Il est mon docteur,,
HSK4,Audio,22201cc07836,"grande quantité, une grande quantité",dàliàng,大量,我们需要大量的信息来解决这个问题,Wǒmen xūyào dàliàng de xìnxī lái jiějué zhège wèntí,Nous avons besoin d'une grande quantité d'informations pour résoudre ce problème.,,
HSK4,Audio,137657f4666f,"grande compétition, grand concours",dàsài,大赛,今年的大赛非常激烈,Jīnnián de dàsài fēicháng jīliè,La grande compétition de cette année est très intense,,
HSK4,Audio,afa4d2b08efa,"hall, hall d'entrée",dàtīng,大厅,酒店的大厅非常漂亮,Jiǔdiàn de dàtīng fēicháng piàoliang,Le hall de l'hôtel est très beau.,,
HSK4,Audio,680cd2481d09,"environ, environ",dàyuē,大约,我大约花了两个小时完成作业,Wǒ dàyuē huā le liǎng gè xiǎoshí zuò wán le zuòyè,J'ai environ mis deux heures pour finir mes devoirs,,
HSK4,Audio,981207af982b,"la nature, le monde naturel",dàzìrán,大自然,我喜欢探索大自然,Wǒ xǐ huān tàn suǒ dà zì rán,J'aime explorer la nature.,,
HSK4,Audio,402fb6422470,rester,dāi,待,我明天要待在家里,Wǒ míngtiān yào dāi zài jiā lǐ,Je dois rester à la maison demain,,
HSK4,Audio,00f68d80d0d2,"porter, mettre",dài,戴,我戴了一顶帽子,Wǒ dài le yī tóu màozi,J'ai mis un chapeau,,
HSK4,Audio,bbb310b82bfe,"sac, sac",dàizi,袋子,她带了一个袋子去学校,Tā dāi le yī gè dàizi qù xuéxiào,Elle a apporté un sac pour aller à l'école,,
HSK4,Audio,c33f154ac285,"unité, département",dānwèi,单位,公司有很多单位,Gōngsī yǒu hěn duō dānwèi,L'entreprise a beaucoup d'unités,,
HSK4,Audio,a0e7205f75a3,"servir comme, être, au moment de",dāng,当,我当时很忙,Wǒ dāng shí hěn máng,J'étais occupé à ce moment-là,,
HSK4,Audio,e415270ece1f,"à ce moment-là, alors",dāngshí,当时,当时我还在学校,Dāngshí wǒ hái zài xuéxiào,"À ce moment-là, j'étais encore à l'école",,
HSK4,Audio,99f94b09d6be,couteau,dāo,刀,我有一把刀,Wǒ yǒu yī bǎ dāo,J'ai un couteau.,,
HSK4,Audio,bc14a9a67803,"guide touristique, guider",dǎoyóu,导游,今天，我将由一位经验丰富的导游带领参观这座城市,"Jīn tiān, wǒ jiāng yóu yī wèi jīng yàn fēng fǔ de dǎoyóu dàilǐng cān guān zhè zuò chéng shì","Aujourd'hui, je vais être guidé par un guide touristique expérimenté pour visiter cette ville.",,
HSK4,Audio,84eb24efb73e,"tomber, s'effondrer, (cependant, mais)",dào,倒,墙突然倒了,Qiáng tú rán dào le,Le mur s'est effondré soudainement,,
HSK4,Audio,ba6db844de50,"chemin, chemin, méthode, Classificateur pour les objets longs",dào,道,这条路是新修的道路,Zhè tiáo lù shì xīn xiū de dào lù,Cette route est une nouvelle voie construite,,
HSK4,Audio,4646967ebaba,"enfin, après tout, jusqu'au bout",dàodǐ,到底,我已经试验了很多方法，到底还是没能解决问题,"Wǒ yǐjīng shìyàn le hěn duō fāngfǎ, dàodǐ háishì méi yǒu jiějué wèntí","J'ai déjà essayé de nombreuses méthodes, mais en fin de compte, je n'ai toujours pas résolu le problème",,
HSK4,Audio,4b3189d655cc,arriver,dàolái,到来,我等待着她的到来,Wǒ déngdài zhe tā de dàolái,J'attends son arrivée,,
HSK4,Audio,436b04d84830,"route, chemin",dàolù,道路,我每天都要走很长的道路去上学,Wǒ měi tiān dū yào zǒu hěn cháng de dàolù qù shàng xué,Je dois marcher chaque jour sur une longue route pour aller à l'école,,
HSK4,Audio,8a2ae5c5e602,s'excuser,dàoqiàn,道歉,对不起，我要道歉,"Duìbùqǐ, wǒ yào dàoqiàn","Excusez-moi, je m'excuse",,
HSK4,Audio,53b8a0dab11d,"fier, complaisant",déyì,得意,他对自己的画感到得意,Tā duì zìjǐ de huà gǎn dào déyì,Il est fier de son dessin,,
HSK4,Audio,216d6f2708e9,monter à bord d'un avion,dēngjī,登机,我已经登机了,Wǒ yǐjīng dēngjī le,Je suis déjà monté à bord de l'avion,,
HSK4,Audio,f222add0217d,"jusqu'à ce que, au moment",děngdào,等到,我要等到他来才开始吃饭,Wǒ yào děngdào tā lái cái kāishǐ chīfàn,Je vais attendre jusqu'à ce qu'il vienne pour commencer à manger.,,
HSK4,Audio,acb56adba68e,"bas, abaisser",dī,低,价格很低,Jiàgé hěn dī,Le prix est très bas,,
HSK4,Audio,6a5fac8f7a77,prix bas,dījià,低价,这个产品的低价使得它成为消费者的首选,Gè zhè shāng pǐn de dījià shǐ dé tā chéng wèi xiāo fèi zhě de shǒu xuǎn,Le prix bas de ce produit en fait le premier choix des consommateurs,,
HSK4,Audio,35a18e57669a,basse température,dīwēn,低温,低温冰箱是保存食物的好方法,Dīwēn bīngxiāng shì bǎocún shíwù de hǎo fāngfǎ,Le réfrigérateur à basse température est une bonne méthode pour conserver les aliments.,,
HSK4,Audio,bfbb683f964f,être inférieur à,dīyú,低于,他得的分数低于平均分,Tā dé de fēnshù dīyú píngjūn fēn,Son score est inférieur à la moyenne,,
HSK4,Audio,b553a7a9e5b5,"fond, base",dǐ,底,湖底藏了很多宝藏,Hú dǐ cáng le hěn duō bǎozàng,Le fond du lac cachait beaucoup de trésors,,
HSK4,Audio,26b52fd9679c,"en dessous, en dessous",dǐxia,底下,桌子底下有一本书,Zhuōzi dǐxia yǒu yī běn shū,Il y a un livre sous la table,,
HSK4,Audio,a938ab749f47,Terre,dìqiú,地球,地球是我们共同的家园,Dìqiú shì wǒmen gòngtóng de jiāyuán,La Terre est notre maison commune,,
HSK4,Audio,13f4423c2ff4,adresse,dìzhǐ,地址,他的电子邮件地址是abc@123.com,Tā de diànzǐ yóuxìng dìzhǐ shì abc@123.com,Son adresse e-mail est abc@123.com,,
HSK4,Audio,4613fef38134,"faire l'appel, mentionner par son nom",diǎnmíng,点名,老师点名时，所有学生必须答到,"Lǎoshī diǎnmíng shí, suǒyǒu xuésheng bìxū dādào","Lorsque l'enseignant fait l'appel, tous les élèves doivent répondre.",,
HSK4,Audio,354d883ca1cc,hocher la tête,diǎntóu,点头,她点头表示同意,Tā diǎntóu biǎoshì tóngyì,Elle hoche la tête pour montrer son accord,,
HSK4,Audio,f32f4147688d,"véhicule électrique, vélo électrique",diàndòngchē,电动车,我有一辆电动车,Wǒ yǒu yī liàng diàndòngchē,J'ai un véhicule électrique,,
HSK4,Audio,0a51e429d3e2,Drame télévisé,diànshìjù,电视剧,我喜欢看电视剧,Wǒ xǐ huān kàn diàn shì jù,J'aime regarder les drames télévisés,,
HSK4,Audio,d65284b0499c,"tomber, tomber",diào,掉,苹果从树上掉下来了,Píng guǒ cóng shù shàng diào xià lái le,La pomme est tombée de l'arbre.,,
HSK4,Audio,231d0d58a52f,enquêter,diàochá,调查,警察正在进行调查,Jǐngchá zhèngzài jìnxíng diàochá,La police est en train d'enquêter,,
HSK4,Audio,f51a436bc1da,"commander, réserver",dìng,订,我要订一张机票,Wǒ yào dìng yī zhāng jī piào,Je veux réserver un billet d'avion,,
HSK4,Audio,466f5b266bdf,"fixer, fixer, déterminer",dìng,定,今天的计划已经定,Jīn tiān de jì huà yǐ jīng dìng,Le plan pour aujourd'hui est déjà fixé,,
HSK4,Audio,b3bf71ef19d4,partie orientale,dōngbù,东部,中国的东部地区经历了快速的经济发展,Zhōngguó de dōngbù dìqū jīnglìle kuàisù de jīngjì fāzhǎn,La partie orientale de la Chine a connu un développement économique rapide,,
HSK4,Audio,fdee12d98334,train à grande vitesse,dòngchē,动车,我每天都要坐动车去学校,Wǒ měi tiān dōu yào zuò dòngchē qù xuéxiào,Je prends chaque jour le train à grande vitesse pour aller à l'école,,
HSK4,Audio,6b6f6fe7c9a1,"mouvement, action",dòngzuò,动作,他喜欢看动作片,Tā xǐ huān kàn dòngzuò piān,Il aime regarder les films d'action,,
HSK4,Audio,595c837b8a8f,lecteur,dúzhě,读者,这本书对读者很有帮助,Zhè běn shū duì dúzhě hěn yǒu bāngzhù,Ce livre est très utile pour les lecteurs,,
HSK4,Audio,03670a2c4014,embouteillage,dǔchē,堵车,今天上班路上堵车了,Jīn tiān shàng bān lù shàng dǔ chē le,"Aujourd'hui, il y a eu un embouteillage sur le chemin du travail",,
HSK4,Audio,29faf772c073,partir en vacances,dùjià,度假,我明年要度假去海边,Wǒ míng nián yào dùjià qù hǎi biān,"L'année prochaine, je vais partir en vacances à la plage",,
HSK4,Audio,1ceada0dd581,"ventre, estomac",dùzi,肚子,我的肚子疼,Wǒ de dùzi téng,J'ai mal au ventre,,
HSK4,Audio,a303a354ec0c,SMS,duǎnxìn,短信,我发了一个短信给我的朋友,Wǒ fā le yī gè duǎnxìn gěi wǒ de péng yǒu,J'ai envoyé un SMS à mon ami,,
HSK4,Audio,e020c92d91ef,"équipe, équipe, (Classificateur pour les équipes)",duì,队,足球队正在比赛,Zúqiú duì zhèngzài bǐsài,L'équipe de football est en train de jouer.,,
HSK4,Audio,698e248ced33,"l'autre partie, contrepartie",duìfāng,对方,我想知道对方的电话号码。,Wǒ xiǎng zhīdào duìfāng de diànhuà hàomǎ,Je veux connaître le numéro de téléphone de l'autre partie.,,
HSK4,Audio,cc72bcfafee9,côté opposé,duìmiàn,对面,我住在马路的对面,Wǒ zhù zài mǎlù de duìmian,J'habite de l'autre côté de la route,,
HSK4,Audio,ff63e7d0207b,"concernant, concernant",duìyú,对于,我对此问题的回答是没有问题,Wǒ duì cǐ wèntí de huí dá shì méi yǒu wèntí,Ma réponse à cette question ne pose pas de problème,,
HSK4,Audio,0927e0bb44ed,membre de l'équipe,duìyuán,队员,球队的队员非常有团队精神,Qiú duì de duìyuán fēi cháng yǒu tuánduì jīngshén,Les membres de l'équipe de football ont une très bonne mentalité d'équipe,,
HSK4,Audio,28e0efd9d209,chef d'équipe,duìzhǎng,队长,我们的队长是一个伟大的领导者,Wǒmen de duìzhǎng shì yī gè wěidà de lǐngdǎo zhě,Notre chef d'équipe est un grand leader,,
HSK4,Audio,c174c4b3e5fe,"mesurer le mot pour les repas, gronder, (faire une pause)",dùn,顿,我要顿一下吃饭,Wǒ yào dùn yī xià chī fàn,Je vais faire une pause pour manger.,,
HSK4,Audio,7cc0023e3884,"comment, alors, quoi",duōme,多么,看到這個美麗的風景，多么的感動,"Kàn dào zhè ge měilì de fēng jǐng, duōme de gǎndòng","Voir ce paysage magnifique, ce qu'il est émouvant !",,
HSK4,Audio,1cf72a52bb6a,majorité,duōshù,多数,大多数人都喜欢这种音乐,Dà duōshù rén dōu xǐ huān zhè zhǒng yīn lěi,La majorité des gens aiment ce type de musique,,
HSK4,Audio,e208f3c41dae,"divers, varié",duōyàng,多样,中国的文化非常多样,Zhōng guó de wén huà fēi cháng duō yàng,La culture chinoise est très diverse,,
HSK4,Audio,2a7946d7e58b,"mais, et, pourtant",ér,而,我想买一本书，但书店已经关门了,"Wǒ xiǎng mǎi yī běn shū, ér shū diàn yǐjīng guān mén le","Je veux acheter un livre, mais le magasin de livres est déjà fermé.",,
HSK4,Audio,f3b5bf4b146b,enfant,értóng,儿童,我们必须好好照顾儿童,Wǒmen bìxū hǎohǎo zhàogu  értóng,Nous devons prendre soin des enfants,,
HSK4,Audio,86e90098a44f,"envoyer, émettre",fāchū,发出,电视台发出一个重要公告,Diànshì tái fāchū yī gè zhòngyào gōnggào,La télévision émet un important communiqué.,,
HSK4,Audio,a58134c850d4,envoyer,fāsòng,发送,我将发送一封邮件给我的朋友,Wǒ jiāng fāsòng yī fēng yóu jiàn gěi wǒ de péng yǒu,Je vais envoyer un courriel à mon ami,,
HSK4,Audio,0c407bf51ff3,loi,fǎ,法,这是法律问题,Zhè shì fǎ lǜ wèntí,C'est une question de loi,,
HSK4,Audio,baaf7c2e9de5,loi,fǎlǜ,法律,我学的是法律,Wǒ xué de shì fǎlǜ,J'étudie le droit ou les lois,,
HSK4,Audio,55e12ac4d13e,"traduire, traduction",fānyì,翻译,这是一个翻译的例子,Zhè shì yī gè fānyì de lìzǐ,C'est un exemple de traduction,,
HSK4,Audio,fd007e435865,"ennuyé, vexé, déranger",fán,烦,他最近工作非常忙，很烦,"Tā zuìjìn gōngzuò fēicháng máng, hěn fán",Il travaille beaucoup ces derniers temps et est très ennuyé,,
HSK4,Audio,397bdbb8c438,"inquiet, affligé",fánnǎo,烦恼,最近我遇到很多问题，感觉很烦恼,"Zuìjìn wǒ yùdào hěn duō wèntí, gǎnjué hěn fánnǎo","Récemment, j'ai rencontré beaucoup de problèmes, je me sens inquiet.",,
HSK4,Audio,cf5541b88685,"s'opposer, être contre",fǎnduì,反对,我反对这种做法,Wǒ fǎnduì zhè zhòng zuòfǎ,Je suis contre cette manière de faire,,
HSK4,Audio,fb58dab57d83,"aspect, côté",fāngmiàn,方面,公司在技术方面取得了显著的进步,Gōngsī zài jìshù fāngmiàn huò dé le xiǎn zhù de jìn bù,L'entreprise a réalisé des progrès remarquables dans le domaine de la technologie.,,
HSK4,Audio,e9915f77dad6,"façon, méthode",fāngshì,方式,她学习一种新的语言和交流的方式,Tā xuéxí yī zhǒng xīn de yǔyán hé jiāo liú de fāngshì,Elle apprend une nouvelle langue et une façon de communiquer.,,
HSK4,Audio,ec046070ba13,propriétaire,fángdōng,房东,我是房东,Wǒ shì fángdōng,Je suis le propriétaire,,
HSK4,Audio,d3c0be08f40a,louer,fángzū,房租,我每个月要付房租,Wǒ měi gè yuè yào fù fángzū,Je dois payer le loyer chaque mois,,
HSK4,Audio,64a9c76cb1f9,abandonner,fàngqì,放弃,我决定放弃这份工作,Wǒ juéde fàngqì zhè fèn gōngzuò,Je décide d'abandonner ce travail,,
HSK4,Audio,2a2787cb68a2,se détendre,fàngsōng,放松,我喜欢在家里放松,Wǒ xǐ huān zài jiā lǐ fàngsōng,J'aime me détendre chez moi,,
HSK4,Audio,807ea1fdb6f3,"frais, dépenses, dépenser",fèi,费,我去北京的旅行费很高,Wǒ qù Běijīng de lǚxíng fèi hěn gāo,Le coût de mon voyage à Pékin est très élevé,,
HSK4,Audio,3071b588e030,"coût, dépense",fèiyong,费用,这次旅行的费用很高,Zhè cì lǚxíng de fèiyòng hěn gāo,Le coût de ce voyage est très élevé,,
HSK4,Audio,2ce0635f4db8,"score, note, fraction",fēnshù,分数,我的分数是90分,Wǒ de fēnshù shì jiǔ shí fēn,Mon score est de 90 points,,
HSK4,Audio,f805f2c3c962,être divisé en,fēnwéi,分为,中国有许多种菜，分为八大菜系,"Zhōng guó yǒu xǔ duō zhòng cài, fēnwéi bā dà càixì","La Chine compte de nombreuses sortes de plats, divisés en huit grandes écoles de cuisine",,
HSK4,Audio,849d6ffaecc6,"mesurer le mot pour les copies, les partages",fèn,份,一份报告,Yī fèn bào gào,Un exemplaire de rapport,,
HSK4,Audio,2cd5b6b2e7c6,"riche, abondant",fēngfù,丰富,这个国家的文化遗产非常丰富,Zhè ge guójiā de wénhuà yíchǎn fēicháng fēngfù,Ce pays a un héritage culturel très riche,,
HSK4,Audio,388374b84da0,"paysage, paysage",fēngjǐng,风景,这个公园的风景真漂亮,Gè zhè gōngyuán de fēngjǐng zhēn piào liáng,Le paysage de ce parc est vraiment beau.,,
HSK4,Audio,82ce7421ce79,"sinon, sinon",fǒuzé,否则,如果你不学习，否则你将来会后悔,"Rúguǒ nǐ bù xuéxí, fǒuzé nǐ jiānglái huì hòu huǐ","Si tu n'apprends pas, sinon tu regretteras plus tard",,
HSK4,Audio,12728b47ae17,"Classificateur pour les peintures, les photos, etc.",fú,幅,我有一幅漂亮的画,Wǒ yǒu yī fú piāoliàng de huà,J'ai une belle peinture,,
HSK4,Audio,aec3d87fc5a9,"se conformer, correspondre",fúhé,符合,这个政策能够符合大多数人的需求,Zhè ge zhèng cè néng gòu fúhé dà duō shù rén de xū qiú,Cette politique est capable de répondre aux besoins de la majorité des gens,,
HSK4,Audio,58bb0de33daf,payer,fù,付,我要付錢买书,Wǒ yào fù qián mǎi shū,Je veux payer pour acheter un livre,,
HSK4,Audio,6971ea00953a,parents,fùmǔ,父母,我爱我的父母,Wǒ ài wǒ de fùmǔ,J'aime mes parents,,
HSK4,Audio,1a9bbac58c2a,père et fille,fùnǚ,父女,她是我的父女,Tā shì wǒ de fùnǚ,"Elle est la fille de mon père (ou mon père et ma fille, selon le contexte)",,
HSK4,Audio,3bb17f6e45e3,père,fùqīn,父亲,我的父亲是一位工程师,Wǒ de fùqīn shì yī wèi gōng chéng shī,Mon père est un ingénieur,,
HSK4,Audio,640ce216555e,"photocopier, dupliquer",fùyìn,复印,我需要复印这份文件,Wǒ xūyào fùyìn zhè fèn wénjiàn,J'ai besoin de photocopier ce document,,
HSK4,Audio,08070d7acfc8,"compliqué, complexe",fùzá,复杂,这个问题很复杂,Zhè gè wèntí hěn fùzá,Ce problème est très compliqué,,
HSK4,Audio,6f87559d872e,"être responsable, responsable",fùzé,负责,我是这个项目的负责人,Wǒ shì zhè ge xiàngmù de fùzé rén,Je suis le responsable de ce projet,,
HSK4,Audio,c28afe5b06d9,responsable,fùzérén,负责人,该项目的负责人叫王先生,Gāi xiàngmù de fùzérén jiào wáng xiānshēng,Le responsable de ce projet s'appelle M. Wang,,
HSK4,Audio,8154f5bad71b,père et fils,fùzǐ,父子,父子关系很好,Fùzǐ guānxi hěn hǎo,Les relations père-fils sont excellentes,,
HSK4,Audio,39a68af8d96c,"changer, modifier",gǎi,改,我要改房子里的装饰,Wǒ yào gǎi fángzi lǐ de zhuāngshì,Je veux changer la décoration de la maison,,
HSK4,Audio,06f17b99b88f,changer,gǎibiàn,改变,新的政策将改变我们工作的方式,Xīn de zhèngcè jiāng gǎibiàn wǒmen gōngzuò de fāngshì,La nouvelle politique va changer notre façon de travailler,,
HSK4,Audio,c3ab8004c545,"porter un toast, bravo",gānbēi,干杯,我们在新年晚会上都会说干杯,Wǒmen zài xīn nián wǎnhuì shàng dū huì shuō gānbēi,"Nous dirons tous ""bravo"" lors du diner de la nouvelle année.",,
HSK4,Audio,84cb005240f7,"se dépêcher, rattraper son retard",gǎn,赶,我要赶紧去学校,Wǒ yào gǎn jǐn qù xuéxiào,Je dois me dépêcher pour aller à l'école,,
HSK4,Audio,073f7dbfba6c,oser,gǎn,敢,我敢去试一下,Wǒ gǎn qù shì yīxià,Je suis prêt à essayer,,
HSK4,Audio,3006360a43ed,"sens, sentiment, comme suffixe",gǎn,感,今天我感到很高兴,Jīn tiān wǒ gǎn dé hěn gāo xìng,"Aujourd'hui, je me sens très heureux",,
HSK4,Audio,73cd20fb865b,"ému, touché, bouger, toucher",gǎndòng,感动,看到孩子们的微笑，我感到很感动,"Kàn dào háizi men de wéi xiào, wǒ gǎn dào hěn gǎndòng",Voir les sourires des enfants me rend très ému.,,
HSK4,Audio,7908349e3767,"rapidement, promptement",gǎnjǐn,赶紧,我要赶紧完成这个项目,Wǒ yào gǎnjǐn wánchénɡ zhè ɡe xiànɡmù,Je veux terminer rapidement ce projet,,
HSK4,Audio,fd5691369268,"sentir, sentir, sentir",gǎnjué,感觉,今天我感觉很好,Jīntiān wǒ gǎnjué hěn hǎo,"Aujourd'hui, je me sens bien.",,
HSK4,Audio,de086a1cb3c2,"rapidement, d'un coup",gǎnkuài,赶快,我们赶快回家吧,Wǒmen gǎnkuài huí jiā ba,Nous allons rentrer rapidement à la maison.,,
HSK4,Audio,97fd4c53eeeb,"émotion, sentiment",gǎnqíng,感情,她对音乐有着深厚的感情,Tā duì yīnyuè yǒu zhe shēn hòu de gǎnqíng,Elle a un sentiment profond pour la musique,,
HSK4,Audio,bcf489194a0b,"toucher, bouger",gǎnrén,感人,她的一番话很感人,Tā de yì fān huà hěn gǎnrén,Ses paroles étaient très touchantes,,
HSK4,Audio,4a3763e101ac,"rattraper, suivre",gǎnshàng,赶上,我要尽快赶上朋友,Wǒ yào jǐn kuài gǎnshàng péngyou,Je veux rattraper mon ami le plus vite possible.,,
HSK4,Audio,3955f551bab3,"sentiment, expérience, ressentir",gǎnshòu,感受,我很喜欢通过音乐来表达和感受自己的情绪,Wǒ hěn xǐ huān tōng guò yīn lè lái biǎo dá hé gǎn shòu zì jǐ de qíng xù,J'aime utiliser la musique pour exprimer et ressentir mes émotions.,,
HSK4,Audio,7c9621a76ac6,remercier,gǎnxiè,感谢,我非常感谢你的帮助,Wǒ fēicháng gǎnxiè nǐ de bāngzhù,Je vous remercie énormément de votre aide,,
HSK4,Audio,e9d6abd3e664,travailler,gànhuór,干活儿,我去工厂干活儿,Wǒ qù gōngchǎng gànhuó er,Je vais travailler à l'usine,,
HSK4,Audio,014bf5888bc3,piano,gāngqín,钢琴,我会在钢琴上弹奏一首美丽的曲子,Wǒ huì zài gāngqín shàng tán zòu yī shǒu měilì de qǔzi,Je vais jouer une belle mélodie sur le piano,,
HSK4,Audio,0dbacc7ba2b2,prix élevé,gāojià,高价,这件衣服的高价吓跑了很多顾客,Zhè jiàn yīfú de gāojià xià pǎo le hěn duō gùkè,Le prix élevé de cette veste a effrayé de nombreux clients,,
HSK4,Audio,cb2d870679b3,"Gaokao, examen d'entrée à l'université",gāokǎo,高考,我高考的成绩还不错,Wǒ gāokǎo de chéngjì hái bù cuò,J'ai obtenu de bons résultats au Gaokao,,
HSK4,Audio,ba5b3e21e126,grande vitesse,gāosù,高速,高铁是中国的高速交通工具,Gāotiě shì Zhōngguó de gāosù jiāotōng gōngjù,Le train à grande vitesse est un moyen de transport à grande vitesse en Chine,,
HSK4,Audio,b8e1b4a7b6bb,haute température,gāowēn,高温,,,,,
HSK4,Audio,e99b906a38f6,"plus haut que, au-dessus",gāoyú,高于,这个山的高度高于其他山,Gāi gè shān de gāodù gāoyú qītā shān,La hauteur de cette montagne est plus haute que les autres montagnes,,
HSK4,Audio,b49b5843bcc7,bras,gēbo,胳膊,我摔断了胳膊,Wǒ shuāi duàn le gēbo,J'ai cassé le bras,,
HSK4,Audio,743970dbbd60,"son de chant, chanson",gēshēng,歌声,甜美的歌声响彻整个公园,Tián měi de gēshēng xiǎng chè zhěng gè gōng yuán,Le son de la chanson douce et mélodieuse résonne dans tout le parc,,
HSK4,Audio,7f63efc17d7e,chanteur,gēshǒu,歌手,他是著名的歌手,Tā shì zhùmíng de gēshǒu,Il est un chanteur célèbre,,
HSK4,Audio,311593270aa3,"chacun, chaque, respectivement",gè,各,各个国家都有自己的传统节日,Gè gè guójiā dōu yǒu zìjǐ de chuántǒng jiéri,Chaque pays a ses propres fêtes traditionnelles.,,
HSK4,Audio,f6a96ecd0078,divers endroits,gèdì,各地,各地的天气都不一样,Gèdì de tiānqì dōu bù yīyàng,Le temps varie selon les endroits.,,
HSK4,Audio,c8cc4dedea43,"chacun, chacun, un par un",gègè,各个,我会逐个检查各个问题,Wǒ huì zhú gè jiǎn chá gègè wèn tí,Je vais vérifier chacun des problèmes un par un.,,
HSK4,Audio,5c46c9d523ff,"tout le monde, tous (respectueux)",gèwèi,各位,各位同学早上好,Gèwèi tónghǎo zǎoshàng hǎo,Bonjour à tout le monde,,
HSK4,Audio,3cf58602b2a3,"diverses sortes, toutes sortes",gèzhǒng,各种,我喜欢尝试各种美味的中餐,Wǒ xǐ huān cháng shì gèzhǒng měi wèi de zhōng cān,J'aime essayer toutes sortes de plats chinois délicieux.,,
HSK4,Audio,82a7ff3707b1,"plus, encore plus",gèngjiā,更加,她唱得更好听,Tā chàng de gèng hǎo tīng,Elle chante encore mieux,,
HSK4,Audio,caa862403f19,usine,gōngchǎng,工厂,那家公司在市中心有一座大工厂,Nà jiā gōngsī zài shì zhōng xīn yǒu yī zuò dà gōngchǎng,Cette entreprise a une grande usine au centre-ville,,
HSK4,Audio,004feacdba63,"kung fu, compétence, effort",gōngfu,功夫,他花了很多年学习功夫,Tā huā le hěn duō nián xuéxí gōngfu,Il a passé de nombreuses années à apprendre le kung fu,,
HSK4,Audio,c38f5513d186,"public, commun",gōnggòng,公共,我们需要使用公共交通工具,Wǒmen xūyào shǐyòng gōnggòng jiāotōng gōngjù,Nous devons utiliser les transports en commun.,,
HSK4,Audio,b05352e59ad8,"devoirs, devoirs",gōngkè,功课,我要做我的功课,Wǒ yào zuò wǒ de gōngkè,Je vais faire mes devoirs,,
HSK4,Audio,39c1749c872e,kilomètre,gōnglǐ,公里,从这里到学校有五公里,Cóng zhèlǐ dào xuéxiào yǒu wǔ gōnglǐ,"De cet endroit à l'école, il y a cinq kilomètres",,
HSK4,Audio,6b8f0311e74a,"autoroute, route",gōnglù,公路,北京到上海的公路非常宽敞,Běijīng dào Shànghǎi de gōnglù fēicháng kuān kuò,La route de Pékin à Shanghai est très large.,,
HSK4,Audio,c699b9cdc9af,travailleur,gōngrén,工人,该工人是中国人,Gāi gōngrén shì Zhōngguó rén,Le travailleur est Chinois,,
HSK4,Audio,111f4de10aa3,"salaire, salaire",gōngzī,工资,我的工资比较高,Wǒ de gōngzī bǐjiào gāo,Mon salaire est relativement élevé,,
HSK4,Audio,ed845a3a6055,"ensemble, au total",gòng,共,我们一起合作共完成了这个项目,Wǒmen yīqǐ hézuò gòng wánchénge le zhège xiàngmù,Nous avons travaillé ensemble et réalisé ce projet ensemble,,
HSK4,Audio,494a03b1ae2b,"commun, commun",gòngtóng,共同,我们共同努力实现目标,Wǒmen gòngtóng nǔlì shíxiàn mùbiāo,Nous travaillons ensemble pour atteindre notre objectif,,
HSK4,Audio,4b9be1907bfb,"assez, suffisamment",gòu,够,我有100块钱就够了,Wǒ yǒu 100 kuài qián jiù gòu le,"J'ai 100 blocs d'argent, c'est assez, ça suffit.",,
HSK4,Audio,46ca3b536ce2,acheter,gòumǎi,购买,我想去商店购买新手机,Wǒ xiǎng qù shāngdiàn gòumǎi xīn shǒujī,Je veux aller au magasin acheter un nouveau téléphone.,,
HSK4,Audio,2409737b57d4,faire du shopping,gòuwù,购物,星期六我会去购物,Xīngqī liù wǒ huì qù gòuwù,"Le samedi, j'irai faire du shopping",,
HSK4,Audio,7985e996519c,"estimer, deviner",gūjì,估计,我估计他明天会来,Wǒ gūjì tā míngtiān huì lái,Je suppose qu'il viendra demain,,
HSK4,Audio,935ffc6aa0bd,fille,gūniang,姑娘,那个漂亮的姑娘是我的朋友,Nà ge piǎoliang de gūniang shì wǒ de pēngyou,Cette jolie fille est mon amie,,
HSK4,Audio,81b00d154188,encourager,gǔlì,鼓励,老板对员工说：你们做得很好，我很想鼓励你,"Lǎobǎn duì yuángōng shuō: Nǐmen zuòde hěn hǎo, wǒ hěn xiǎng gǔlì nǐ","Le patron dit à l'employé : Vous faites très bien, je veux vous encourager.",,
HSK4,Audio,3dc231a85312,client,gùkè,顾客,我们非常重视每一位顾客的需求,Wǒmen fēicháng zhòngshì měi yī wèi gùkè de xūqiú,Nous accordons une grande importance aux besoins de chaque client.,,
HSK4,Audio,899799ee7f0b,"délibérément, exprès",gùyì,故意,我故意把门锁上了,Wǒ gùyì bǎ mén suǒ shàng le,J'ai délibérément fermé la porte à clé.,,
HSK4,Audio,e04f44c0374d,"pendre, suspendre",guà,挂,照片挂在墙上,Zuò zhè guà zài qiáng shàng,La photo est accrochée au mur,,
HSK4,Audio,def3717096fa,"point crucial, clé, crucial",guānjiàn,关键,了解这个问题的关键是找到解决方案,Liǎo jiě zhè ge wèn tí de guānjiàn shì zhǎo dào jiě jué fāng àn,Comprendre le point crucial de ce problème est de trouver une solution.,,
HSK4,Audio,c57b5b81d405,"regarder, voir",guānkàn,观看,我喜欢观看电影,Wǒ xǐ huān guānkàn diànyǐng,J'aime regarder des films,,
HSK4,Audio,4d05673aedcb,public,guānzhòng,观众,,,,,
HSK4,Audio,c42f918426c2,"contrôler, gérer, (tuyau, tube, Classificateur pour les objets tubulaires)",guǎn,管,公司要管好员工的表现,Gōngsī yào guǎn hǎo yuángōng de biǎoxiàn,L'entreprise doit gérer les performances de ses employés,,
HSK4,Audio,2b11106c69da,gérer,guǎnlǐ,管理,公司需要有人管理,Gōngsī xūyào yǒurén guǎnlǐ,L'entreprise a besoin de quelqu'un pour gérer.,,
HSK4,Audio,902856516351,"léger, lisse, brillant, nu, exposé, seulement, simplement",guāng,光,她只是一个光明磊落的人,Tā zhǐ shì yī gè guāng míng lěi luò de rén,Elle est simplement une personne honnête et droite.,,
HSK4,Audio,22d0733f0cf8,"diffusion, émission de radio, émission de radio",guǎngbō,广播,我喜欢收听广播,Wǒ xǐ huān shōu tīng guǎngbō,J'aime écouter la radio.,,
HSK4,Audio,2418ba94b2e7,publicité,guǎnggào,广告,电视台播放了很多广告,Diànshìtái bō fàng le hěn duō guǎnggào,La télévision diffuse beaucoup de publicités,,
HSK4,Audio,b159fb61d4af,"flâner, flâner, parcourir, magasiner",guàng,逛,我喜欢周末逛街,Wǒ xǐ huān zhōu mò guàng jiē,J'aime flâner dans les rues le week-end,,
HSK4,Audio,f38b9204f4b7,"stipuler, fixer des règles, réglementer, règle",guīdìng,规定,公司有规定员工必须按时上下班,Gōngsī yǒu guīdìng yuángōng bìxū ànshí shàng xià bān,L'entreprise a une règle qui oblige les employés à arriver et à partir au bon moment.,,
HSK4,Audio,3b324fc75a3c,nationalité,guójí,国籍,我的国籍是中国,Wǒ de guójí shì zhōng guó,Ma nationalité est chinoise,,
HSK4,Audio,8d56c62f95ee,"internationale, mondiale",guójì,国际,中国是一个国际大国,Zhōngguó shì yī gè guójì dàguó,La Chine est un pays international majeur,,
HSK4,Audio,7f8610417147,jus de fruit,guǒzhī,果汁,我最喜欢喝苹果的果汁,Wǒ zuì xǐ huān hē píng guǒ de guǒzhī,J'aime boire le jus de pomme.,,
HSK4,Audio,abc981fd54ad,processus,guòchéng,过程,整个项目的过程非常复杂,Zhěng gè xiàngmù de guòchéng hěn fùzá,Le processus de tout le projet est très complexe,,
HSK4,Audio,dc116876cb83,"océan, mer",hǎiyáng,海洋,我喜欢在海洋中游泳,Wǒ xǐ huān zài hǎiyáng zhōng yóu yǒng,J'aime nager dans l'océan,,
HSK4,Audio,d1126dcd0622,"timide, pudique",hàixiū,害羞,她是一个害羞的女孩,Tā shì yī gè hàixiū de nǚhái,Elle est une fille timide.,,
HSK4,Audio,9ecf71268247,les vacances d'hiver,hánjià,寒假,我在 寒假 期间 去 了 北京,Wǒ zài hánjià qījiān qù le Běijīng,Je suis allé à Pékin pendant les vacances d'hiver,,
HSK4,Audio,95d30fb21d5d,"froid, glacial, glacial",hánlěng,寒冷,,,,,
HSK4,Audio,d1b4ec0686c9,crier,hǎn,喊,小孩在街上喊妈妈,Xiǎo hái zài jiē shàng hǎn māma,"L'enfant crie ""maman"" dans la rue",,
HSK4,Audio,943d5ddb9112,transpirer,hàn,汗,今天天气很热，我出了很多汗,"Jīn tiān tiān qì hěn rè, wǒ chū le hěn duō hàn","Aujourd'hui, il fait très chaud, je transpire beaucoup",,
HSK4,Audio,79a9e4b9c10a,vol,hángbān,航班,今天的航班延迟了,Jīn tiān de hángbān jiān chí le,Le vol d'aujourd'hui a été retardé,,
HSK4,Audio,2b4313c6dc58,avantage,hǎochù,好处,我觉得学习外语有很多好处,Wǒ juéde xuéxí wàiyǔ yǒu hěn duō hǎochù,Je pense que l'apprentissage d'une langue étrangère a de nombreux avantages,,
HSK4,Audio,a49f653f4fe9,"bon, gentil, convenable, eh bien, à fond",hǎohǎo,好好,我会好好学习,Wǒ huì hǎohǎo xuéxí,Je vais bien étudier,,
HSK4,Audio,33677177ea4d,"drôle, ridicule",hǎoxiào,好笑,他讲的笑话真的很好笑,Tā jiǎng de xiàohuà zhēn de hěn hǎoxiào,Ses blagues sont vraiment drôles,,
HSK4,Audio,bd5b7eb3a198,qualifié,hégé,合格,她通过考试是合格的,Tā tōngguò kǎoshì shì hégé de,Elle est qualifiée car elle a réussi l'examen,,
HSK4,Audio,1ac1d51f206b,boîte,hézi,盒子,我有一盒子苹果,Wǒ yǒu yī hézi píngguǒ,J'ai une boîte de pommes,,
HSK4,Audio,2c2d1d7b4f98,"enveloppe rouge, paquet rouge",hóngbāo,红包,我收到一个红包,Wǒ shōu dào yī gè hóngbāo,J'ai reçu une enveloppe rouge.,,
HSK4,Audio,21ffd51a710c,épais,hòu,厚,这块墙特别厚,Zhè kuài qiáng tè bié hòu,Ce mur est particulièrement épais,,
HSK4,Audio,52d59c195396,regret,hòuhuǐ,后悔,如果我当时认真学习，我就不会后悔,"Rú guǒ wǒ dāng shí rèn zhēn xué xí, wǒ jiù bú huì hòu huǐ","Si j'avais étudié sérieusement à ce moment-là, je ne regretterais pas",,
HSK4,Audio,944f100c4101,soudainement,hūrán,忽然,我走在路上，忽然下起了大雨,"Wǒ zǒu zài lù shang, hūrán xià qǐ le dà yǔ","Je marchais dans la rue, et soudainement, il a commencé à pleuvoir abondamment.",,
HSK4,Audio,09f2ae795dde,Internet,hùliánwǎng,互联网,我喜欢使用互联网浏览新闻,Wǒ xǐ huān shǐ yòng hùliánwǎng liú lǎn xīn wén,J'aime utiliser Internet pour parcourir les actualités,,
HSK4,Audio,cf5f2eb36529,infirmière,hùshi,护士,她是一名护士,Tā shì yī míng hùshì,Elle est infirmière.,,
HSK4,Audio,c9476fa78ded,l'un l'autre,hùxiāng,互相,他们互相帮助,Tāmen hùxiāng bāngzhù,Ils s'entraident l'un l'autre.,,
HSK4,Audio,9697bfc7e40d,drame,huàjù,话剧,我非常喜欢看话剧,Wǒ fēicháng xǐhuān kàn huàjù,J'adore regarder les drames.,,
HSK4,Audio,349764837168,doute,huáiyí,怀疑,我对他的话有点怀疑,Wǒ duì tā de huà yǒu diǎn huáiyí,Je doute un peu de ce qu'il dit,,
HSK4,Audio,ce1465e913b4,"désavantage, préjudice",huàichù,坏处,买这辆车的坏处是它很耗油,Mǎi zhè liàng chē de huàichù shì tā hěn hào yóu,Le désavantage d'acheter cette voiture est qu'elle consomme beaucoup d'essence,,
HSK4,Audio,cd3f97a3f4b0,"protection de l'environnement, respectueux de l'environnement",huánbǎo,环保,我们应该选择有利于环保的交通方式,Wǒmen yīnggāi xuǎnzě yǒulì yú huánbǎo de jiāotōng fāngshì,Nous devrions choisir un moyen de transport respectueux de l'environnement.,,
HSK4,Audio,9c702a53bc38,"transfert, changement",huànchéng,换乘,为了方便出行，我会在市中心进行换乘,"Wèi le fāng biàn chūxíng, wǒ huì zài shì zhōng xīn jìnxíng huànchéng","Pour faciliter les déplacements, je vais effectuer un transfert au centre-ville.",,
HSK4,Audio,3caff6271afd,répondre,huífù,回复,我会尽快回复你的问题,Wǒ huì jǐn kuài huífù nǐ de wèntí,Je vais répondre à votre question dès que possible,,
HSK4,Audio,95e2dee97669,"réponse à une lettre, lettre de réponse, réponse",huíxìn,回信,我已经写好了回信,Wǒ yǐjīng xiě hǎo le huíxìn,J'ai déjà écrit la réponse à la lettre.,,
HSK4,Audio,7d34d5855fb2,mémoire,huíyì,回忆,她喜欢回忆童年时的快乐,Tā xǐ huān huíyì tóngnián de kuàilè,Elle aime se souvenir de ses années d'enfance heureuses,,
HSK4,Audio,5637eede9bf6,adhésion,huìyuán,会员,我是公司的会员,Wǒ shì gōngsī de huìyuán,Je suis un membre de l'entreprise,,
HSK4,Audio,a23cd8c4a200,"vivre, vivant, vivant, flexible, travail, emploi",huó,活,我在这里找到了一个新工作，我的生活现在变得更加活跃。,"Wǒ zài zhèlǐ zhǎo dàole yī gè xīn de gōngzuò, wǒ de shēng huó xiàn zài biàn de gèng jiā huó","J'ai trouvé un nouvel emploi ici, ma vie est maintenant plus vivante.",,
HSK4,Audio,52584e2d5c55,"bouger, faire de l'exercice, être actif, activité, événement",huódòng,活动,今天我们将举办一项有趣的活动,Jīntiān wǒmen jiāng jǔbàn yī xiàng yǒu qù de huódòng,"Aujourd'hui, nous allons organiser une activité amusante",,
HSK4,Audio,db12aa6cbd3a,vivant,huópō,活泼,她是一个活泼的女孩,Tā shì yī gè huópō de nǚhái,Elle est une fille vivante,,
HSK4,Audio,e61884e42c72,"feu, urgent, populaire, chaud",huǒ,火,今天的天气非常火,Jīn tiān de tiān qì fēi cháng huǒ,Le temps est très chaud aujourd'hui,,
HSK4,Audio,ef62a056ad43,"biens, marchandises, argent",huò,货,我卖的货很贵,Wǒ mài de huò hěn guì,Les marchandises que je vends sont très chères,,
HSK4,Audio,4b3b7e20eaf0,obtenir,huòdé,获得,我已经获得了奖学金,Wǒ yǐjīng huòdé le jiǎng xué jīn,J'ai déjà obtenu la bourse d'études,,
HSK4,Audio,4ad1c2566c1b,"gagner un prix, recevoir un prix",huòjiǎng,获奖,她获得了_best_actress的获奖,Tā huò le best_actress de huòjiǎng,Elle a gagné le prix de la meilleure actrice,,
HSK4,Audio,a9178bb0d8ec,"gain, obtain",huòqǔ,获取,我需要获取更多信息,Wǒ xūyào huòqǔ gèng duō xìnxī,J'ai besoin d'obtenir plus d'informations,,
HSK4,Audio,45a4e434d40d,"basique, fondamental, fondamentalement, essentiellement",jīběn,基本,这是一个基本的问题,Zhè shì yī gè jīběn de wèntí,C'est une question fondamentale,,
HSK4,Audio,00e3cb38192d,essentiellement,jīběnshàng,基本上,基本上我是学生,Jīběnshàng wǒ shì xuésheng,"Essentiellement, je suis un étudiant",,
HSK4,Audio,ce102568764b,les bases,jīchǔ,基础,中国的教育以基础为主,Zhōngguó de jiàoyù yǐ jīchǔ wèi zhǔ,L'éducation en Chine est basée sur les bases.,,
HSK4,Audio,177290880423,"excité, agité, exciter, émouvoir (émotionnellement)",jīdòng,激动,看到演唱会的海报我感到十分激动,Kàndào yǎnchàng huì de hǎitiē wǒ gǎndào shífēn jīdòng,"En voyant l'affiche du concert, je me sens très excité",,
HSK4,Audio,1d51f808f591,positif,jījí,积极,他是一个积极的人,Tā shì yī gè jījí de rén,Il est une personne positive,,
HSK4,Audio,e2475652445b,"accumuler, accumuler",jīlěi,积累,通过不断的学习，我积累了很多知识,"Tòu guò bú duàn de xué xí, wǒ jī lěi le hěn duō zhī shi","Grâce à une étude constante, j'ai accumulé beaucoup de connaissances",,
HSK4,Audio,d42d68773774,"en temps opportun, prompt, sans délai, promptement",jíshí,及时,我会及时完成作业,Wǒ huì jíshí wánchéng zuòyè,Je vais finir mes devoirs en temps opportun,,
HSK4,Audio,383322b995a8,même si,jíshǐ,即使,我即使很累也会去看电影,Wǒ jíshǐ hěn lèi yě huì qù kàn diànyǐng,"Même si je suis très fatigué, j'irai voir un film.",,
HSK4,Audio,1709c68b17a8,"déjà, puisque, les deux… et…",jì,既,我既喜欢读书又喜欢运动,Wǒ jì xǐhuān dúshū yòu xǐhuān yùndòng,Je aime à la fois lire et faire du sport,,
HSK4,Audio,b800a144b8a5,envoyer,jì,寄,我要寄一封信给朋友,Wǒ yào jì yī fēng xìn gěi péng yǒu,Je veux envoyer une lettre à mon ami,,
HSK4,Audio,2f373e22d9bc,"planifier, projeter, planifier, tracer",jìhuà,计划,我有一个旅行计划,Wǒ yǒu yī gè lǚxíng jìhuà,J'ai un plan de voyage,,
HSK4,Audio,dd0892f3e90f,depuis,jìrán,既然,既然我已经学习了十年了,Jìrán wǒ yǐjīng xuéxí le shí nián le,Puisque j'ai déjà étudié pendant dix ans,,
HSK4,Audio,58e4baf7a36e,technologie,jìshù,技术,公司的技术非常先进,Gōngsī de jìshù fēicháng xiānjin,La technologie de l'entreprise est très avancée,,
HSK4,Audio,cd38211d8e43,continuer,jìxù,继续,我们会继续学习中文,Wǒmen huì jìxù xuéxí zhōngwén,Nous allons continuer à étudier le chinois,,
HSK4,Audio,9b9df4e40d0a,journaliste,jìzhě,记者,他是著名的记者,Tā shì zhùmíng de jìzhě,Il est un journaliste célèbre,,
HSK4,Audio,4b40f75ebb89,faire des heures supplémentaires,jiābān,加班,我经常因为工作而加班,Wǒ jīngcháng yīnwèi gōngzuò ér jiābān,Je fais souvent des heures supplémentaires à cause du travail,,
HSK4,Audio,589e980a173d,meubles,jiājù,家具,我的家具很漂亮,Wǒ de jiājù hěn piào liang,Mes meubles sont très beaux,,
HSK4,Audio,07e3c8077e2c,"accélérer, accélérer",jiākuài,加快,我们需要加快生产速度,Wǒmen xūyào jiākuài shēngchǎn sùdù,Nous devons accélérer la vitesse de production,,
HSK4,Audio,5720d1894534,"renforcer, renforcer",jiāqiáng,加强,我们需要加强我们的团队合作,Wǒmen xūyào jiāqiáng wǒmen de tuántī hézuò,Nous devons renforcer notre coopération d'équipe,,
HSK4,Audio,cd985dc27cd1,"ajouter, mélanger, rejoindre, devenir membre",jiārù,加入,我决定加入公司,Wǒ jué dìng jiārù gōng sī,J'ai décidé de rejoindre l'entreprise,,
HSK4,Audio,052d25b82705,"plus, ajouter, avec l'ajout de",jiāshàng,加上,,,,,
HSK4,Audio,820bbc1d7f9e,famille,jiātíng,家庭,我的家庭很幸福,Wǒ de jiātíng hěn xìngfú,Ma famille est très heureuse,,
HSK4,Audio,21ea5feb484d,ville natale,jiāxiāng,家乡,我来自家乡,Wǒ lái zì jiāxiāng,Je viens de ma ville natale,,
HSK4,Audio,69b01b7b9980,"faire le plein d'huile, faire le plein, faire un effort total",jiāyóu,加油,现在大家都在为中国队加油,Xiàn zài dàjiā dōu zài wèi zhōngguó duì jiāyóu,Maintenant tout le monde encourage l'équipe chinoise,,
HSK4,Audio,8325a9b257ab,station service,jiāyóuzhàn,加油站,我去加油站加油,Wǒ qù jiāyóuzhàn jiā yóu,Je vais à la station service pour faire le plein d'essence,,
HSK4,Audio,efcd79aad2ab,"parent, chef de famille",jiāzhǎng,家长,我是一个家长,Wǒ shì yī gè jiāzhǎng,Je suis un parent.,,
HSK4,Audio,2f8b042316ea,"faux, faux",jiǎ,假,这是假货,Zhè shì jiǎ huò,C'est un produit faux,,
HSK4,Audio,c6d86e86b9ee,prix,jiàgé,价格,这个商品的价格很高,Gè zhè shāngpǐn de jiàgé hěn gāo,Le prix de cet article est très élevé,,
HSK4,Audio,e3c5e96fdc3c,prix,jiàqián,价钱,这个商品的价钱很贵,Gè zhè shāngpǐn de jiàqián hěn guì,Le prix de cet article est très élevé,,
HSK4,Audio,66af812fb3df,"vacances, jour de congé, vacances",jiàrì,假日,我喜欢在假日去旅游,Wǒ xǐ huān zài jiàrì qù lǔ yóu,J'aime voyager pendant les vacances.,,
HSK4,Audio,5ba57bc8e9b2,"réduire, diminuer, soustraire",jiǎn,减,公司将减少员工人数,Gōngsī jiāng jiǎn shǎo yuángōng rénshù,L'entreprise réduira le nombre d'employés,,
HSK4,Audio,f39dfddf60ee,"alléger, alléger, soulager",jiǎnqīng,减轻,他们的帮助可以减轻我们的负担,Tāmen de bāngzhù kěyǐ jiǎnqīng wǒmen de fùdān,Leur aide peut alléger notre fardeau,,
HSK4,Audio,f77a79bb1708,"réduire, diminuer, réduire",jiǎnshǎo,减少,,,,,
HSK4,Audio,a336eb9c6096,"faire de l'exercice, s'entraîner, rester en forme",jiànshēn,健身,我每天早上都去健身,Wǒ měi tiān zǎo shàng dū qù jiànshēn,Je vais faire de l'exercice tous les matins.,,
HSK4,Audio,4f5892ba7e20,salle de sport,jiànshēnfáng,健身房,我每天早上去健身房锻炼,Wǒ měi tiān zǎo shàng qù jiànshēnfáng duàn liàn,Je vais à la salle de sport tous les matins pour faire de l'exercice,,
HSK4,Audio,3206af06988e,"suggérer, proposer, suggestion, proposition",jiànyì,建议,我对这个项目有一个建议,Wǒ duì zhè ge xiàngmù yǒu yī gè jiànyì,J'ai une proposition pour ce projet,,
HSK4,Audio,7860e1a29cd6,rivière,jiāng,江,长江是中国最长的江,Cháng jiāng shì Zhōngguó zuì cháng de jiāng,Le Yangtsé est la rivière la plus longue de Chine,,
HSK4,Audio,aaa1c9df5f5b,"avec, par (présente l'objet), sera, sera, sur le point de",jiāng,将,我将去中国,Wǒ jiāng qù zhōng guó,Je vais aller en Chine,,
HSK4,Audio,25c47dd53332,avenir,jiānglái,将来,我相信将来会更好,Wǒ xiāng xìn jiānglái huì gèng hǎo,Je crois que l'avenir sera meilleur.,,
HSK4,Audio,2a762c63af30,"sera, va, sera sur le point de",jiāngyào,将要,明天我将要去学校,Míngtiān wǒ jiāngyào qù xuéxiào,"Demain, je vais aller à l'école",,
HSK4,Audio,1dcb60a29753,"prix, prix, récompense, récompenser, récompenser",jiǎng,奖,她获得了一份特殊的奖,Tā huò dé le yī fèn tè bié de jiǎng,Elle a reçu un prix spécial.,,
HSK4,Audio,34c2aaa9e802,"bonus, prix en argent, récompense en espèces",jiǎngjīn,奖金,我获得了比赛的奖金,Wǒ huò dé le bǐsài de jiǎngjīn,J'ai gagné le prix en argent du concours,,
HSK4,Audio,2548a7c900dd,"bourse, bourse",jiǎngxuéjīn,奖学金,我申请了大学的奖学金,Wǒ shēnqǐng le dàxué de jiǎngxuéjīn,J'ai demandé une bourse d'études à l'université,,
HSK4,Audio,644879672280,"tomber, tomber, descendre, s'abaisser",jiàng,降,温度会降到零度,Wēndù huì jiàng dào líng dù,La température va descendre à zéro degré,,
HSK4,Audio,3c7b46f7d4db,"réduire, abaisser, faire baisser",jiàngdī,降低,为了降低成本，我们不得不减少员工数量,"Wèi le jiàngdī chéngběn, wǒmen débù dé jiǎn shǎo yuángōng shùliàng","Pour réduire les coûts, nous devons réduire le nombre d'employés",,
HSK4,Audio,ff2b9b29e56a,faire baisser les prix,jiàngjià,降价,公司决定降价以增加销量,Gōngsī juédìng jiàngjià yǐ zēngjiā xiāoliàng,L'entreprise a décidé de baisser les prix pour augmenter les ventes,,
HSK4,Audio,bdd4027f135f,"descendre, atterrir, atterrir",jiàngluò,降落,飞机正在机场降落,Fēijī zhèngzài jīchǎng jiàngluò,L'avion est en train d'atterrir à l'aéroport,,
HSK4,Audio,1d4352d743b9,"refroidir, baisser la température",jiàngwēn,降温,今天天气会降温,Jīntiān tiānqì huì jiàngwēn,"Aujourd'hui, le temps va refroidir.",,
HSK4,Audio,79e55487d44e,"remettre, soumettre, se faire des amis, ami, relation",jiāo,交,我交了一个新朋友,Wǒ jiāo le yī gè xīn péng yǒu,J'ai fait un nouvel ami,,
HSK4,Audio,2980f903061d,"fier, arrogant, fierté, arrogance",jiāo'ào,骄傲,我为我的成就感到骄傲,Wǒ wèi wǒ de chéngjiù gǎndào jiāo'ào,Je suis fier de mes réalisations,,
HSK4,Audio,bd85a7715520,police de la circulation,jiāojǐng,交警,路上的交警正在指挥交通,Lù shàng de jiāojǐng zhèngzài zhǐhuī jiāotōng,Le policier de la circulation dans la rue est en train de diriger la circulation.,,
HSK4,Audio,3b403575acff,communiquer,jiāoliú,交流,我们需要通过交流来了解彼此,Wǒmen xūyào tōngguò jiāoliú lái liǎojiě bǐcǐ,Nous devons communiquer pour nous comprendre mutuellement,,
HSK4,Audio,6509a8870cb2,banlieue,jiāoqū,郊区,我住在城市的郊区,Wǒ zhù zài chéngshì de jiāoqū,J'habite dans la banlieue de la ville,,
HSK4,Audio,df646084a80a,trafic,jiāotōng,交通,北京的交通很方便,Běijīng de jiāotōng hěn fāngbiàn,Le trafic à Pékin est très pratique,,
HSK4,Audio,b52c95036705,entraîneur,jiàoliàn,教练,足球教练对我们进行严格的训练,Zúqiú jiàoliàn duì wǒmen jìnxíng yán gé de xùn liàn,L'entraîneur de football nous soumet à un entraînement rigoureux,,
HSK4,Audio,935e4ebbf4fc,professeur,jiàoshī,教师,我的老师是位好教师,Wǒ de lǎoshī shì wèi hǎo jiàoshī,Mon professeur est un excellent enseignant,,
HSK4,Audio,6dce518c3490,professeur,jiàoshòu,教授,我的教授叫王老师,Wǒ de jiàoshòu jiào wáng lǎoshī,Mon professeur s'appelle professeur Wang,,
HSK4,Audio,b45d1c6455e2,enseigner,jiàoxué,教学,老师正在进行教学活动,Lǎoshī zhèngzài jìnxíng jiàoxué huódòng,L'enseignant est en train de mener l'activité d'enseignement.,,
HSK4,Audio,1ea5c30e3aaa,"éducation, éduquer",jiàoyù,教育,中国非常重视教育,Zhōngguó fēicháng zhòngshì jiàoyù,La Chine attache une grande importance à l'éducation,,
HSK4,Audio,42db71228d5a,"être appelé, être connu comme",jiàozuò,叫作,这个城市叫作巴黎,Gè zhè chéngshì jiàozuò Bālí,Cette ville s'appelle Paris,,
HSK4,Audio,f3c6810ba6e8,rue,jiēdào,街道,我住在这条街道上,Wǒ zhù zài zhè tiáo jiēdào shàng,J'habite dans cette rue,,
HSK4,Audio,8edcd3af3dad,accepter,jiēshòu,接受,我接受了他们的邀请,Wǒ jiēshòu le tāmen de yāoqǐng,J'ai accepté leur invitation,,
HSK4,Audio,146044a8ad8a,"continuer, suivre, alors, ensuite",jiēzhe,接着,我接着去公园玩,Wǒ jiēzhe qù gōngyuán wán,"Ensuite, je vais jouer au parc",,
HSK4,Audio,b35762a9c7d8,"résultat, résultat, en conséquence, par conséquent",jiéguǒ,结果,实验的结果是正确的,Shíyàn de jiéguǒ shì zhèngquè de,Le résultat de l'expérience est correct.,,
HSK4,Audio,cf48f4e15eb2,"festivals et jours fériés, période des fêtes",jiéjiàrì,节假日,我喜欢在节假日去旅行,Wǒ xǐ huān zài jiéjiàrì qù lǔ xíng,J'aime voyager pendant les festivals et les jours fériés,,
HSK4,Audio,e9325059ec04,"épargner, économiser, conserver",jiéyuē,节约,我们要节约用水,Wǒmen yào jiéyuē yòng shuǐ,Nous devons économiser l'eau.,,
HSK4,Audio,f9cb2fb24231,"payer la facture, régler un compte",jiézhàng,结账,我要去结账,Wǒ yào qù jiézhàng,Je vais payer la facture,,
HSK4,Audio,2c4a6cce1b5f,"expliquer, interpréter",jiěshì,解释,老师会解释这个问题,Lǎoshī huì jiěshì zhè ge wèn tí,L'enseignant va expliquer ce problème,,
HSK4,Audio,e9e1a15750c2,"à partir de maintenant, dans le futur",jīnhòu,今后,,,,,
HSK4,Audio,7279bacd0c26,"seulement, simplement, uniquement",jǐn,仅,我只喜欢吃苹果,Wǒ zhǐ xǐ huān chī píng guǒ,Je n'aime manger que des pommes,,
HSK4,Audio,2cf586cb5e9e,"n'hésitez pas à le faire, même si, même si",jǐnguǎn,尽管,尽管下雨，我们还是去了公园,"Jǐnguǎn xià yǔ, wǒmen háishì qùle gōngyuán","Même si il pleuvait, nous sommes allés au parc",,
HSK4,Audio,4c07eece2f92,"seulement, simplement, à peine, simplement",jǐnjǐn,仅仅,我今天仅仅睡了五个小时,Wǒ jīntiān jǐnjǐn shuì le wǔ gè xiǎoshí,J'ai dormi seulement cinq heures aujourd'hui,,
HSK4,Audio,8eac10f3b5bd,"nerveux, tendu, tendu, en pénurie",jǐnzhāng,紧张,今天的考试让我感到很紧张,Jīn tiān de kǎo shì ràng wǒ gǎn dào hěn jǐn zhāng,L'examen d'aujourd'hui me rend très nerveux.,,
HSK4,Audio,7475898d602b,"entrer, accéder, être admis",jìnrù,进入,我已经进入大学,Wǒ yǐjīng jìnrù dàxué,Je suis déjà entré à l'université,,
HSK4,Audio,d82f86dd1ce5,"exécuter, conduire, procéder",jìnxíng,进行,会议正在进行中,Huìyì zhèngzài jìnxíng zhōng,La réunion est en cours d'exécution,,
HSK4,Audio,d92bbe65fc27,"interdire, interdire, interdire",jìnzhǐ,禁止,政府禁止在公共场所吸烟,Zhèngfǔ jìnzhǐ zài gōnggòng chǎngsuǒ xīyān,Le gouvernement interdit de fumer dans les lieux publics,,
HSK4,Audio,2bdfb4a8d5e4,"brillant, splendide, merveilleux, passionnant",jīngcǎi,精彩,这场音乐会非常精彩,Zhè chǎng yīnyuè huì hěn jīngcǎi,Ce concert de musique est vraiment splendide,,
HSK4,Audio,034a60d1dd4f,"économie, économie, économique, abordable",jīngjì,经济,中国的经济正在快速发展,Zhōngguó de jīngjì zhèngzài kuài sù fāzhǎn,L'économie de la Chine est en développement rapide,,
HSK4,Audio,58e19aedd47a,Opéra de Pékin,jīngjù,京剧,我喜欢看京剧,Wǒ xǐhuān kàn jīngjù,J'aime regarder l'Opéra de Pékin,,
HSK4,Audio,071783dca8a2,"expérimenter, traverser, expérimenter, passé",jīnglì,经历,我在法国经历了很多难忘的时刻,Wǒ zài fǎguó jīnglì le hěn duō nán wàng de shí kè,J'ai vécu beaucoup de moments inoubliables en France,,
HSK4,Audio,db3eb84bc20d,expérience,jīngyàn,经验,我有丰富的工作经验,Wǒ yǒu fēngfù de gōngzuò jīngyàn,J'ai une grande expérience de travail,,
HSK4,Audio,1a2c8c11a4ec,police,jǐngchá,警察,警察来了,Jǐngchá láile,La police est arrivée,,
HSK4,Audio,4a4c40c52795,"endroit pittoresque, attraction touristique",jǐngdiǎn,景点,深圳是一个非常热门的景点,Shēn zhèn shì yī gè hěn ré mén de jǐng diǎn,Shenzhen est une attraction touristique très populaire,,
HSK4,Audio,047d9c9f9f6f,"zone pittoresque, zone d'attraction touristique",jǐngqū,景区,黄山风景区很漂亮,Huáng shān jǐngqū hěn piàoliang,La zone pittoresque du mont Huangshan est très belle,,
HSK4,Audio,898c430a66af,paysage,jǐngsè,景色,这里的景色真美,Zhèlǐ de jǐngsè zhēn měi,Le paysage est vraiment beau ici,,
HSK4,Audio,4e25c70658a6,de façon inattendue,jìngrán,竟然,他竟然能说一口流利的法语,Tā jìngrán néng shuō yì kǒu liúlì de fǎyǔ,Il parle français de façon inattendue avec une grande fluidité,,
HSK4,Audio,9ebd8e75db4a,rivaliser,jìngzhēng,竞争,他们之间存在着激烈的竞争,Tāmen zhī jiān cúnzài zhe jīliè de jìngzhēng,Il existe une forte rivalité entre eux,,
HSK4,Audio,940c926666fc,miroir,jìngzi,镜子,我每天早上都要照镜子,Wǒ měi tiān zǎo shang dōu yào zhào jìngzi,Je me regarde dans le miroir tous les matins,,
HSK4,Audio,231d8d63427b,"en fait, exactement, après tout, le résultat",jiūjìng,究竟,经过这么多年的努力，我还是没能找到工作，我究竟该怎么办,"Jīngguò zhème duō nián de nǔlì, wǒ háishì méiyǒu néng gòu zhǎo dào gōngzuò, wǒ jiūjìng gāi zěnme bàn","Après autant d'années d'efforts, je n'ai toujours pas pu trouver un emploi, qu'est-ce que je vais faire exactement ?",,
HSK4,Audio,3a5f3f45ced0,"précisément, exactement, seulement, simplement, même si",jiùshì,就是,我就是不喜欢吃西兰花,Wǒ jiùshì bù xǐhuān chī xīlánhuā,Je n'aime tout simplement pas manger les brocolis,,
HSK4,Audio,41e6d5c7ac36,"élever, soulever, tenir (un événement), donner (un exemple)",jǔ,举,他举办了一场音乐会,Tā jǔbàn le yī chǎng yīnyuè huì,Il a organisé un concert,,
HSK4,Audio,8da89ac379e9,"tenir, accueillir, organiser (un événement)",jǔbàn,举办,中国政府将举办一个大型文化活动,Zhōngguó zhèngfǔ jiāng jǔbàn yī gè dàxíng wénhuà huódòng,Le gouvernement chinois organisera un grand événement culturel.,,
HSK4,Audio,d9e161046a15,pour donner un exemple,jǔlì,举例,为了举例说明这个问题，举例来说就是这样,"Wèi le jǔlì shuō míng zhè ge wèn tí, jǔlì lái shuō jiù shì zhè yàng","Pour illustrer ce problème, pour donner un exemple, c'est ainsi.",,
HSK4,Audio,77f7b8942db3,"tenir, convoquer (une cérémonie, une réunion, un événement)",jǔxíng,举行,大学将在星期六举行毕业典礼,Dàxué jiāng zài xīngqīliù jǔxíng bìyè diǎnlǐ,L'université tiendra une cérémonie de remise des diplômes le samedi.,,
HSK4,Audio,5809244c61ab,"se rassembler, se rassembler, se réunir",jù,聚,朋友们将在公园里聚会,Pēng yǒu men jiāng zài gōng yuán lǐ jù huì,Les amis se réuniront au parc,,
HSK4,Audio,dca47b0e1299,dîner ensemble,jùcān,聚餐,我们周六要聚餐,Wǒmen zhōuliù yào jùcān,Nous allons dîner ensemble samedi.,,
HSK4,Audio,09ea52b7af93,"se réunir, faire la fête, se rassembler",jùhuì,聚会,我们要去参加一个聚会,Wǒmen yào qù cānjiā yī gè jùhuì,Nous allons assister à une fête.,,
HSK4,Audio,a257822b80f3,"refuser, rejeter, refuser",jùjué,拒绝,我拒绝接受这个提议,Wǒ jùjué jiēshòu zhè ge tíyì,Je refuse d'accepter cette proposition,,
HSK4,Audio,59594ee51f82,"être loin, distance, écart",jùlí,距离,上海距离北京2000公里,Shànghǎi jùlí Běijīng 2000 gōnglǐ,Shanghai est à 2000 kilomètres de Pékin,,
HSK4,Audio,b02b4c06c975,"théâtre, opéra",jùyuàn,剧院,我喜欢去剧院看戏,Wǒ xǐhuān qù jùyuàn kàn xì,J'aime aller au théâtre pour voir un spectacle,,
HSK4,Audio,e0e4a3a04a3f,se moquer de,kāi wánxiào,开玩笑,不要当真，我只是开玩笑,"Bùyào dàng zhēn, wǒ zhǐ shì kāi wánxiào","Ne le prends pas au sérieux, je me moquais juste de toi.",,
HSK4,Audio,8b0a7f892a76,voir,kànfǎ,看法,大家对这件事有不同的看法,Dàjiā duì zhè jiàn shì yǒu bùtóng de kànfǎ,Tout le monde a une opinion différente sur cette affaire,,
HSK4,Audio,2fec32ef83ce,"cuire, rôtir, griller",kǎo,烤,我喜欢吃烤肉,Wǒ xǐ huān chī kǎo ròu,J'aime manger de la viande grillée,,
HSK4,Audio,09a10be1b50c,"considérer, réfléchir",kǎolǜ,考虑,我需要考虑一下这个问题,Wǒ xūyào kǎolǜ yī xià zhè ge wèntí,Je dois considérer ce problème,,
HSK4,Audio,e24e72db42f4,candidat,kǎoshēng,考生,所有考生必须参加考试,Suǒyǒu kǎoshēng bìxū cānjiā kǎoshì,Tous les candidats doivent passer l'examen,,
HSK4,Audio,e0088fc1fce7,"mesurer le mot pour les arbres, les plantes",kē,棵,在我们的花园里有一棵高大的树,Zài wǒmen de huāyuán lǐ yǒu yī kē gāodà de shù,"Dans notre jardin, il y a un grand arbre",,
HSK4,Audio,02c85c811d66,science et technologie,kējì,科技,中国是科技领域的领导者,Zhōngguó shì kējì lǐngyù de lǐngdǎo zhě,La Chine est un leader dans le domaine de la science et de la technologie.,,
HSK4,Audio,6fbea8087606,"science, scientifique",kēxué,科学,我喜欢学习科学,Wǒ xǐ huān xué xí kēxué,J'aime étudier la science,,
HSK4,Audio,b96b45f0f4c1,tousser,ké,咳,他最近老是咳,Tā zuìjìn lǎoshì ké,Il tousse tout le temps dernièrement,,
HSK4,Audio,fa52313949a4,tousser,késou,咳嗽,我总是在早上咳嗽,Wǒ zǒng zài zǎo shàng késòu,Je tousse toujours le matin,,
HSK4,Audio,d541a2c6b0d9,"regrettable, malheureux, dommage",kěxī,可惜,我昨天错过了最后一班公车，真的很可惜,"Wǒ zuótiān cuòguò le zuìhòu yī bān gōngchē, zhēn de hěn kěxī","J'ai raté le dernier bus hier, c'est vraiment dommage",,
HSK4,Audio,f8afbaa48602,gramme,kè,克,这个苹果重200克,Zhè ge píng guǒ zhòng 200 gē,Cette pomme pèse 200 grammes,,
HSK4,Audio,7287f815e1a0,programme d'études,kèchéng,课程,这个大学的课程非常丰富,Gè zhè dàxué de kèchéng fēicháng fēngfù,Ce programme universitaire est très riche.,,
HSK4,Audio,3f97f1cbe4a6,"poli, courtois, être poli",kèqi,客气,对不起，我很客气,"Duì bù qǐ, wǒ hěn kèqi","Excusez-moi, je suis très poli",,
HSK4,Audio,fc3001bb7b5a,classe,kètáng,课堂,我喜欢上课堂,Wǒ xǐ huān shàng kètáng,J'aime aller en classe,,
HSK4,Audio,5809997856dc,"salon, salon",kètīng,客厅,我家客厅很大,Wǒ jiā kètīng hěn dà,Mon salon est très grand,,
HSK4,Audio,9c8d7904bb6e,"être certain, affirmer, positif, défini, sûrement, certainement",kěndìng,肯定,我相信他会成功，肯定没有问题,"Wǒ xiāng xìn tā huì chéng gōng, kěndìng méi yǒu wèntí","Je suis sûr qu'il réussira, ce qui est certainement sans problème",,
HSK4,Audio,d35f50392769,"vide, vacant, (en vain)",kōng,空,我感觉时间空空荡荡,Wǒ de gǎnjué shíguò kōng kōng dàng dàng,Je sens que le temps est vide et désœuvré,,
HSK4,Audio,ed6d04efa66c,"atmosphère, air",kōngqì,空气,空气污染对环境造成了很大的危害,Kōngqì wūrǎn duì huánjìng zàochéng le hěn dà de wēihǎi,La pollution de l'air cause de grands dommages à l'environnement,,
HSK4,Audio,e26a52b6b8e5,"avoir peur, avoir peur, j'ai peur, peut-être",kǒngpà,恐怕,我恐怕不会说法语,Wǒ kǒngpà bù huì shuō fǎyǔ,J'ai peur de ne pas savoir parler français,,
HSK4,Audio,f3ee57cadc23,langue parlée,kǒuyǔ,口语,我喜欢学习汉语口语,Wǒ xǐhuān xuéxí hàn yǔ kǒuyǔ,J'aime apprendre le chinois parlé,,
HSK4,Audio,21d34d192e11,amer,kǔ,苦,这杯咖啡很苦,Zhè bēi kāfēi hěn kǔ,Cette tasse de café est très amère,,
HSK4,Audio,75d5c6d1096d,restauration rapide,kuàicān,快餐,我喜欢在快餐店吃饭,Wǒ xǐhuān zài kuàicān diàn chīfàn,J'aime manger dans un restaurant de restauration rapide,,
HSK4,Audio,9bd42950ccc9,livraison express,kuàidì,快递,我要发送一个快递,Wǒ yào fāsòng yī gè kuàidì,Je veux envoyer une livraison express.,,
HSK4,Audio,8042f19e869b,"rapide, à grande vitesse",kuàisù,快速,这个火车运行得非常快速,Zhè ge huǒchē yùn xíng de fēi cháng kuàisù,Ce train roule à une vitesse extrêmement rapide,,
HSK4,Audio,9dc1cdfb1e35,"somnolent, fatigué, (piéger, confiner)",kùn,困,今天我感觉很困,Jīntiān wǒ juéde hěn kùn,"Aujourd'hui, je me sens très fatigué",,
HSK4,Audio,bacaa1c6172b,"difficile, dur, difficulté, problème",kùnnan,困难,学习英语对我来说是一个困难,Xuéxí yīngyǔ duì wǒ láishuò shì yī gè kùnnan,Apprendre l'anglais est une difficulté pour moi,,
HSK4,Audio,7ae63f94b58a,"tirer, traîner, dessiner",lā,拉,小狗喜欢被主人拉去散步,Xiǎo gǒu xǐ huān bèi zhǔ rén lā qù sàn bù,Le petit chien aime être traîné par son maître pour aller se promener,,
HSK4,Audio,912a0fc044e8,"ordures, détritus, détritus",lājī,垃圾,请帮我处理这些垃圾,Qǐng bāng wǒ chǔlǐ zhèxiē lājī,"S'il vous plaît, aidez-moi à éliminer ces ordures.",,
HSK4,Audio,93b17b52cbbf,"chaud, épicé",là,辣,我爱吃辣食,Wǒ ài chī là shí,J'adore manger des plats épicés,,
HSK4,Audio,68a2e805017d,"il n'y a pas assez de temps, c'est trop tard",láibují,来不及,我来不及为考试做准备了,Wǒ lái bù jī wèi kǎo shì zuò.zhǔn bèi le,Je n'ai pas eu le temps de me préparer pour l'examen.,,
HSK4,Audio,de7a974620f9,"il est encore temps, je peux y arriver à temps",láidejí,来得及,我还可以赶到火车站，来得及坐上火车,"Wǒ hái kěyǐ gǎn dào huǒchē zhàn, láidejí zuò shàng huǒchē",Je peux encore arriver à la gare et il est encore temps de prendre le train,,
HSK4,Audio,1102b2728b08,"paresseux, oisif",lǎn,懒,我是有点懒,Wǒ shì yǒu diǎn lǎn,Je suis un peu paresseux,,
HSK4,Audio,3d70a06e8df5,"gaspiller, gaspiller",làngfèi,浪费,我认为浪费资源是非常可惜的,Wǒ rèn wéi làngfèi zīyuán shì fēi cháng kě xī de,Je pense que gaspiller les ressources est très regrettable,,
HSK4,Audio,9da2cd23f8b3,romantique,làngmàn,浪漫,我喜欢浪漫的电影,Wǒ xǐhuān làngmàn de diànyǐng,J'aime les films romantiques,,
HSK4,Audio,4891062f3147,tigre,lǎohǔ,老虎,我喜欢看老虎,Wǒ xǐhuān kàn lǎohǔ,J'aime regarder les tigres,,
HSK4,Audio,5bcef7e04bb7,"ville natale, état d'origine",lǎojiā,老家,我来自浙江的老家,Wǒ lái zì zhè jiāng de lǎo jiā,Je viens de ma ville natale dans le Zhejiang,,
HSK4,Audio,92f510b98249,âgé,lǎonián,老年,我是一个老年人,Wǒ shì yī gè lǎonián rén,Je suis une personne âgée,,
HSK4,Audio,b049d641f9e7,"toujours, constamment",lǎoshì,老是,他老是迟到,Tā lǎoshì chí dào,Il est toujours en retard,,
HSK4,Audio,a2c3ae47d9ba,"calme, sang-froid",lěngjìng,冷静,在压力下，她仍能保持冷静,"Zài yālì xià, tā réng néng bǎo chí lěngjìng","Sous la pression, elle peut rester calme.",,
HSK4,Audio,6d3034b65ffc,"se faire couper les cheveux, se couper les cheveux",lǐfà,理发,我想去理发,Wǒ xiǎng qù lǐfà,Je veux aller me faire couper les cheveux,,
HSK4,Audio,cf5fbe8f22f9,"comprendre, comprendre",lǐjiě,理解,我现在开始理解这门课程,Wǒ xiàn zài kāi shǐ lǐjiě zhè mén kè chéng,Je commence maintenant à comprendre ce cours,,
HSK4,Audio,24922ac72924,"courtoisie, politesse, politesse",lǐmào,礼貌,他对长辈非常礼貌,Tā duì zhǎng bèi fēi cháng lǐmào,Il est très courtois envers ses aînés,,
HSK4,Audio,5b4b4dcae131,"idéal, rêve, idéal",lǐxiǎng,理想,我的理想是成为一名医生,Wǒ de lǐxiǎng shì chéngwèi yīmíng yīshēng,Mon idéal est de devenir médecin,,
HSK4,Audio,2c96d9f500ed,"sévère, féroce, impressionnant, excellent",lìhai,厉害,他很厉害,Tā hěn lìhai,Il est très impressionnant,,
HSK4,Audio,c7df7f173087,"force, puissance physique",lìqi,力气,他有很大的力气,Tā yǒu hěn dà de lìqi,Il a beaucoup de force.,,
HSK4,Audio,6abf96c52e91,"par exemple, comme",lìrú,例如,我喜欢学习中文，例如每天练习写汉字,"Wǒ xǐhuān xuéxí zhōngwén, lìrú měitiān liànxí xiě hàn_zì","J'aime apprendre le chinois, par exemple en pratiquant l'écriture des caractères chinois chaque jour",,
HSK4,Audio,5891b491b066,"exemple, exemple",lìzi,例子,这个句子是例子,Zhè ge jùzi shì lìzi,Cette phrase est un exemple,,
HSK4,Audio,415d221bef1a,"deux, les deux",liǎ,俩,他们俩都是我的亲密朋友,Tāmen liǎ dōu shì wǒ de qīnmì péngyǒu,Les deux sont mes amis proches,,
HSK4,Audio,e5f04ec1d1d2,"relier, (même, y compris), (se connecter)",lián,连,我可以连续工作十二个小时,Wǒ kěyǐ lián xù gōng zuò shí èr gè xiǎo shí,Je peux travailler en continu pendant douze heures,,
HSK4,Audio,03f59b2f0bde,"contacter, se connecter",liánxì,联系,我想联系我的朋友,Wǒ xiǎng liánxì wǒ de péngyǒu,Je veux contacter mon ami,,
HSK4,Audio,9b19bc1f0694,"frais, froid",liáng,凉,天气很凉,Tiānqì hěn liáng,Le temps est très frais,,
HSK4,Audio,1926fb81ed5a,"mesurer, peser",liáng,量,请帮我量一下这个箱子的大小,Qǐng bāng wǒ liáng yī xià zhè ge xiāng zì de dà xiǎo,Pouvez-vous mesurer la taille de cette boîte pour moi ?,,
HSK4,Audio,851296800a4c,"brillant, léger, briller, montrer",liàng,亮,台灯很亮,Tái dēng hěn liàng,La lampe de table est très brillante,,
HSK4,Audio,0dad56092496,"disposer en rangée, lister, mesurer les mots en rangées",liè,列,我会把这些词列入清单,Wǒ huì bǎ zhèxiē cí liè rù qīngdān,Je vais lister ces mots.,,
HSK4,Audio,cc9a6220a5bb,en dessous de zéro,líng xià,零下,今天的气温是零下三度,Jīn tiān de qì wēn shì líng xià sān dù,La température aujourd'hui est de trois degrés en dessous de zéro.,,
HSK4,Audio,da03ce6aa3ad,"argent de poche, argent de poche",línghuāqián,零花钱,我每个月都会从父母那里得到一些零花钱,Wǒ měi gè yuè dū huì cóng fùmǔ nàlǐ dé dào yīxiē línghuāqián,"Chaque mois, je reçois un peu d'argent de poche de mes parents.",,
HSK4,Audio,27a219e0cfa2,"monnaie, petites coupures d'argent",língqián,零钱,我有很多零钱,Wǒ yǒu hěn duō língqián,J'ai beaucoup de monnaie.,,
HSK4,Audio,508653ade575,"collations, collations entre les repas",língshí,零食,我喜欢吃零食,Wǒ xǐ huān chī língshí,J'aime manger des collations,,
HSK4,Audio,0d87da4c8f6e,"autre, un autre, (séparément, autrement)",lìng,另,我还有一本书,"Wǒ hái yǒu yī běn shū, lìng wèn nǐ xiǎng mai","J'ai encore un livre, demande à l'autre si il veut l'acheter.",,
HSK4,Audio,6885325b0330,"autre, d'autre, en plus, en plus, en plus",lìngwài,另外,我喜欢读书，还喜欢看电影，另外我也很喜欢听音乐,"Wǒ xǐhuān dú shū, hái xǐhuān kàn diànyǐng, lìngwài wǒ yě hěn xǐhuān tīng yīnyuè","J'aime lire des livres, je aime aussi regarder des films, en plus j'aime beaucoup écouter de la musique",,
HSK4,Audio,e5f41de86f56,"rester, rester, garder",liú,留,我明天要留下来工作,Wǒ míngtiān yào liú xiàlái gōngzuò,Je dois rester ici pour travailler demain.,,
HSK4,Audio,e766fe35d099,"couler, circuler",liú,流,水从山上流下来,Shuǐ cóng shān shàng liú xià lái,L'eau s'écoule de la montagne.,,
HSK4,Audio,19f570902270,"fluide, fluide",liúlì,流利,她的汉语发音很流利,Tā de Hànyǔ fāyīn hěn liúlì,Son pronunciation du chinois est très fluide,,
HSK4,Audio,6184d68379bb,"laisser derrière soi, rester",liúxia,留下,我在北京留下了美好的回忆,Wǒ zài běijīng liúxia le měihǎo de huíyì,J'ai laissé à Pékin de beaux souvenirs,,
HSK4,Audio,2bff02a60399,"être populaire, être à la mode",liúxíng,流行,这个新电影正在流行,Zhè ge xīn diànyǐng zhèngzài liúxíng,Ce nouveau film est à la mode,,
HSK4,Audio,ee42c4c8d3b7,"passer, passer",lùguò,路过,我路过公园的时候看到一只鸟,Wǒ lùguò gōngyuán de shí hòu kàn dào yī zhī niǎo,Je vois un oiseau lorsque je passe près du parc,,
HSK4,Audio,2d909eafa06f,"hôtel, auberge",lǚguǎn,旅馆,我要住在这家旅馆,Wǒ yào zhù zài zhè jiā lǚguǎn,Je veux loger dans cet hôtel,,
HSK4,Audio,2468a0f3960e,"voyageur, passager",lǚkè,旅客,这列火车上有很多旅客,Zhè liè huǒchē shàng yǒu hěn duō lǚkè,Il y a beaucoup de voyageurs dans ce train.,,
HSK4,Audio,50177be69bb5,voyager,lǚxíng,旅行,我喜欢去旅行,Wǒ xǐ huān qù lǚxíng,J'aime voyager.,,
HSK4,Audio,addbbe4666e9,"avocat, procureur",lǜshī,律师,他是我的律师,Tā shì wǒ de lǜshī,Il est mon avocat,,
HSK4,Audio,53ccf70b5288,"désordonné, désordonné, arbitraire, imprudent",luàn,乱,他做事很乱,Tā zuò shì hěn luàn,Il fait les choses de manière désordonnée,,
HSK4,Audio,eedcb00f4c5c,"tomber, tomber, atterrir",luò,落,飞机要落地了,Fēijī yào luò dì le,L'avion va atterrir.,,
HSK4,Audio,ae7f60fed2e6,"gênant, ennuyeux, déranger, trouble, inconvénient",máfan,麻烦,我能帮你免去一些麻烦,Wǒ néng bāng nǐ miǎn qǔ yī xiē máfan,Je peux t'épargner certains ennuis.,,
HSK4,Audio,4d15e4adedf2,"petit pain cuit à la vapeur, mantou",mántou,馒头,我最喜欢吃的早餐是馒头,Wǒ zuì xǐ huān chī de zǎo cān shì mántou,Mon petit déjeuner préféré est le mantou.,,
HSK4,Audio,a0300a5e1db1,"plein, rempli, remplir",mǎn,满,我的书架满了书,Wǒ de shū jià mǎn le shū,Mon étagère est pleine de livres,,
HSK4,Audio,f1a247cf8e35,serviette,máojīn,毛巾,我需要一条毛巾,Wǒ xūyào yī tiáo máojīn,J'ai besoin d'une serviette,,
HSK4,Audio,80cf43943cc2,"pull, vêtement en laine",máoyī,毛衣,我最喜欢穿的冬季衣服是毛衣,Wǒ zuì xǐ huān chuān de dōng jì yī fú shì máo yī,Mon vêtement d'hiver préféré est un pull.,,
HSK4,Audio,998dc6902ff3,"chapeau, casquette",màozi,帽子,我戴着一顶红色的帽子,Wǒ dài zhe yì dīng hóng sè de màozi,Je porte un chapeau rouge.,,
HSK4,Audio,3038eec421c5,"beau, joli",měi,美,这朵花很美,Zhè duō huā hěn měi,Cette fleur est très belle,,
HSK4,Audio,29fb0c863cf5,"beau, splendide",měihǎo,美好,我的生活是美好的,Wǒ de shēng huó shì měi hǎo de,Ma vie est belle,,
HSK4,Audio,98fbb12fa8e2,beau paysage,měijǐng,美景,这座山有很美景,Zhè zuò shān yǒu hěn měijǐng,Cette montagne a un très beau paysage,,
HSK4,Audio,bf3aefcaf094,"beau, charmant",měilì,美丽,这个花园非常美丽,Gè zhè huā yuán fēi cháng měilì,Ce jardin est très beau,,
HSK4,Audio,29e60d9edb2f,"nourriture délicieuse, cuisine",měishí,美食,我爱吃中国的美食,Wǒ ài chī zhōng guó de měi shí,J'adore manger de la nourriture délicieuse chinoise,,
HSK4,Audio,670ced667155,"rêver, rêver",mèng,梦,我有一个美丽的梦,Wǒ yǒu yī gè měilì de mèng,J'ai un beau rêve,,
HSK4,Audio,5d98779e96fe,"rêver, rêver",mèngxiǎng,梦想,实现梦想需要努力,Shíxiàn mèngxiǎng xūyào nǔlì,Réaliser ses rêves nécessite des efforts.,,
HSK4,Audio,9192062cd1ce,"mot de passe, code PIN",mìmǎ,密码,我的登录账户需要输入密码,Wǒ de dēng lù zhàng hù xū yào shū rù mìmǎ,Mon compte de connexion nécessite une saisie du mot de passe,,
HSK4,Audio,cdec5046789a,"gratuitement, être libre",miǎnfèi,免费,这个公园的入场是免费的,Gēzhè gōngyuán de rùchǎng shì miǎnfèi de,L'entrée de ce parc est gratuite,,
HSK4,Audio,046c25d830d2,"faire face, affronter",miànduì,面对,我们必须面对现实问题,Wǒmen bìxū miànduì xiànshí wèntí,Nous devons faire face aux problèmes réels,,
HSK4,Audio,7e3ccd8c83a3,"entretien, audition, interviewer",miànshì,面试,我明天要参加面试,Wǒ míng tiān yào cān jiā miàn shì,"Demain, je vais passer un entretien.",,
HSK4,Audio,2b5d6f03bc15,"seconde, unité de temps",miǎo,秒,这件事情发生在一秒,Zhè jiàn shìqíng fāshēng zài yī miǎo,Cet événement s'est produit en une seconde,,
HSK4,Audio,0c4031b9c7fe,"groupe ethnique, nationalité",mínzú,民族,中国有许多民族,Zhōngguó yǒu xǔduō mínzú,La Chine a de nombreuses ethnies.,,
HSK4,Audio,0db9303123be,"fin, dernier",mò,末,这个月是今年的最后一个月,Zhè ge yuè shì jīn nián de zuì hòu yī gè yuè,Ce mois est le dernier de cette année,,
HSK4,Audio,44e55458c21e,mère et fille,mǔnǚ,母女,今天，母女一起去商场购物,"Jīn tiān, mǔnǚ yī qǐ qù shāng chuāng gòu wù","Aujourd'hui, la mère et la fille vont ensemble faire des courses au centre commercial",,
HSK4,Audio,d6f8a1e0d2bf,mère,mǔqīn,母亲,我的母亲是一位教师,Wǒ de mǔqīn shì yī wèi jiào shī,Ma mère est une enseignante,,
HSK4,Audio,9c8950e6fb1e,mère et fils,mǔzǐ,母子,我和我的母子关系很好,Wǒ hé wǒ de mǔzǐ guānxi hěn hǎo,J'ai une très bonne relation avec ma mère et mon fils.,,
HSK4,Audio,8ecb326ca35e,"but, cible, objectif",mùbiāo,目标,她努力工作以达到自己的目标,Tā nǔlì gōngzuò yǐ dào dá zìjǐ de mùbiāo,Elle travaille dur pour atteindre son objectif.,,
HSK4,Audio,71efda96a70e,"but, but, but",mùdì,目的,我的旅行的目的地是巴黎,Wǒ de lǔxíng de mùdì dì shì bālí,L'objectif de mon voyage est Paris,,
HSK4,Audio,adf9605883f9,destination,mùdìdì,目的地,我去中国的目的地是上海,Wǒ qù zhōngguó de mùdìdì shì shàng hǎi,Ma destination en Chine est Shanghai,,
HSK4,Audio,064908aec1ce,"actuellement, à l'heure actuelle",mùqián,目前,目前我正在学习法语,Mùqián wǒ zhèngzài xuéxí fǎyǔ,"Actuellement, je suis en train d'apprendre le français",,
HSK4,Audio,0cd2c70baf7f,"patiente, patiente",nàixīn,耐心,要学会耐心，做事情就能做得更好,"Yào xué huì nàixīn, zuò shì qíng jiù néng zuò de gèng hǎo","Il faut apprendre à être patient, pour faire les choses de manière encore meilleure",,
HSK4,Audio,31f6a37e5bba,"partie sud, sud",nánbù,南部,中国的南部地区气候温暖,Zhōngguó de nánbù dìqū qìhòu wēnnuǎn,Le sud de la Chine a un climat chaud.,,
HSK4,Audio,ea9bfef57c87,est-ce que ça pourrait être ça...?,nándào,难道,难道他不会开车？,Nándào tā bù huì kāichē ?,Est-ce qu'il ne sait pas conduire ?,,
HSK4,Audio,9c4ce6b7bf3a,"homme, monsieur",nánshì,男士,这位男士叫汤姆,Zhè wèi nánshì jiào tāng mǔ,Cethomme s'appelle Tom,,
HSK4,Audio,c4ed799037f8,"inconfortable, douloureux, difficile à supporter",nánshòu,难受,我头痛，感觉很难受,"Wǒ tóutòng, gǎnjué hěn nánshòu","J'ai mal à la tête, je me sens mal à l'aise.",,
HSK4,Audio,6081734c0131,"inoubliable, difficile à oublier",nánwàng,难忘,第一次去北京的难忘经历,Dì yī cì qù běijīng de nánwàng jīnglì,Ma première expérience inoubliable à Pékin,,
HSK4,Audio,f1bd38e66794,"masculin, masculin",nánxìng,男性,这个男性老师很友好,Gè zhè nánxìng lǎoshī hěn yǒu yì,Ce professeur masculin est très sympathique,,
HSK4,Audio,ab30d2e3c022,"à l'intérieur, à l'intérieur",nèi,内,电脑放在房间的里面,Diànnǎo fàng zài fángjiān de nèi,L'ordinateur est placé à l'intérieur de la chambre,,
HSK4,Audio,28fb9f20596d,"contenu, substance",nèiróng,内容,这个网站的内容非常丰富,Gēi wǎngzhàn de nèiróng hěn fēngfù,Le contenu de ce site web est très riche,,
HSK4,Audio,43c93612c1bb,"cœur, moi intérieur",nèixīn,内心,她内心非常愤怒,Tā nèixīn fēicháng fènnù,Elle est très en colère intérieurement,,
HSK4,Audio,349788a83c4f,"si oui ou non, peut ou ne peut pas",néng fǒu,能否,你能否帮我解决这个问题,Nǐ néng fǒu bāng wǒ jiě jué zhè ge wèn tí,Pouvez-vous m'aider à résoudre ce problème ?,,
HSK4,Audio,f547a43d73fe,"peut, être capable, être capable de",nénggòu,能够,我能够说一些基本的法语,Wǒ nénggòu shuō yīxiē jīběn de fǎyǔ,Je peux dire quelques phrases de français de base.,,
HSK4,Audio,81510e4f4274,"capacité, capacité, capacité",nénglì,能力,她拥有很强的语言能力,Tā yǒngyǒu hěn qiáng de yǔyán nénglì,Elle possède une forte capacité linguistique,,
HSK4,Audio,fa852f4cf035,"euh-huh, hmm",ǹg,嗯,我不确定，但是嗯，可以试试看,"Wǒ bù quèdìng, dànshì ǹ, kěyǐ shì shì kàn","Je ne suis pas certain, mais euh, on peut essayer de voir",,
HSK4,Audio,f0aaf4dc2253,fin de l'année,niándǐ,年底,今年的假期安排在年底,Jīn nián de jiǎqī ān pái zài niándǐ,Les vacances de cette année sont prévues pour la fin de l'année,,
HSK4,Audio,d980e7612db5,âge,niánlíng,年龄,他的年龄是30岁,Tā de niánlíng shì 30 suì,Son âge est de 30 ans,,
HSK4,Audio,98ff3cb74a4d,"zone rurale, campagne",nóngcūn,农村,我在农村长大,Wǒ zài nóngcūn zhǎng dà,J'ai grandi à la campagne,,
HSK4,Audio,88cb0c97cc05,"faire, gérer, jouer avec",nòng,弄,小孩们喜欢在公园里弄玩具,Xiǎohái men xǐhuān zài gōngyuán lǐ nòng wánjù,Les enfants aiment jouer avec des jouets dans le parc,,
HSK4,Audio,7f5a37b6d946,"féminin, féminin",nǚxìng,女性,今天是一个特殊的节日，女性穿上了漂亮的衣服,"Jīn tiān shì yī gè tè bié de jié rì, nǚxìng chuān le pǐn liáng de yī fu","Aujourd'hui est une fête spéciale, les femmes portent de beaux vêtements",,
HSK4,Audio,722fecd56612,"réchauffer, se réchauffer",nuǎnhuo,暖和,今天的太阳让我的房间变得很暖和,Jīn tiān de tàiyáng ràng wǒ de fáng jiān biàn de hěn nuǎnhuo,Le soleil de aujourd'hui rend ma chambre très réchauffée,,
HSK4,Audio,c6299e8b7f02,"de temps en temps, parfois, occasionnel",ǒu'ěr,偶尔,我偶尔去公园散步,Wǒ ǒu'ěr qù gōngyuán sàn bù,Je vais parfois me promener dans le parc,,
HSK4,Audio,b5c645723b4d,"tapoter, applaudir, prendre (une photo), battre, rythmer",pāi,拍,她拍了一张照片,Tā pāi le yī zhāng zhàopiàn,Elle a pris une photo,,
HSK4,Audio,e499d2d49a63,"aligner, arranger, ranger, aligner, mesurer le mot pour les rangées",pái,排,今天晚上我们要排座位,Jīn tiān wǎn shàng wǒmen yào pái zuò wèi,"Ce soir, nous allons organiser les sièges.",,
HSK4,Audio,9740569d5005,"carte, marque, plaque, signe",pái,牌,这个房间的门上有一块牌子,Gè ge fángjiān de mén shàng yǒu yī kuài páizi,Cette chambre a une plaque sur la porte,,
HSK4,Audio,24f83efc8a36,"faire la queue, faire la queue",páiduì,排队,我需要去银行排队取钱,Wǒ xūyào qù yínháng páiduì qǔ qián,Je dois aller à la banque pour faire la queue pour retirer de l'argent.,,
HSK4,Audio,5d2d5f79f8e4,volley-ball,páiqiú,排球,我们学校的体育教练特别喜欢打排球,Wǒmen xuéxiào de tǐyù jiào liàn tèbié xǐhuān dǎ páiqiú,Notre professeur d'éducation physique à l'école aime particulièrement jouer au volley-ball,,
HSK4,Audio,4baae9f280a5,"marque, signe, étiquette",páizi,牌子,这家公司的牌子很有名,Zhè jiā gōngsī de páizi hěn yǒu míng,L'étiquette de cette entreprise est très célèbre,,
HSK4,Audio,43d569b74a9f,"juger, déterminer",pànduàn,判断,他会根据事实来判断这个问题,Tā huì gēnjù shìshí lái pànduàn zhè ge wèntí,Il va juger ce problème en fonction des faits,,
HSK4,Audio,f9818d765b65,"accompagner, tenir compagnie à quelqu'un",péi,陪,妈妈会陪我去游乐园,Māma huì péi wǒ qù yóu lè yuán,Maman va m'accompagner au parc d'attractions.,,
HSK4,Audio,18848114a859,critiquer,pīpíng,批评,老师会批评作业的错误,Lǎoshī huì pīpíng zuòyè de cuòwù,Le professeur critiquera les erreurs dans les devoirs,,
HSK4,Audio,61fb7c3df234,peau,pífū,皮肤,她有很好看的皮肤,Tā yǒu hěn hǎo kàn de pífū,Elle a une très belle peau.,,
HSK4,Audio,04933ec93cdb,"tempérament, disposition, humeur",píqi,脾气,她有很好的脾气,Tā yǒu hěn hǎo de píqi,Elle a un très bon tempérament,,
HSK4,Audio,9c4155b3e542,chaussures en cuir,píxié,皮鞋,我穿着一双黑色的皮鞋,Wǒ chuānzhe yì shuāng hēisè de píxié,Je porte une paire de chaussures noires en cuir,,
HSK4,Audio,7cda7b130682,"mesurer le mot pour les essais, les articles, les pièces",piān,篇,这篇文章很长,Zhè piān wénzhāng hěn cháng,Cet article est très long,,
HSK4,Audio,943b4f2a9390,"morceau, tranche, surface, Classificateur pour les objets plats",piàn,片,这块土地上有一片树林,Zhè kuài tǔ dì shàng yǒu yī piàn shù lín,Ce morceau de terre a une surface de forêt.,,
HSK4,Audio,b8432ffdcf52,"tennis de table, ping-pong",pīngpāngqiú,乒乓球,我喜欢打乒乓球,Wǒ xǐ huān dǎ pīngpāngqiú,J'aime jouer au tennis de table.,,
HSK4,Audio,c5b37bf42a1e,"ordinaire, habituel, habituellement, ordinairement",píngcháng,平常,我平常喜欢去公园,Wǒ píngcháng xǐhuān qù gōngyuán,J'aime habituellement aller au parc,,
HSK4,Audio,1418ab8f995c,"cassé, endommagé, briser, ruiner",pò,破,门被風吹破了,Mén bèi fēng chuī pò le,La porte a été cassée par le vent.,,
HSK4,Audio,711b19b82ec5,raisin,pútao,葡萄,我最喜欢吃的水果是葡萄,Wǒ zuì xǐ huān chī de shuǐ guǒ shì pútao,Mon fruit préféré à manger est le raisin,,
HSK4,Audio,8d93a9c93a8d,"vin, vin de raisin",pútaojiǔ,葡萄酒,我喜欢喝法国的葡萄酒,Wǒ xǐ huān hē fǎ guó de pútaojiǔ,J'aime boire du vin français,,
HSK4,Audio,31a5f1c44559,"répandu, universel, commun",pǔbiàn,普遍,这一现象在全世界都是普遍的,Zhè yī xiànxiàng zài quán shìjiè dōu shì pǔbiàn de,Ce phénomène est universel dans le monde entier,,
HSK4,Audio,ef8a8378f7d8,"ordinaire, commun",pǔtōng,普通,这件衬衫是普通的,Zhè jiàn chèn shān shì pǔtōng de,Cette chemise est ordinaire,,
HSK4,Audio,b093b0141988,"Chinois mandarin, chinois standard",pǔtōnghuà,普通话,我会说普通话,Wǒ huì shuō pǔtōnghuà,Je parle le chinois mandarin,,
HSK4,Audio,39ecad6e483c,"période, phase, Classificateur pour les problèmes, semestres",qī,期,这个学期我要学很多东西,Zhè ge xué qī wǒ yào xué hěn duō dōng xi,"Cette période scolaire, j'ai beaucoup de choses à apprendre",,
HSK4,Audio,dbc688ea56c6,"fin de trimestre, fin de semestre",qīmò,期末,学校在期末会安排考试,Xuéxiào zài qīmò huì ān pái kǎoshì,L'école organise des examens à la fin du semestre.,,
HSK4,Audio,89d93ecf6eaf,"mi-parcours, milieu du trimestre",qīzhōng,期中,本学期中，我们要举行一次考试,"Běn xuéqí zhōng, wǒmen yào jǔxíng yīcì kǎoshì","Pendant le milieu de ce trimestre scolaire, nous allons organiser un examen.",,
HSK4,Audio,b10a7143597b,"ensuite, deuxièmement, alors",qícì,其次,首先要做好准备，其次要有足够的耐心,"Shǒuxiān yào zuò hǎo zhǔnbèi, qícì yào yǒu zúgòu de nàixīn","Tout d'abord, il faut bien se préparer, ensuite, il faut avoir suffisamment de patience",,
HSK4,Audio,a64801fe6cd0,"parmi eux, à l'intérieur",qízhōng,其中,这些学生来自不同国家，其中有一些是来自法国的,"Zhèxiē xuéshēng láizì bùtóng guójiā, qízhōng yǒu yīxiē shì láizì fǎguó de","Ces étudiants viennent de différents pays, parmi lesquels certains sont originaires de France",,
HSK4,Audio,fc04b86de822,"jouer le rôle de, fonctionner comme",qǐdào,起到,这是一个简单的例句： 这个工具起到很大的帮助,Zhè ge gōngjù qǐdào hěn dà de bāngzhù,Cet outil fonctionne comme une grande aide,,
HSK4,Audio,0fb82efc0042,"air, gaz, souffle, mettre en colère, mettre en colère",qì,气,他生气的原因是有人冒犯了他的家人,Tā shēng qì de yuán yīn shì yǒu rén mào fàn le tā de jiā rén,Il est en colère parce que quelqu'un a offensé sa famille,,
HSK4,Audio,d49f48060925,climat,qìhòu,气候,中国的气候很热,Zhōngguó de qìhòu hěn rè,Le climat en Chine est très chaud,,
HSK4,Audio,f1b281a02d29,"soda, boisson gazeuse",qìshuǐ,汽水,我最喜欢喝的饮料是汽水,Wǒ zuì xǐ huān hē de yǐn liào shì qì shuǐ,Ma boisson préférée est le soda,,
HSK4,Audio,49bf66ead421,température de l'air,qìwēn,气温,外面的气温很高,Wài miàn de qìwēn hěn gāo,La température de l'air à l'extérieur est très élevée,,
HSK4,Audio,463aa9e8f2f0,kilogramme,qiānkè,千克,这批苹果的重量是五十千克,Zhè pī píngguǒ de zhòngliàng shì wǔshí qiānkè,Le poids de ces pommes est de cinquante kilogrammes,,
HSK4,Audio,ac5e9cb14a76,"dix millions, bien sûr, absolument",qiānwàn,千万,我一定会去，因为我千万不能错过这次机会,"Wǒ yīdìng huì qù, yīn wǒ qiānwàn bù néng cuòguò zhè cì jīhuì","Je vais sûrement y aller, car je ne peux absolument pas manquer cette occasion",,
HSK4,Audio,e90fd0230ce8,"visa, délivrer un visa",qiānzhèng,签证,我需要办理签证,Wǒ xūyào bàn lǐ qiānzhèng,J'ai besoin d'obtenir un visa,,
HSK4,Audio,5073df134fc8,"devant, devant",qiánfāng,前方,我们将在前方建立一个新的基地,Wǒmen jiāng zài qiánfāng jiàn lì yī gè xīn de jīdì,Nous allons établir une nouvelle base devant.,,
HSK4,Audio,64e5f450f66f,"devant et derrière, autour, à propos",qiánhòu,前后,我们必须考虑前后因素来做出决定,Wǒmen bìxū kǎolǔ qiánhòu yīnsù lái zuòchū juédìng,Nous devons considérer les facteurs avant et après pour prendre une décision,,
HSK4,Audio,1f020ccf1d4b,"fort, puissant",qiáng,强,这个机械臂非常强,Zhè ge jī xiè bì hěn qiáng,Ce bras mécanique est très fort,,
HSK4,Audio,12468b83d9de,"frapper, taper, frapper",qiāo,敲,他在门上敲了三下,Tā zài mén shàng qiāo le sān xià,Il a frappé trois fois à la porte,,
HSK4,Audio,fea239482b82,pont,qiáo,桥,河上有一座桥,Hé shàng yǒu yī zuò qiáo,Il y a un pont au-dessus de la rivière,,
HSK4,Audio,fe4eeafdf8f7,"habile, intelligent, opportun",qiǎo,巧,她是一个很巧的孩子,Tā shì yī gè hěn qiǎo de háizi,Elle est une enfant très habile.,,
HSK4,Audio,222d867f64e2,chocolat,qiǎokèlì,巧克力,我爱吃巧克力,Wǒ ài chī qiǎokèlì,J'adore manger du chocolat,,
HSK4,Audio,76e6fc9eb37a,"parent, membre de la famille",qīnqi,亲戚,我要去看望我的亲戚,Wǒ yào qù kànwàng wǒ de qīnqi,Je vais rendre visite à mon cousin.,,
HSK4,Audio,d6676096926e,"instrument de musique, piano, etc.",qín,琴,我会弹琴,Wǒ huì tán qín,Je sais jouer du piano,,
HSK4,Audio,0ca89e199c9b,"léger, pas lourd, doux, facile",qīng,轻,这件衣服很轻,Zhè jiàn yīfú hěn qīng,Cette vêtement est très léger,,
HSK4,Audio,95239f8b4498,"jeunesse, jeunes",qīngnián,青年,中国的青年很有活力,Zhōngguó de qīngnián hěn yǒu huólì,La jeunesse chinoise est très dynamique,,
HSK4,Audio,483800ea05cf,"détendu, léger, facile",qīngsōng,轻松,我学习的时候感觉很轻松,Wǒ xuéxí de shíhou gǎnjué hěn qīngsōng,J'apprends avec facilité et me sens détendu lorsque j'étudie,,
HSK4,Audio,6c0b6dc0c718,"situation, circonstance",qíngkuàng,情况,现在的情况非常糟糕,Xiàn zài de qíngkuàng hěn zāo gāo,La situation actuelle est très mauvaise,,
HSK4,Audio,ee67b5e6301b,célébrer,qìngzhù,庆祝,大家将要一起庆祝我的生日,Dàjiā jiāng yào yīqǐ qìngzhù wǒ de shēngri,Tout le monde va célébrer mon anniversaire,,
HSK4,Audio,72fd39b70b36,"équipe sportive, équipe de balle",qiúduì,球队,中国的足球球队很强,Zhōngguó de zúqiú qiúduì hěn qiáng,L'équipe de football de Chine est très forte,,
HSK4,Audio,e5cf2eb97944,"fan, passionné de sport",qiúmí,球迷,他是足球球迷,Tā shì zúqiú qiúmí,Il est un fan de football,,
HSK4,Audio,528ddc5fe5bf,"district, zone, région",qū,区,上海市有 nhiều 个 区,Shànghǎi shì yǒu hěn duō gè qū,Shanghai a de nombreux districts,,
HSK4,Audio,50a61f1f3bff,"différence, distinguer, différer",qūbié,区别,他们无法区别这两种语言之间的差异,Tāmen wú fǎ qūbié zhè liǎng zhǒng yǔyán zhījiān de chāyì,Ils sont incapables de distinguer les différences entre ces deux langues.,,
HSK4,Audio,75d0f3b2fa0c,"prendre, obtenir, obtenir",qǔ,取,我需要取一些钱,Wǒ xūyào qǔ yīxiē qián,J'ai besoin de prendre de l'argent,,
HSK4,Audio,f695e442942d,"obtenir, gagner",qǔdé,取得,我已经取得了毕业证书,Wǒ yǐjīng qǔdé le bìyè zhèngshū,J'ai obtenu mon diplôme de fin d'études.,,
HSK4,Audio,b5dc10ca20d6,"annuler, annuler",qǔxiāo,取消,会议已经取消了,Huìyì yǐjīng qǔxiāo le,La réunion a été annulée.,,
HSK4,Audio,51bd79a1c168,"entier, entier, complètement, entièrement",quán,全,这是全部我的书,Zhè shì quán wǒ de shū,Ce sont tous mes livres,,
HSK4,Audio,ffb3745d68cf,"tout, tout ça",quánbù,全部,我喜欢全部食物,Wǒ xǐhuān quánbù shíwù,J'aime toute la nourriture,,
HSK4,Audio,2d4c02652590,"tout, entièrement",quándōu,全都,我们已经吃掉了全都的饭,Wǒmen yǐjīng chī diào le quándōu de fàn,Nous avons mangé tout le repas,,
HSK4,Audio,0915c9bec6cb,"le monde entier, global",quánqiú,全球,在全球经济中，中国扮演着重要角色,"Zài quánqiú jīngjì zhōng, Zhōngguó bàn yǎnzhe zhòngyào juésè","Dans l'économie mondiale, la Chine joue un rôle important",,
HSK4,Audio,e86c482e7bf0,tout le corps,quánshēn,全身,他全身都湿透了,Tā quánshēn dōu shī tòu le,Il est trempé de la tête aux pieds,,
HSK4,Audio,539d9cfac1b6,"manquer, être à court de",quē,缺,公司缺少员工,Gōngsī quēshǎo yuángōng,L'entreprise manque de personnel,,
HSK4,Audio,218da23606c8,"lacune, défaut",quēdiǎn,缺点,这个产品有许多缺点,Zhè ge chǎnpǐn yǒu xǔduō quēdiǎn,Ce produit a de nombreuses lacunes.,,
HSK4,Audio,8e6dbd7e20a8,"manquer, être à court de",quēshǎo,缺少,我们这里缺少一本书,Wǒmen zhèlǐ quēshǎo yī běn shū,Nous manquons d'un livre ici,,
HSK4,Audio,01babf1975d6,"mais pourtant, cependant",què,却,他说他会迟到，我却准时到达,"Tā shuō tā huì chí dào, wǒ què zhǔn shí dào dá","Il a dit qu'il allait être en retard, mais pourtant je suis arrivé à l'heure.",,
HSK4,Audio,7f814eb5d39d,"en effet, vraiment",quèshí,确实,我觉得这本书确实很有趣,Wǒ jiào zhè běn shū quèshí hěn yǒu qù,Je trouve que ce livre est vraiment intéressant,,
HSK4,Audio,27ba5c11c7a4,"cependant, mais",rán'ér,然而,我想去看电影，但是已经没有票了，然而朋友送给我两张票,"Wǒ xiǎng qù kàn diànyǐng, dànshì yǐjīng méiyǒu piào le, rán'ér péngyou sòng gěi wǒ liǎng zhāng piào","Je veux aller voir un film, mais il n'y a plus de billets, cependant, un ami m'en a offert deux.",,
HSK4,Audio,703bd7d8f13b,"animé, animé, à animer, ambiance animée",rènao,热闹,街上的气氛非常热闹,Jiē shàng de qì fēn fēi cháng rè nao,L'ambiance dans la rue est très animée,,
HSK4,Audio,614e4dd108d4,vie,rénshēng,人生,人生必须快乐,Rénshēng bìxū kuàilè,La vie doit être joyeuse,,
HSK4,Audio,dc8660084c57,nombre de personnes,rénshù,人数,会议室里的人数很多,Huìyìshì lǐ de rénshù hěn duō,Il y a beaucoup de personnes dans la salle de réunion,,
HSK4,Audio,aab5eefaa3f9,"personnel, personnel",rényuán,人员,公司有很多人员,Gōngsī yǒu hěn duō rényuán,L'entreprise a beaucoup de personnel.,,
HSK4,Audio,68939e8ae287,"n'importe quoi, peu importe",rènhé,任何,你可以选择任何一本书,Nǐ kěyǐ xuǎnzé rènhé yī běn shū,Vous pouvez choisir n'importe quel livre,,
HSK4,Audio,2ce65fd2ae42,"tâche, mission, mission",rènwu,任务,我的任务是完成这个项目,Wǒ de rènwu shì wán chéng zhè ge xiàng mù,Ma tâche est de terminer ce projet,,
HSK4,Audio,292a7af0c193,"jeter, lancer",rēng,扔,她把垃圾扔进了垃圾桶,Tā bǎ lǎjī rēng jìn le lǎjī tǒng,Elle jette les déchets dans la poubelle,,
HSK4,Audio,1a1875286573,"encore, encore",réng,仍,我还没有吃早饭,Wǒ hái méiyǒu chī zǎofàn,Je n'ai encore pas pris de petit déjeuner,,
HSK4,Audio,83195a75ddfc,"encore, encore",réngrán,仍然,我仍然很喜欢吃中餐,Wǒ réngrán hěn xǐ huān chī zhōng cān,J'aime encore beaucoup manger en chinois.,,
HSK4,Audio,0aed5c647feb,"quotidiennement, tous les jours",rìcháng,日常,我每天都坚持做日常运动,Wǒ měi tiān dōu jiān chí zuò rìcháng yùndòng,Je fais de l'exercice quotidiennement tous les jours.,,
HSK4,Audio,33678aa85e1b,agenda,rìjì,日记,我每天都写日记,Wǒ měi tiān dōu xiě rìjì,Je tiens un journal chaque jour,,
HSK4,Audio,4a77056481e9,date,rìqī,日期,我出生的日期是1990年,Wǒ chūshēng de rìqī shì 1990 nián,Ma date de naissance est 1990.,,
HSK4,Audio,0e6e9e2fbe3c,"jour, vie, heure",rìzi,日子,我每天都在规划我的日子,Wǒ měi tiān dōu zài guī huà wǒ de rìzi,Je planifie chaque jour ma vie quotidienne,,
HSK4,Audio,6e8aa1e6a826,"entrer, entrer",rù,入,我要入学了,Wǒ yào rù xué le,Je vais entrer à l'université,,
HSK4,Audio,3e6336ce7da1,entrée,rùkǒu,入口,这栋大楼的入口很容易找到,Zhè dòng dàlóu de rùkǒu hěn róngyì zhǎo dào,L'entrée de ce grand bâtiment est facile à trouver,,
HSK4,Audio,f45bd2986b9c,"entrer à l'école, s'inscrire",rùxué,入学,我明年要入学了,Wǒ míng nián yào rùxué le,J'irai à l'école l'année prochaine,,
HSK4,Audio,c836b9593691,"s'enregistrer, emménager",rùzhù,入住,我已经入住了新公司,Wǒ yǐjīng rùzhù le xīn gōngsī,J'ai déjà emménagé dans la nouvelle entreprise,,
HSK4,Audio,f974eab1c6c9,"se promener, flâner",sànbù,散步,我喜欢在公园里散步,Wǒ xǐ huān zài gōng yuán lǐ sànbù,J'aime me promener dans le parc,,
HSK4,Audio,f62973dedfad,scanner un code,sǎomǎ,扫码,请扫码支付,Qǐng sǎomǎ zhīfù,Veuillez scanner le code pour payer,,
HSK4,Audio,9e4b3d8ffbbd,forêt,sēnlín,森林,我喜欢去森林里散步,Wǒ xǐ huān qù sēnlín lǐ sàn bù,J'aime aller me promener dans la forêt,,
HSK4,Audio,b798979839b1,"discuter, consulter",shāngliang,商量,我们需要商量一下这个问题,Wǒmen xūyào shāngliang yīxià zhè ge wèntí,Nous devons discuter de ce problème.,,
HSK4,Audio,12d5b5d12f0a,"produit, marchandise",shāngpǐn,商品,这个商品很贵,Gè zhè shāngpǐn hěn guì,Ce produit est très cher,,
HSK4,Audio,b78262a6fbb8,"triste, le cœur brisé",shāngxīn,伤心,这部电影太催泪了，看到最后我真的很伤心,"Zhè bù diànyǐng tài cuī lèi, kàn dào zuì hòu wǒ zhēn de hěn shāngxīn","Ce film est vraiment triste, à la fin, j'étais vraiment le cœur brisé",,
HSK4,Audio,24b3822cb761,"visiter, aller chez quelqu'un",shàngmén,上门,我去上门看望我的朋友,Wǒ qù shàngmén kànwàng wǒ de péngyǒu,Je vais rendre visite à mon ami chez lui.,,
HSK4,Audio,e049e370823a,"un peu, légèrement",shāo,稍,今天天气稍冷,Jīn tiān tiān qì shāo lěng,"Aujourd'hui, il fait un peu froid.",,
HSK4,Audio,d6480bc0eea4,"un peu, légèrement",shāowēi,稍微,今天的天气稍微热,Jīn tiān de tiān qì shāowēi rè,Le temps est un peu chaud aujourd'hui,,
HSK4,Audio,38189893d0b1,"rare, rarement vu",shǎojiàn,少见,这种动物在我们国家很少见,Zhè zhǒng dòngwù zài wǒmen guójiā hěn shǎojiàn,Cette espèce d'animal est rarement vue dans notre pays,,
HSK4,Audio,d0b5e68ac11b,"petite quantité, un peu",shǎoliàng,少量,她只喝了少量的咖啡,Tā zhǐ hē le shǎoliàng de kāfēi,Elle n'a bu qu'une petite quantité de café.,,
HSK4,Audio,48de5444afb0,"minorité, petit nombre",shǎoshù,少数,这个城市里只有少数人会说法语,Zhè ge chéngshì lǐ zhǐ yǒu shǎoshù rén huì shuō fǎyǔ,"Dans cette ville, seulement une minorité de personnes parlent français",,
HSK4,Audio,2400626114dd,"juvénile, adolescent, jeunesse",shàonián,少年,那个少年正在公园里踢足球,Nà ge shàonián zhèngzài gōngyuán lǐ tī zúqiú,Cet adolescent joue au football dans le parc,,
HSK4,Audio,65cb383262f3,"société, communauté",shèhuì,社会,在现代社会中，技术发展很快,"Zài xiàndài shèhuì zhōng, jìshù fāzhǎn hěn kuài","Dans la société moderne, les technologies se développent très vite",,
HSK4,Audio,2415ad24f08f,degrés Celsius,shèshìdù,摄氏度,今天的气温是二十五摄氏度,Jīn tiān de qì wén shì èr shí wǔ shè shì dù,La température actuelle est de vingt-cinq degrés Celsius.,,
HSK4,Audio,113d226379bb,"corps, soi-même, mesurer le mot pour les vêtements",shēn,身,我需要给你量一下身,Wǒ xūyào gěi nǐ liàng yī xià shēn,J'ai besoin de prendre tes mesures pour les vêtements.,,
HSK4,Audio,d11520d4206f,"profond, profond, (profondément, tard)",shēn,深,湖水很深,Hú shuǐ hěn shēn,L'eau du lac est très profonde,,
HSK4,Audio,fed0edb19ab5,"Carte d'identité, carte d'identité",shēnfènzhèng,身份证,我需要出示我的身份证,Wǒ xūyào chūshì wǒ de shēnfènzhèng,J'ai besoin de présenter ma carte d'identité,,
HSK4,Audio,8b1427a95e2e,"postuler, déposer une demande",shēnqǐng,申请,我想申请一份工作,Wǒ xiǎng shēnqǐng yī fèn gōngzuò,Je souhaite postuler pour un emploi,,
HSK4,Audio,c0ede771ca06,"même, à tel point que",shènzhì,甚至,他工作努力，甚至每天从早上8点到晚上10点都在忙,"Tā gōngzuò nǔlì, shènzhì měi tiān cóng zǎo shàng 8 diǎn dào wǎn shàng 10 diǎn dōu zài máng","Il travaille dur, même chaque jour de 8h du matin à 22h il est occupé.",,
HSK4,Audio,75ce11c6b48d,"donner naissance, produire, grandir",shēng,生,母亲生了一个儿子,Mǔqīn shēng le yī gè érzi,La mère a donné naissance à un fils,,
HSK4,Audio,a98067724a21,vie,shēngmìng,生命,我热爱生命,Wǒ rè ài shēngmìng,J'adore la vie,,
HSK4,Audio,58b5897920d4,"affaires, commerce",shēngyi,生意,他对做生意很有天赋,Tā duì zuò shēngyi hěn yǒu tiānfù,Il a un don pour les affaires,,
HSK4,Audio,5cfbe02449ac,province,shěng,省,我来自四川省,Wǒ lái zì sì chuān shěng,Je viens de la province du Sichuan,,
HSK4,Audio,ab7e4c83d2c7,"être laissé, rester",shèng,剩,還剩兩個蘋果,Huán shèng liǎng gè píng guǒ,Il reste deux pommes,,
HSK4,Audio,aa2a678e6a97,"échouer, échouer, échouer",shībài,失败,他在考试中失败了,Tā zài kǎoshì zhōng shībài le,Il a échoué à l'examen,,
HSK4,Audio,dddab80fea6d,"maître, ouvrier qualifié, adresse respectueuse pour un artisan",shīfu,师傅,我要向师傅学习手艺,Wǒ yào xiàng shīfu xuéxí shǒu yì,Je veux apprendre un métier auprès d'un maître.,,
HSK4,Audio,b554150d94af,"perdre, être perdu",shīqù,失去,我在火车站失去我的手机,Wǒ zài huǒchēzhàn shīqù wǒ de shǒujī,J'ai perdu mon téléphone à la gare.,,
HSK4,Audio,820513082c45,"enseignant et étudiant, enseignants et étudiants",shīshēng,师生,老师与学生之间的关系是师生,Lǎoshī yǔ xuéshēng zhījiān de guānxi shì shīshēng,La relation entre les enseignants et les étudiants est celle d'enseignants et d'étudiants.,,
HSK4,Audio,2b35172e6601,"être déçu, perdre espoir, déçu",shīwàng,失望,我对考试成绩感到失望,Wǒ duì kǎoshì chéngjī gǎnshòu shīwàng,Je suis déçu de mes résultats d'examen,,
HSK4,Audio,af36711c310e,"très, extrêmement, pleinement",shífēn,十分,今天的天气十分晴朗。,Jīn tiān de tiān qì shífēn qíng lǎng,Le temps est aujourd'hui extrêmement ensoleillé.,,
HSK4,Audio,31ac73fb4d15,"réalité, actualité, actuel, pratique",shíjì,实际,实际情况比我们想象的要更复杂,Shíjì qíngkuàng bǐ wǒmen xiǎngxiàng de yào gèng fùzá,La situation réelle est plus compliquée que ce que nous imaginons,,
HSK4,Audio,9a366778cc19,"horaire, emploi du temps",shíjiānbiǎo,时间表,我需要查看我的时间表,Wǒ xūyào chákàn wǒ de shíjiānbiǎo,J'ai besoin de vérifier mon emploi du temps,,
HSK4,Audio,6edc27898dcc,"en fait, en fait",shíjìshàng,实际上,实际上我不喜欢这个城市,Shíjìshàng wǒ bù xǐ huān zhè ge chéngshì,"En fait, je n'aime pas cette ville",,
HSK4,Audio,4bb13d56eaee,"nourriture, provisions",shípǐn,食品,我喜欢吃中国食品,Wǒ xǐ huān chī zhōng guó shípǐn,J'aime manger des spécialités chinoises,,
HSK4,Audio,1cd8c75512e7,"cafétéria, salle à manger",shítáng,食堂,我在食堂吃饭,Wǒ zài shítáng chī fàn,Je mange à la cafétéria,,
HSK4,Audio,22dceae4e3cd,nourriture,shíwù,食物,我最喜欢的食物是面条,Wǒ zuì xǐ huān de shí wù shì miàn tiáo,Ma nourriture préférée est les nouilles.,,
HSK4,Audio,a75011faf33e,"honnête, fiable, vraiment, en effet",shízài,实在,他是一个实在的人,Tā shì yī gè shízài de rén,Il est une personne honnête.,,
HSK4,Audio,6ab41ca1e538,"intersection, carrefour",shízì lùkǒu,十字路口,我每天要经过一个很大的十字路口,Wǒ měi tiān yào jīngguò yī gè hěn dà de shízì lùkǒu,Je passe tous les jours par une grande intersection.,,
HSK4,Audio,56c9a99aabbf,"fabriquer, provoquer, utiliser",shǐ,使,我会使用这个药使我的头痛好些,Wǒ huì shǐyòng zhè ge yào shǐ wǒ de tóutòng hǎo xiē,Je vais utiliser ce médicament pour faire disparaître ma migraine,,
HSK4,Audio,b9af72e4ad08,ambassade,shǐguǎn,使馆,法國駐華使館離這裡不遠,Fǎ guó zhù huá shǐ guǎn lí zhè lǐ bù yuǎn,L'ambassade de France en Chine est près d'ici,,
HSK4,Audio,094e0c033fe4,"utiliser, employer",shǐyòng,使用,我会使用电脑工作,Wǒ huì shǐyòng diànnǎo gōngzuò,Je vais utiliser l'ordinateur pour travailler,,
HSK4,Audio,19a2cbdeacc1,"marché, marché",shìchǎng,市场,北京是一个大市场,Běijīng shì yī gè dà shìchǎng,Pékin est un grand marché,,
HSK4,Audio,7ad1e4911e23,"que ce soit ou non, si",shìfǒu,是否,你喜欢中国菜是否比喜欢西餐,Nǐ xǐhuān zhōngguó cài shìfǒu bǐ xǐhuān xīcān,Aimes-tu la cuisine chinoise plus que la cuisine occidentale ?,,
HSK4,Audio,5c74f7e9378e,"convenir, s'adapter, convenir",shìhé,适合,这个餐厅适合家庭聚会,Gè zhè cān tīng shìhé jiā zú jù huì,Ce restaurant convient pour une réunion de famille,,
HSK4,Audio,2ee8888cfeb7,siècle,shìjì,世纪,二十一世纪是信息时代,Èrshíyī shìjì shì xìnxī shídài,Le XXIe siècle est l'ère de l'information,,
HSK4,Audio,e80ec9ef7e95,"vidéo, clip vidéo",shìpín,视频,我喜欢看视频,Wǒ xǐ huān kàn shìpín,J'aime regarder les vidéos,,
HSK4,Audio,262130428a05,"zone urbaine, centre-ville",shìqū,市区,公司位于市区,Gōngsī wèiyú shìqū,L'entreprise est située dans le centre-ville,,
HSK4,Audio,c61b91756773,"questions de test, copie d'examen",shìtí,试题,考试中的试题很难,Kǎoshì zhōng de shìtí hěn nán,Les questions de test de l'examen sont très difficiles,,
HSK4,Audio,233f317227eb,"s'adapter, s'adapter, s'adapter",shìyìng,适应,她能够非常快地适应新的工作环境,Tā nénggòu fēicháng kuài de shìyìng xīn de gōngzuò huánjìng,Elle peut s'adapter très rapidement à son nouvel environnement de travail,,
HSK4,Audio,04b46932aeb2,"facturer des frais, percevoir un paiement",shōufèi,收费,他们将对此收费,Tāmen jiāng duì cǐ shōufèi,Ils facturent des frais pour cela,,
HSK4,Audio,351dc7276926,"recevoir, recevoir, revenu, revenu",shōurù,收入,我的收入不多,Wǒ de shōurù bù duō,Mon revenu n'est pas élevé,,
HSK4,Audio,77425334198c,"mettre de l'ordre, ranger, emballer",shōushi,收拾,我要收拾我的房间,Wǒ yào shōushi wǒ de fángjiān,Je vais mettre de l'ordre dans ma chambre,,
HSK4,Audio,eae8cf605230,"écouter, se mettre à l'écoute",shōutīng,收听,我喜欢收听音乐,Wǒ xǐ huān shōu tīng yīn lè,J'aime écouter de la musique,,
HSK4,Audio,85a0cdedb9f5,"mesurer le mot pour les chansons, les poèmes, etc.",shǒu,首,这首歌真的很美,Zhè shǒu gē zhēn de hěn měi,Cette chanson est vraiment belle,,
HSK4,Audio,def4847e3464,capital,shǒudū,首都,北京是法国的首都,Bēijīng shì fǎguó de shǒudū,Pékin est la capitale de la France,,
HSK4,Audio,38b52f707a4c,"d'abord, d'abord, d'abord",shǒuxiān,首先,我首先要学习中文,Wǒ shǒuxiān yào xuéxí zhōngwén,"D'abord, je veux apprendre le chinois",,
HSK4,Audio,a61e2177c33b,"être incapable de supporter, être incapable de se tenir debout",shòubuliǎo,受不了,这件事情我真的受不了了,Zhè jiàn shìqing wǒ zhēn de shòubuliǎo le,Je suis vraiment incapable de supporter cette chose.,,
HSK4,Audio,d217f5f13458,"vendeur de billets, conducteur",shòupiàoyuán,售票员,火车上的售票员正在检查车票,Huǒchē shàng de shòupiàoyuán zhèngzài jiǎnchá chēpiào,Le vendeur de billets dans le train vérifie les billets.,,
HSK4,Audio,8c4516896f87,"être blessé, être blessé",shòushāng,受伤,我昨天受伤了,Wǒ zuótiān shòushāng le,J'ai été blessé hier,,
HSK4,Audio,adc6f4aec9bc,"perdre, être vaincu, transporter",shū,输,我输了这场比赛,Wǒ shū le zhè chǎng bǐsài,J'ai perdu ce match,,
HSK4,Audio,0eaa34faa57e,"mûr, cuit, mûr",shú/shóu,熟,这个西瓜已经熟了,Zhè ge xīguā yǐjīng shú le,Cette pastèque est déjà mûre,,
HSK4,Audio,30bb17bc08d4,"être familier avec, bien connaître",shúxi,熟悉,我已经熟悉了这段代码,Wǒ yǐjīng shúxi le zhè duàn dàimǎ,J'ai déjà bien conscience de ce code,,
HSK4,Audio,e3e59c40709b,vacances d'été,shǔjià,暑假,我喜欢暑假,Wǒ xǐ huān shǔjià,J'aime les vacances d'été,,
HSK4,Audio,2bc86fc759d0,"nombre, figure, plusieurs, quelques-uns",shù,数,我学习了几个数字，知道了 数 字是什么意思,"Wǒ xuéxí le jǐ gè shùzì, zhīdào le shù zì shì shénme yìsi","J'ai étudié quelques chiffres, je sais maintenant ce que signifie le mot 数.",,
HSK4,Audio,c7424a9d0a5d,"quantité, montant",shùliàng,数量,产品的数量不够,Chǎnpǐn de shùliàng bù gòu,La quantité de produits est insuffisante,,
HSK4,Audio,f3454a90a0ce,"bois, forêt",shùlín,树林,树林里有很多鸟,Shùlín lǐ yǒu hěn duō niǎo,Il y a beaucoup d'oiseaux dans la forêt,,
HSK4,Audio,cab39291233b,"chiffre, chiffre, nombre",shùzì,数字,数字很重要,Shùzì hěn zhòngyào,Les chiffres sont importants,,
HSK4,Audio,86d9487d053c,"beau, beau",shuài,帅,他很帅,Tā hěn shuài,Il est très beau,,
HSK4,Audio,501add08966a,"commodément, en passant",shùnbiàn,顺便,我去商店买东西，顺便帮你买了一瓶水,"Wǒ qù shāng diàn mǎi dōngxi, shùnbiàn bāng nǐ mǎi le yī píng shuǐ","Je vais au magasin acheter des choses, et je t'ai acheté une bouteille d'eau en passant.",,
HSK4,Audio,894c9f5cf95d,"bon, réussi, ça se passe bien",shùnlì,顺利,这次谈判进行得非常顺利,Zhè cì tán pàn jìnxíng de hěn shùnlì,Cette négociation se déroule très bien,,
HSK4,Audio,df683b75c0fa,"ordre, séquence",shùnxù,顺序,我们需要按照顺序排队,Wǒmen xūyào ān shùnxù páiduì,Nous devons nous aligner dans l'ordre.,,
HSK4,Audio,c5023e6d55ea,"façon de dire quelque chose, version, déclaration",shuōfǎ,说法,根据他的说法，公司会在下个月裁员,"Gēn jù tā de shuōfǎ, gōngsī huì zài xià gè yuè cáiyuán","Selon ses dires, l'entreprise licenciera des employés le mois prochain",,
HSK4,Audio,d2238c426dfb,"expliquer, clarifier, explication, instructions",shuōmíng,说明,使用说明书可以帮助我们了解产品的功能,Shǐyòng shuōmíng shū kěyǐ bāngzhù wǒmen liǎojiě chǎnpǐn de gōngnèng,Utiliser le manuel d'instructions peut nous aider à comprendre les fonctions du produit.,,
HSK4,Audio,dad06c3ed0a6,"manuel d'instructions, guide d'utilisation",shuōmíngshū,说明书,新买的电子产品都附有说明书,Xīn mǎi de diànzǐ chǎnpǐn dū fù yǒu shuōmíngshū,Les nouveaux produits électroniques sont livrés avec un manuel d'instructions.,,
HSK4,Audio,a6386c30f5ea,maître,shuòshì,硕士,他获得了硕士学位,Tā huò dé le shuòshì xuéwèi,Il a obtenu le diplôme de maître,,
HSK4,Audio,d5d3dcb2fd6c,"mourir, être mort, mort, extrêmement, à mort",sǐ,死,他被敌人杀死了,Tā bèi dírén shā sǐ le,Il a été tué par l'ennemi,,
HSK4,Audio,c59630d87a04,vitesse,sùdù,速度,他开车的速度很快,Tā kāi chē de sùdù hěn kuài,Il conduit très vite.,,
HSK4,Audio,4aef06e177cf,plastique,sùliào,塑料,我喜欢喝用塑料瓶装的水,Wǒ xǐ huān hē yòng sùliào píng zhuāng de shuǐ,J'aime boire de l'eau dans des bouteilles en plastique,,
HSK4,Audio,58254466e9d5,"aigre, acidulé",suān,酸,橙子很酸,Chéngzi hěn suān,L'orange est très aigre,,
HSK4,Audio,d9a11e977c72,yaourt,suānnǎi,酸奶,我喜欢吃酸奶,Wǒ xǐ huān chī suānnǎi,J'aime manger du yaourt,,
HSK4,Audio,2c6049754f0c,"calculer, compter, considérer, enfin",suàn,算,我会算账,Wǒ huì suàn zhàng,Je sais calculer les comptes,,
HSK4,Audio,49150ac6093f,"faire ce qu'on veut, décontracté, informel, de toute façon, peu importe",suíbiàn,随便,你随便坐哪儿都行,Nǐ suíbiàn zuò nǎ'r dū xíng,"Tu peux t'asseoir où tu veux, peu importe.",,
HSK4,Audio,3cd9f6b5452f,"avec, à la suite",suízhe,随着,随着科技的发展，生活变得更加便利,"Suízhe kējì de fāzhǎn, shēng huó biàn de gèng jiā biàn lì","Avec le développement de la technologie, la vie devient plus pratique",,
HSK4,Audio,53c39c1ba7db,petite fille,sūnnǚ,孙女,我有一个孙女叫莉莉,Wǒ yǒu yī gè sūnnǚ jiào lì lì,J'ai une petite fille qui s'appelle Lili,,
HSK4,Audio,c8d36da5d9c5,petit fils,sūnzi,孙子,我有一个孙子,Wǒ yǒu yī gè sūnzi,J'ai un petit-fils,,
HSK4,Audio,9eea8fa0b6b1,"tout, chaque, (posséder, possessions)",suǒyǒu,所有,所有的书都在书架上,Suǒyǒu de shū dōu zài shūjià shàng,Tous les livres sont sur les étagères,,
HSK4,Audio,6110b6385ebb,"Classificateur pour les machines, les véhicules, (plate-forme, scène)",tái,台,我有一台电脑,Wǒ yǒu yī tái diànnǎo,J'ai un ordinateur,,
HSK4,Audio,0034deaf71a0,"soulever, élever",tái,抬,我要抬起这个箱子,Wǒ yào tái qǐ zhè ge xiāngzǐ,Je veux soulever cette boîte.,,
HSK4,Audio,1a5915e12224,"relever la tête, lever les yeux",táitóu,抬头,当我听到自己的名字时，我会抬头看谁在叫我,"Dāng wǒ tīng dào zìjǐ de míngzì shí, wǒ huì táitóu kàn shéi zài jiào wǒ","Lorsque j'entends mon nom, je relève la tête pour voir qui m'appelle",,
HSK4,Audio,1e3efbcf5d85,"attitude, manière",tàidù,态度,她对工作的态度很认真,Tā duì gōngzuò de tàidù hěn rènzhēn,Elle a une attitude très sérieuse envers le travail,,
HSK4,Audio,c107f5976a35,"jouer, jaillir",tán,弹,孩子们喜欢弹钢琴,Háizimen xǐhuān tán gāngqín,Les enfants aiment jouer du piano,,
HSK4,Audio,734e5f63fd9c,"parler, discuter",tán,谈,他们喜欢谈政治,Tāmen xǐhuān tán zhèngzhì,Ils aiment parler de politique,,
HSK4,Audio,62b428591d8f,soupe,tāng,汤,我现在要喝一碗鸡汤,Wǒ xiàn zài yào hē yī wǎn jī tāng,Je vais maintenant boire une tasse de soupe de poulet,,
HSK4,Audio,149186e356d1,s'allonger,tǎng,躺,我准备躺在床上休息,Wǒ zhǔn bèi tǎng zài chuáng shàng xiū xī,Je vais m'allonger sur le lit pour me reposer,,
HSK4,Audio,6fe1609c5a4d,"mesurer le mot pour les voyages, les voyages",tàng,趟,我已经去趟法国,Wǒ yǐjīng qù tàng fǎguó,J'ai déjà fait un voyage en France,,
HSK4,Audio,1573bce57f5f,"discuter, discuter",tǎolùn,讨论,我们将对这个问题进行讨论,Wǒmen jiāng duì zhè ge wèntí jìnxíng tǎolùn,Nous allons discuter de ce problème,,
HSK4,Audio,0a4fc11089b8,"dégoûtant, ennuyeux, détester, détester",tǎoyàn,讨厌,我讨厌生鱼片,Wǒ tǎoyàn shēng yú piàn,Je déteste les sashimis.,,
HSK4,Audio,2668145ac4c5,"caractéristique, particularité",tèdiǎn,特点,这个产品的特点是质量好,Gè zhè chǎnpǐn de tèdiǎn shì zhìliàng hǎo,La caractéristique de ce produit est qu'il est de bonne qualité,,
HSK4,Audio,f5cfb69769ac,"porter, soulever, mentionner, élever",tí,提,她喜欢提着一个大包,Tā xǐhuān tí zhe yī gè dà bāo,Elle aime porter un grand sac,,
HSK4,Audio,20a584611294,"mettre en avant, proposer, susciter",tíchū,提出,会议上，他大胆提出了一些新想法,"Huìyì shàng, tā dàdǎn tíchū le jǐ gè xīn xiǎngfǎ","À la réunion, il a hardiment proposé quelques nouvelles idées",,
HSK4,Audio,e364519b5710,"mentionner, faire référence à",tídào,提到,每当我想起那次旅行，我就会提到那家很好吃的餐厅,"Měi dāng wǒ xiǎng qǐ nà cì lǚ xíng, wǒ jiù huì tídào nà jiā hěn hǎo chī de cān tīng","Chaque fois que je me souviens de ce voyage, je fais référence à ce très bon restaurant",,
HSK4,Audio,a67166394cb9,"fournir, fournir, offrir",tígōng,提供,这家公司提供很好的服务,Zhè jiā gōngsī tígōng hěn hǎo de fúwù,Cette entreprise offre de très bons services,,
HSK4,Audio,d2c48f780509,"avancer, progresser, faire quelque chose en avance",tíqián,提前,我将提前一小时到达会议场所,Wǒ jiāng tíqián yī xiǎoshí dào dá huìyì chǎngsuǒ,Je vais arriver une heure à l'avance sur le lieu de la réunion,,
HSK4,Audio,41d8e455ca88,"rappeler, alerter",tíxǐng,提醒,她提醒我要準时到达會議室,Tā tíxǐng wǒ yào zhǔn shí dào dá huì yì shì,Elle me rappelle de venir à la salle de réunion à l'heure prévue,,
HSK4,Audio,0e87fbe1c4bb,"subir un examen physique, passer un examen médical",tǐjiǎn,体检,明天我要去医院体检,Míng tiān wǒ yào qù yī yuàn tǐ jiǎn,"Demain, je vais à l'hôpital pour subir un examen physique.",,
HSK4,Audio,3e2178c6b37c,température corporelle,tǐwēn,体温,我现在体温有点高,Wǒ xiàn zài tǐwēn yǒu diǎn gāo,J'ai actuellement une température corporelle un peu élevée,,
HSK4,Audio,613d4f5024d7,poids corporel,tǐzhòng,体重,我的体重已经下降了,Wǒ de tǐzhòng yǐjīng xiàjiàng le,Mon poids corporel a déjà diminué,,
HSK4,Audio,b91d9a8d5371,"remplir, remplir (un formulaire)",tiánxiě,填写,请填写表格,Qǐng tiánxiě biǎogé,Veuillez remplir le formulaire,,
HSK4,Audio,a0f61c661eda,"condition, exigence, termes",tiáojiàn,条件,这是一个简单的工作条件,Zhè shì yī gè jiǎn dān de gōng zuò tiáojiàn,C'est une condition de travail simple,,
HSK4,Audio,06e7e5757cb8,"capacité d'écoute, audition",tīnglì,听力,我正在提高听力,Wǒ zhèngzài tīgāo tīnglì,Je suis en train d'améliorer mon audition.,,
HSK4,Audio,2971de45d5d0,"public, auditeurs",tīngzhòng,听众,演讲者要赢得听众的青睐,Yǎn jiǎng zhě yào yíng dé tīngzhòng de qīng lài,L'orateur doit gagner la faveur du public.,,
HSK4,Audio,8d08e3345864,"s'arrêter, s'arrêter",tíng,停,火车要停,Huǒchē yào tíng,Le train va s'arrêter,,
HSK4,Audio,279d9c7d584e,"se garer, arrêter un véhicule",tíngchē,停车,我在路边停车,Wǒ zài lù biān tíngchē,Je me gare sur le bord de la route,,
HSK4,Audio,7a3ca8befd5f,parking,tíngchēchǎng,停车场,公司旁边有一个停车场,Gōngsī piānbiān yǒu yī gè tíngchēchǎng,La société a un parking à côté.,,
HSK4,Audio,82f572eb4c37,"arrêter, cesser",tíngzhǐ,停止,火车马上要停止了,Huǒchē mǎshàng yào tíngzhǐ le,Le train va bientôt s'arrêter.,,
HSK4,Audio,d73845195b10,"traverser, mener à, relier, (mesurer un mot pour des ensembles entiers)",tōng,通,这条路可以直接通到市中心,Zhè tiáo lù kěyǐ zhíjiē tōng dào shì zhōngxīn,Cette route mène directement au centre-ville,,
HSK4,Audio,3c8efe0349ef,"traverser, traverser, au moyen de",tōngguò,通过,我通过学习中文提高了我的汉语水平,Wǒ tōngguò xuéxí zhōngwén tígāo le wǒ de hànyǔ shuǐpíng,J'ai amélioré mon niveau de chinois en l'apprenant.,,
HSK4,Audio,842d13ca7eaf,"notifier, informer, aviser, notification",tōngzhī,通知,学校将通过电子邮件通知学生考试结果,Xuéxiào jiāng tōngguò diànzǐ yóujiàn tōngzhī xuéshēng kǎo shì jiéguǒ,L'école informera les étudiants des résultats de l'examen par courriel.,,
HSK4,Audio,cecf586a1782,enfance,tóngnián,童年,我的童年很快乐,Wǒ de tóngnián hěn kuàilè,Mon enfance a été très heureuse,,
HSK4,Audio,0009b99404ed,"en même temps, entre-temps, d'ailleurs",tóngshí,同时,我爱吃饭同时也喜欢喝茶,Wǒ ài chī fàn tóngshí yě xǐ huān hē chá,J'adore manger et j'aime aussi boire du thé,,
HSK4,Audio,1ddaf9736edd,"pareil, semblable",tóngyàng,同样,我喜欢喝咖啡，我的妹妹也同样喜欢,"Wǒ xǐ huān hē kā fēi, wǒ de mèi mèi yě tóngyàng xǐ huān","J'aime boire du café, ma sœur aime également.",,
HSK4,Audio,eff34dd27848,"seau, baril",tǒng,桶,我有一个大桶,Wǒ yǒu yī gè dà tǒng,J'ai un grand seau,,
HSK4,Audio,1206df2c0093,"douloureux, douloureux, (extrêmement, amèrement)",tòng,痛,这件事对她来说很痛苦,Zhè jiàn shì duì tā láishuō hěn tòng,Cette chose est très douloureuse pour elle,,
HSK4,Audio,7c850fe37388,mal de tête,tóutòng,头痛,我有头痛,Wǒ yǒu tóutòng,J'ai mal à la tête,,
HSK4,Audio,cf4d8fcb8559,"image, dessin, diagramme, (planifier, schématiser)",tú,图,我会画一张地图来帮助你导航,Wǒ huì huà yī zhāng dì tú lái bāng zhù nǐ dǎo hǎng,Je vais dessiner une carte pour t'aider à naviguer,,
HSK4,Audio,b12ccff159fe,"image, image, photographie",túpiàn,图片,我喜欢看图片,Wǒ xǐ huān kàn túpiàn,J'aime regarder les images,,
HSK4,Audio,8ebf194562a6,"terre, sol, terre, (rustique, non raffiné)",tǔ,土,我是土生土长的农村人,Wǒ shì tǔ shēng tǔ zhǎng de nóng cūn rén,Je suis un paysan né et grandi à la campagne,,
HSK4,Audio,cc74ca1a444e,"pousser, pousser",tuī,推,我会推着自行车去学校,Wǒ huì tuī zhe zìxíngchē qù xuéxiào,Je vais pousser mon vélo pour aller à l'école,,
HSK4,Audio,31fa0e17fe30,"reporter, retarder",tuīchí,推迟,会议因天气原因推迟了,Huìyì yīn tiānqì yuányīn tuīchí le,La réunion a été reportée en raison du temps.,,
HSK4,Audio,f51bae351045,"lancer, pousser, introduire",tuīchū,推出,公司将在年底推出新产品,Gōngsī jiāng zài nián dǐ tuīchū xīn chǎnpǐn,L'entreprise lancera de nouveaux produits à la fin de l'année,,
HSK4,Audio,9bd48e0e88b7,"décoller, se débarrasser",tuō,脱,我要脱掉这件旧衣服,Wǒ yào tuō diào zhè jiàn jiù yīfu,Je vais me débarrasser de ce vieux vêtement,,
HSK4,Audio,1711066ce3dc,chaussettes,wàzi,袜子,我今天要买一双新袜子,Wǒ jīntiān yào mǎi yì shuāng xīn wàzi,"Aujourd'hui, je veux acheter une nouvelle paire de chaussettes",,
HSK4,Audio,b72066a0b390,"sortir, quitter la maison",wàichū,外出,我今天外出散步,Wǒ jīntiān wàichū sànbù,Je sors aujourd'hui pour me promener,,
HSK4,Audio,16f4f2fe1e74,"manteau, veste",wàitào,外套,今天我穿了一件蓝色的外套,Jīn tiān wǒ chuān le yī jiàn lán sè de wàitào,"Aujourd'hui, je porte un manteau bleu",,
HSK4,Audio,ea5cba2a5e82,"complet, total, complètement, absolument",wánquán,完全,我完全支持你的决定,Wǒ wánquán zhīchí nǐ de juédìng,Je soutiens complètement votre décision,,
HSK4,Audio,e6d8e6e7726c,bonne nuit,wǎn'ān,晚安,今晚我要早点睡觉，晚安,"Jīn wǎn wǒ yào zǎo diǎn shuì jiào, wǎn'ān","Je vais dormir tôt ce soir, bonne nuit",,
HSK4,Audio,4fcaf054c484,"dîner, souper",wǎncān,晚餐,我今晚会和朋友一起去吃晚餐,Wǒ jīn wǎn huì gēn péng yǒu yī qǐ qù chī wǎncān,Je vais dîner ce soir avec des amis.,,
HSK4,Audio,871053c44f45,faire des achats en ligne,wǎnggòu,网购,我喜欢网购，因为这样可以节省时间,"Wǒ xǐ huān wǎnggòu, yīn wèi zhè yàng kě yǐ jié shéng shí guò","J'aime faire des achats en ligne, car cela me permet de gagner du temps.",,
HSK4,Audio,9890c99e5370,"souvent, fréquemment",wǎngwǎng,往往,他往往会迟到会议,Tā wǎngwǎng huì chídào huìyì,Il est souvent en retard aux réunions,,
HSK4,Audio,dc99b5d962cb,page web,wǎngyè,网页,这个网站的网页加载速度很快,Gēi wǎngzhàn de wǎngyè jiǎzài sùdù hěn kuài,Le site web charge les pages très rapidement,,
HSK4,Audio,e1cab0e9849e,"internaute, internaute",wǎngyǒu,网友,很多网友喜欢在网上聊天,Hěn duō wǎngyǒu xǐ huān zài wǎng shàng liǎo tiān,Beaucoup d'internautes aiment discuter en ligne,,
HSK4,Audio,ba514dcede80,"URL du site Web, adresse Web",wǎngzhǐ,网址,请访问我们的网站网址,Qǐng fǎng wèn wǒmen de wǎngzhǐ,Veuillez visiter l'URL de notre site Web,,
HSK4,Audio,cf67134f72db,"dangereux, péril",wēixiǎn,危险,这条路很危险，需要注意,"Zhè tiáo lù hěn wēixiǎn, xūyào zhùyì","Cette route est très dangereuse, il faut faire attention",,
HSK4,Audio,e2ea99a1e02c,"goût, saveur",wèi,味,这道菜的味很好,Zhè dào cài de wèi hěn hǎo,Ce plat a un très bon goût,,
HSK4,Audio,107fefad1e69,"goût, saveur",wèidào,味道,这道菜的味道真好,Zhè dào cài de wèidào zhēn hǎo,Le goût de ce plat est vraiment excellent,,
HSK4,Audio,d202f196a8f6,"hygiène, assainissement, propre, hygiénique",wèishēng,卫生,学校非常重视卫生,Xuéxiào fēicháng zhòngshì wèishēng,L'école attache une grande importance à l'hygiène,,
HSK4,Audio,d96e61690eae,température,wēndù,温度,今天的温度会降低,Jīn tiān de wēndù huì jiàng dī,La température va baisser aujourd'hui,,
HSK4,Audio,87e6448db11a,"sentir, renifler",wén,闻,我闻到了新鲜的空气,Wǒ wén dàole xīnxiān de kōngqì,Je sens l'air frais.,,
HSK4,Audio,4a4f57c70d08,"document, dossier",wénjiàn,文件,这个文件很重要,Gè zhè ge wénjiàn hěn zhòngyào,Ce document est très important,,
HSK4,Audio,82a589f37c65,"essai, article",wénzhāng,文章,我写了一篇文章,Wǒ xiě le yī piān wénzhāng,J'ai écrit un article,,
HSK4,Audio,a690e2d5e864,"écriture, personnage",wénzì,文字,我会读写汉字的文字,Wǒ huì dú xiě hàn zì de wén zì,Je sais lire et écrire les caractères chinois d'écriture,,
HSK4,Audio,2551d73fc644,contaminé,wūrǎn,污染,空气污染是一个严重的问题,Kōng qì wūrǎn shì yī gè yán zhòng de wèn tí,La pollution de l'air est un problème grave,,
HSK4,Audio,c359becd8946,"manquer, ne pas avoir",wú,无,这里没有书,Zhèlǐ méi yǒu shū,Il n'y a pas de livre ici,,
HSK4,Audio,d48bbd6f444e,"incapable, incapable",wúfǎ,无法,我无法完成这项任务,Wǒ wúfǎ wánchóng zhè xiàng rènwù,Je suis incapable de compléter cette tâche,,
HSK4,Audio,ca0b0536adcf,"ennuyeux, ennuyeux",wúliáo,无聊,我觉得这个电影很无聊,Wǒ juéde zhè ge diànyǐng hěn wúliáo,Je trouve que ce film est vraiment ennuyeux,,
HSK4,Audio,2db5f80c2f9d,"quoi qu'il arrive, peu importe",wúlùn,无论,无论怎么做，我都会支持你,"Wúlùn zěnme zuò, wǒ huì zǒng shì zhīchí nǐ","Quoi qu'il arrive, je te soutiendrai toujours.",,
HSK4,Audio,a956931758b5,déjeuner,wǔcān,午餐,我通常在家吃午餐,Wǒ tōngcháng zài jiā chī wǔcān,Je mange généralement mon déjeuner à la maison,,
HSK4,Audio,1496710ceb49,"mal comprendre, mal comprendre",wùhuì,误会,我们之间产生了一个误会,Wǒmen zhījiān chǎnshēng le yī ge wùhuì,Il y a eu un malentendu entre nous,,
HSK4,Audio,fa6c1063d732,"sucer, inspirer, absorber",xī,吸,我喜欢吸入新鲜空气,Wǒ xǐ huān xī rù xīn xiān kōng qì,J'aime inspirer de l'air frais,,
HSK4,Audio,1a85042f8a4e,"région ouest, partie ouest",xībù,西部,上海的西部有一个大公园,Shànghǎi de xībù yǒu yí gè dà gōngyuán,Shanghai a un grand parc à l'ouest.,,
HSK4,Audio,b52b848340fb,tomate,xīhóngshì,西红柿,我喜欢吃西红柿,Wǒ xǐ huān chī xīhóngshì,J'aime manger des tomates,,
HSK4,Audio,fe34e9c80654,attirer,xīyǐn,吸引,这个产品的广告很吸引人,Gè zhè shāng pǐn de guǎng gào hěn xīyǐn rén,La publicité de ce produit est très attirante,,
HSK4,Audio,8940ed451f01,"fin, fin, détaillé",xì,细,她对细节非常细心,Tā duì xì jié hěn xì xīn,Elle est très attentive aux détails,,
HSK4,Audio,88d14896cd26,"prudent, attentif",xìxīn,细心,她是一个细心的护士,Tā shì yī gè xìxīn de hùshì,Elle est une infirmière prudente.,,
HSK4,Audio,59b1a403b178,"décliner, tomber, descendre",xiàjiàng,下降,经济危机导致股票下降,Jīngjì wēijī dǎozhì gǔpiào xiàjiàng,La crise économique a provoqué une chute des actions,,
HSK4,Audio,7910461c27a9,frais,xiān,鲜,我喜欢吃鲜美的水果,Wǒ xǐ huān chī xiān měi de shuǐ guǒ,J'aime manger des fruits frais et délicieux,,
HSK4,Audio,597088ca298e,fleur fraîche,xiānhuā,鲜花,我爱送给朋友鲜花,Wǒ ài sòng gěi pēng yǒu xiānhuā,J'adore offrir des fleurs fraîches à mes amis.,,
HSK4,Audio,00608c42605c,salé,xián,咸,今天晚餐煮了一碗咸汤,Jīn tiān wǎn cān zuì le yī wǎn xián tāng,"Aujourd'hui, pour le dîner, j'ai préparé une soupe salée.",,
HSK4,Audio,ba22659c09da,espèces,xiànjīn,现金,我只有现金,Wǒ zhǐ yǒu xiànjīn,J'ai seulement des espèces,,
HSK4,Audio,b5109145c518,"envier, admirer",xiànmù,羡慕,她对富人很羡慕,Tā duì fùrén hěn xiànmù,Elle envie les riches,,
HSK4,Audio,af5ad842f154,"en ligne, sur Internet",xiànshàng,线上,我喜欢在 线上 购物,Wǒ xǐ huān zài xiànshàng gòu wù,J'aime faire des achats en ligne.,,
HSK4,Audio,866f2c3b3b2d,hors ligne,xiànxià,线下,我喜欢在线下购物,Wǒ xǐ huān zài xiànxià gòu wù,J'aime faire des achats hors ligne,,
HSK4,Audio,fbfc05d240ac,"existant, actuellement disponible, à avoir actuellement",xiànyǒu,现有,公司现有五百名员工,Gōngsī xiànyǒu wǔbǎi míng yuángōng,L'entreprise a actuellement cinq cents employés.,,
HSK4,Audio,c37b2af33be1,parfumé,xiāng,香,这朵花很香,Zhè duǒ huā hěn xiāng,Cette fleur est très parfumée,,
HSK4,Audio,4503e619b850,"comparer avec, contraster",xiāngbǐ,相比,今年的天气比去年的天气好很多，相比之下更加温暖。,"Jīn nián de tiānqì bǐ qù nián de tiānqì hǎo hěn duō, xiāngbǐ zhī xià gèng jiā wēnnuǎn","Le temps cette année est beaucoup meilleur que l'année dernière, il est plus chaud en comparaison.",,
HSK4,Audio,2d5da4520814,"contraire, contraire, au contraire",xiāngfǎn,相反,他说他不喜欢这本书，相反，他很喜欢那一本,"Tā shuō tā bù xǐ huān zhè běn shū, xiāngfǎn, tā hěn xǐ huān nà yī běn","Il a dit qu'il n'aimait pas ce livre, au contraire, il aimait beaucoup celui-là.",,
HSK4,Audio,305a6ff12a30,"mutuelle, l'une l'autre",xiānghù,相互,他们相互帮助,Tāmen xiānghù bāngzhù,Ils s'entraident mutuellement,,
HSK4,Audio,d40882bcee91,"pareil, identique",xiāngtóng,相同,两个人的想法是相同的,Liǎng gè rén de xiǎngfǎ shì xiāngtóng de,Deux personnes ont la même idée,,
HSK4,Audio,3be4dc3c61b0,"détaillé, minutieux",xiángxì,详细,请仔细阅读说明,Qǐng xiángxì yǐ duì shuōmíng,Veuillez lire attentivement les instructions détaillées.,,
HSK4,Audio,0de506788eaa,"faire un son, sonner fort",xiǎng,响,警报器响了,Jǐngbào qì xiǎng le,La sirène a retenti,,
HSK4,Audio,20fca50b4e33,"pensée, idée, opinion",xiǎngfǎ,想法,我有一个很好的想法,Wǒ yǒu yī gè hěn hǎo de xiǎngfǎ,J'ai une très bonne idée,,
HSK4,Audio,32454cb32be2,"mesurer le mot pour les projets, les éléments",xiàng,项,这个项目有十个项,Gēi gè xiàng yǒu shí gè xiàng,Ce projet comporte dix éléments,,
HSK4,Audio,d87fdd7ee5a5,"actualités, messages, informations",xiāoxi,消息,我想知道最新的消息,Wǒ xiǎng zhīdào zuìxīn de xiāoxi,Je veux savoir les dernières actualités,,
HSK4,Audio,4934847fd407,"collation, repas léger",xiǎochī,小吃,我喜欢吃夜市的小吃,Wǒ xǐ huān chī yè shì de xiǎochī,J'aime manger les collations du marché nocturne,,
HSK4,Audio,3af13b01f3ec,"jeune homme, garçon",xiǎohuǒzi,小伙子,那个小伙子很有精神,Nà ge xiǎohuǒzi hěn yǒu jīngshén,Ce jeune homme est très dynamique,,
HSK4,Audio,3f76e2b8cad1,"roman, fiction",xiǎoshuō,小说,我喜欢读小说,Wǒ xǐ huān dú xiǎoshuō,J'aime lire des romans,,
HSK4,Audio,0ff798d2ddd7,"petit groupe, équipe",xiǎozǔ,小组,我们是一个紧密的小组,Wǒmen shì yīgè jīnmì de xiǎozǔ,Nous sommes un petit groupe solidaire,,
HSK4,Audio,d53949d4fc4d,"effet, résultat",xiàoguǒ,效果,这个新药的效果非常好,Zhè ge xīn yào de xiàoguǒ fēicháng hǎo,Cet nouveau médicament a un effet très bon,,
HSK4,Audio,71f481944935,"plaisanter, rire, plaisanter, rire de",xiàohua,笑话,他讲的笑话很好笑,Tā jiǎng de xiàohuà hěn hǎoxiào,Ses plaisanteries sont très drôles,,
HSK4,Audio,d857e560a37d,sang,xiě,血,他割手指流出血,Tā gē shǒuzhǐ liú chū xiě,Il s'est coupé le doigt et le sang a coulé.,,
HSK4,Audio,8af08cbb83d8,cœur,xīn,心,我爱我的心脏很健康,Wǒ ài wǒ de xīn zàng hěn jiàn kāng,J'aime que mon cœur soit très en bonne santé,,
HSK4,Audio,34967e3965ec,"dur, laborieux, travailler dur, peiner",xīnkǔ,辛苦,她为了家庭辛苦工作,Tā wèi le jiā zú xīnkǔ gōng zuò,Elle travaille dur pour sa famille,,
HSK4,Audio,60af6ca1fff9,"humeur, sentiment",xīnqíng,心情,今天我心情不好,Jīntiān wǒ xīnqíng bù hǎo,"Aujourd'hui, je suis de mauvaise humeur",,
HSK4,Audio,59834ff18d48,signal,xìnhào,信号,火车信号是红绿灯,Huǒchē xìnhào shì hóng lǜ dēng,Le signal du train est un feu rouge et vert.,,
HSK4,Audio,e66fac3a6cc0,"informations, messages",xìnxī,信息,她发来了很多信息,Tā fā le hěn duō xìnxī,Elle a envoyé beaucoup d'informations,,
HSK4,Audio,46a3294f593d,"confiance, foi",xìnxīn,信心,我对自己的能力有信心,Wǒ duì zìjǐ de nénglì yǒu xìnxīn,J'ai confiance en mes capacités,,
HSK4,Audio,8267f41f05af,"excité, ravi, exciter, être excité",xīngfèn,兴奋,我对这次旅行很兴奋,Wǒ duì zhè cì lǔxíng hěn xīngfèn,Je suis très excité pour ce voyage,,
HSK4,Audio,884c1c8347e7,étoile,xīngxing,星星,天空中有许多星星,Tiān kōng zhōng yǒu xǔ duō xīngxing,Le ciel est rempli d'étoiles,,
HSK4,Audio,c01c6afe6181,"se réveiller, se dégriser",xǐng,醒,他早上醒来感觉很好,Tā zǎo shàng xǐng lái gǎn jué hěn hǎo,Il s'est réveillé tôt le matin et se sentait très bien,,
HSK4,Audio,c93c032aefea,"suffixe signifiant nature, caractère, qualité",xìng,性,她的个性很开朗,Tā de gèxìng hěn kāilǎng,Elle a une personnalité très ouverte.,,
HSK4,Audio,44e72ec1c8ac,"genre, sexe",xìngbié,性别,她不知道自己的性别很重要,Tā bù zhīdào zìjǐ de xìngbié hěn zhòngyào,Elle ignore que son sexe est très important.,,
HSK4,Audio,cd0a95c44ffc,"bonheur, heureux, heureux",xìngfú,幸福,我觉得幸福是最重要的东西,Wǒ juéde xìngfú shì zuì zhòngyào de dōngxi,Je pense que le bonheur est la chose la plus importante.,,
HSK4,Audio,7171604cc40b,personnage,xìnggé,性格,他性格很好,Tā xìnggé hěn hǎo,Il a un bon caractère,,
HSK4,Audio,e74a398b9f2a,frères,xiōngdì,兄弟,我有两个兄弟,Wǒ yǒu liǎng gè xiōngdì,J'ai deux frères,,
HSK4,Audio,9d33691b503e,ours,xióng,熊,我在林中看到了一只大熊,Wǒ zài lín zhōng kàndào le yī zhī dà xióng,J'ai vu un grand ours dans la forêt,,
HSK4,Audio,44ee6cd3834e,"réparer, réparer",xiū,修,请修我的自行车,Qǐng xiū wǒ de zìxíngchē,"S'il vous plaît, réparez mon vélo",,
HSK4,Audio,ec4a4c27a9b5,"réparer, réparer",xiūlǐ,修理,电脑坏了需要修理,Diànnǎo huài le xūyào xiūlǐ,L'ordinateur est cassé et a besoin d'être réparé,,
HSK4,Audio,6d09f5bbad2d,"beaucoup, nombreux",xǔduō,许多,在这个国家，有很多山,"Zài zhè ge guójiā, yǒu xǔduō shān","Dans ce pays, il y a beaucoup de montagnes",,
HSK4,Audio,99bf997f028f,frais de scolarité,xuéfèi,学费,我必须支付学费,Wǒ bìxū zhīfù xuéfèi,Je dois payer les frais de scolarité,,
HSK4,Audio,9028c2ef099a,"collège, académie, institut",xuéyuàn,学院,北京大学是一个著名的学院,Běijīng dàxué shì yīgè zhùmíng de xuéyuàn,L'Université de Pékin est un collège connu.,,
HSK4,Audio,53b4a7bf6686,"appuyer, pousser vers le bas, alourdir",yā,压,我的书被重物压到了,Wǒ de shū bèi zhòng wù yā dào le,Mon livre a été écrasé par un objet lourd.,,
HSK4,Audio,f0635456387e,"pression, stress",yālì,压力,最近我正在经历很多压力,Zuìjìn wǒ zhèngzài jīnglì hěn duō yālì,"Récemment, je suis sous beaucoup de pression",,
HSK4,Audio,00df11a053c6,dentifrice,yágāo,牙膏,我每天早晨都会刷牙用牙膏,Wǒ měi tiān zǎo chén dū huì yòng yágāo,Je me brosse les dents avec du dentifrice chaque matin.,,
HSK4,Audio,22bd7b997caf,Asie,Yàzhōu,亚洲,亚洲是世界上最大的大陆,Yàzhōu shì shìjiè shàng zuì dà de dàlù,L'Asie est le plus grand continent du monde,,
HSK4,Audio,0862fe3d6376,"cigarette, fumée, brume",yān,烟,我喜欢吸烟,Wǒ xǐ huān xī yān,J'aime fumer,,
HSK4,Audio,5a45076f2034,sel,yán,盐,我喜欢吃有盐的饭,Wǒ xǐ huān chī yǒu yán de fàn,J'aime manger du riz salé,,
HSK4,Audio,7749972d6993,"strict, strict, restreindre strictement",yángé,严格,公司对员工的着装要求很严格,Gōngsī duì yuángōng de zhuózhū yāoqiú hěn yángé,L'entreprise a des exigences très strictes concernant la tenue vestimentaire de ses employés,,
HSK4,Audio,05938dd4ea16,"faire des recherches, étudier",yánjiū,研究,,,,,
HSK4,Audio,329f8d9037b4,"étudiant diplômé, postuniversitaire",yánjiūshēng,研究生,他是研究生,Tā shì yánjiūshēng,Il est un étudiant diplômé,,
HSK4,Audio,bcc3e036ba50,"sérieux, sévère, grave",yánzhòng,严重,这个问题是非常严重的,Zhè ge wèntí shì fēicháng yánzhòng de,Ce problème est extrêmement grave,,
HSK4,Audio,95e18e739fb2,"agir, jouer, jouer",yǎn,演,我喜欢在戏剧中演出,Wǒ xǐhuān zài xìjù zhōng yǎn chū,J'aime jouer dans des pièces de théâtre,,
HSK4,Audio,4f89b148147d,"chanter, jouer vocalement",yǎnchàng,演唱,周杰伦会演唱他的新歌,Zhōu Jiélún huì yǎnchàng tā de xīn gē,Zhōu Jiélún va chanter sa nouvelle chanson,,
HSK4,Audio,379db7abda79,"jouer, faire un spectacle",yǎnchū,演出,星期六晚上我将在剧院演出,Xīngqīliù wǎnshàng wǒ jiāng zài jùyuàn yǎnchū,"Samedi soir, je vais jouer au théâtre",,
HSK4,Audio,052fa2db2f63,"lunettes, lunettes",yǎnjìng,眼镜,我佩戴一副眼镜,Wǒ pèidài yī fú yǎnjìng,Je porte une paire de lunettes,,
HSK4,Audio,98dbfbd2ad8b,"sous les yeux, en ce moment",yǎnqián,眼前,现在眼前的大问题是如何解决它,Xiàn zài yǎn qián de dà wèntí shì rúhé jiějué tā,Le grand problème qui se pose actuellement est de savoir comment le résoudre.,,
HSK4,Audio,53f9033ee1a1,"acteur, interprète",yǎnyuán,演员,他是个演员,Tā shì ge yǎnyuán,Il est un acteur.,,
HSK4,Audio,dfa8065d2cd2,"soleil, soleil",yángguāng,阳光,我喜欢夏天的阳光,Wǒ xǐ huān xià tiān de yáng guāng,J'aime le soleil d'été,,
HSK4,Audio,6938a4ae1d1b,"développer, cultiver, former",yǎngchéng,养成,我想通过学习和实践来养成良好的习惯,Wǒ xiǎng tōng guò xué xí hé shí jiàn lái yǎng chéng liáng hǎo de xí guàn,Je veux développer de bonnes habitudes à travers l'apprentissage et la pratique.,,
HSK4,Audio,7b0f83d46a5b,"apparence, aspect, manière",yàngzi,样子,今天的天气很好，阳光灿烂的样子真美,"Jīn tiān de tiān qì hěn hǎo, yáng guāng càn làn de yàng zǐ zhēn měi","Aujourd'hui, le temps est très beau, l'aspect ensoleillé est vraiment magnifique",,
HSK4,Audio,3fdb8e2ddf45,inviter,yāoqǐng,邀请,他们邀请我参加婚礼,Tāmen yāoqǐng wǒ cānjiā hūn lǐ,Ils m'ont invité au mariage,,
HSK4,Audio,f8831146b207,"si, supposons",yàoshi,要是,要是你累了就休息,Yàoshì nǐ lèi le jiù xiūxí,"Si vous êtes fatigué, reposez-vous",,
HSK4,Audio,7626c6d8a05b,clé,yàoshi,钥匙,我丢了我的钥匙,Wǒ diūle wǒ de yàoshi,J'ai perdu ma clé,,
HSK4,Audio,ed52ddc062c1,"peut-être, peut-être",yěxǔ,也许,明天下雨也许会取消郊游,Míngtiān xià yǔ yěxǔ huì qǔxiāo jiāoyóu,"Demain, s'il pleut, peut-être que notre excursion sera annulée",,
HSK4,Audio,0714c47ecb48,"nuit, mesurez le mot pour les segments de la nuit",yè,夜,今夜很美,Jīn yè hěn měi,La nuit d'aujourd'hui est très belle,,
HSK4,Audio,a762287c69e0,"nuit, soir",yèwǎn,夜晚,我喜欢在夜晚散步,Wǒ xǐ huān zài yè wǎn sàn bù,J'aime me promener le soir.,,
HSK4,Audio,98ec269f6e1e,feuille,yèzi,叶子,树上有很多叶子,Shù shàng yǒu hěn duō yèzi,L'arbre a beaucoup de feuilles,,
HSK4,Audio,5a9ee8433c8d,tout,yíqiè,一切,一切都是为了爱,Yíqiè dōu shì wèi le ài,Tout est pour l'amour,,
HSK4,Audio,ec82eb008378,déjà,yǐ,已,我已经吃完了饭,Wǒ yǐ jiē wán le fàn,J'ai déjà fini de manger,,
HSK4,Audio,a2e0dd8f5466,dans,yǐnèi,以内,我需要完成作业以内一个小时,Wǒ xūyào wánchénge zuòyè yǐnèi yī gè xiǎoshí,Je dois finir mes devoirs dans une heure,,
HSK4,Audio,c09ecd2377fa,avis,yìjiàn,意见,我对这个问题有一个自己的意见,Wǒ duì zhè ge wèn tí yǒu yī gè zì jǐ de yì jiàn,J'ai une opinion personnelle sur cette question,,
HSK4,Audio,96f1e92b51b9,"toute la vie, toute la vie",yìshēng,一生,我将会一生为她付出爱,Wǒ jiāng huì yìshēng wèi tā fùchū ài,Je vais passer toute ma vie à l'aimer.,,
HSK4,Audio,6ec2a0188f1f,art,yìshù,艺术,我喜欢学习艺术,Wǒ xǐhuān xuéxí yìshù,J'aime apprendre l'art,,
HSK4,Audio,ad9bc763baf3,donc,yīncǐ,因此,天气很热，因此我要去游泳,"Tiānqì hěn rè, yīncǐ wǒ yào qù yóu yǒng","Il fait très chaud, donc je vais aller nager",,
HSK4,Audio,6d9301d1d1a9,cause,yǐnqǐ,引起,大雨引起洪水,Dà yǔ yǐnqǐ hóng shuǐ,La pluie abondante cause des inondations,,
HSK4,Audio,77f24cadda43,impression,yìnxiàng,印象,第一次见面给我留下了很好的印象,Dì yī cì jiànmiàn gěi wǒ liú xià le hěn hǎo de yìnxiàng,La première rencontre m'a laissé une excellente impression,,
HSK4,Audio,f97b4617f383,gagner,yíng,赢,我会赢这场比赛,Wǒ huì yíng zhè chǎng bǐsài,Je vais gagner cette compétition,,
HSK4,Audio,13c258271f68,"gagner, gagner",yíngdé,赢得,他经过努力终于赢得了比赛,Tā jīngguò nǔlì zhōngyú yíngdé le bǐsài,Il a finalement gagné la compétition grâce à ses efforts.,,
HSK4,Audio,ad67efd9a9a9,postuler pour un emploi,yìngpìn,应聘,我准备好申请这个工作，所以我要去应聘,"Wǒ zhǔnbèi hǎo le shēnqǐng zhè ge gōngzuò, suǒyǐ wǒ yào qù yìngpìn","Je suis prêt à postuler pour cet emploi, donc je vais aller postuler.",,
HSK4,Audio,226a6c539d0c,"courageux, courageux",yǒnggǎn,勇敢,她是一个勇敢的女性,Tā shì yī gè yǒnggǎn de nǚxìng,Elle est une femme courageuse,,
HSK4,Audio,f4e55e34a636,"pour toujours, toujours, l'éternité",yǒngyuǎn,永远,我爱你永远,Wǒ ài nǐ yǒngyuǎn,Je t'aime pour toujours,,
HSK4,Audio,8b7b00b0291e,"être utilisé pour, servir de",yònglái,用来,这支笔用来写字,Zhè zhī bǐ yònglái xiě zì,Cette plume est utilisée pour écrire,,
HSK4,Audio,00e5597be434,"être utilisé pour, être appliqué à",yòngyú,用于,这个新技术用于解决交通问题,Gēi xīn de jìshù yòngyú jiějué jiāotōng wèntí,Cette nouvelle technologie est utilisée pour résoudre les problèmes de trafic,,
HSK4,Audio,14b2c7b27aa2,"avantage, mérite, point fort",yōudiǎn,优点,这个产品有很多优点,Gè zhè chǎnpǐn yǒu hěn duō yōudiǎn,Ce produit a beaucoup d'avantages,,
HSK4,Audio,417736883c9a,humoristique,yōumò,幽默,他拥有很好的幽默感,Tā yǒngyǒu hěn hǎo de yōumò gǎn,Il a très bon sens de l'humour,,
HSK4,Audio,393398f5b212,"excellent, exceptionnel",yōuxiù,优秀,这个学生的成绩非常优秀,Gè zhè ge xuésheng de chéngjì fēicháng yōuxiù,L'étudiant a des résultats scolaires extrêmement excellents.,,
HSK4,Audio,7dd3092ef724,"par, à travers, de, à cause de",yóu,由,今天的天气很好，是由空气清洁所致,"Jīn tiān de tiān qì hěn hǎo, shì yóu kōng qì qīng jié suǒ zhì","Le temps est très beau aujourd'hui, c'est dû à la propreté de l'air.",,
HSK4,Audio,8ee62a012920,"huile, graisse, graisse",yóu,油,汽车用了很多油,Qìchē yòng le hěn duō yóu,La voiture a utilisé beaucoup d'huile,,
HSK4,Audio,5f9abe71f01e,"surtout, particulièrement",yóuqí,尤其,她对音乐尤其是钢琴演奏特别感兴趣,Tā duì yīnyuè yóuqí shì gāngqín yǎnchàng tèbié gǎn xìngqù,"Elle est particulièrement intéressée par la musique, surtout le piano.",,
HSK4,Audio,4dfc6ee7e7f5,"jouer, s'amuser, faire du tourisme",yóuwán,游玩,今年暑假我会去海滩游玩,Jīn nián shǔ jià wǒ huì qù hǎi tān yóuwán,"Cette année, pendant les vacances d'été, j'irai faire du tourisme sur la plage.",,
HSK4,Audio,16b4135e3195,"à cause de, à cause de, à cause de",yóuyú,由于,由于下雨，今天我不能去公园,"Yóuyú xià yǔ, jīn tiān wǒ bù néng qù gōng yuán","À cause de la pluie, je ne peux pas aller au parc aujourd'hui",,
HSK4,Audio,629d74c94f7e,amical,yǒuhǎo,友好,中国人以对外国人的友好态度而闻名,Zhōngguó rén yǐ duì wàiguó rén de yǒuhǎo tàidù ér wén míng,Les Chinois sont célèbres pour leur attitude amicale envers les étrangers,,
HSK4,Audio,db29598d85b1,amitié,yǒuqíng,友情,真诚的友情是生命中的财富,Zhēn chéng de yǒuqíng shì shēng mìng zhōng de cáifù,Une amitié sincère est un trésor dans la vie.,,
HSK4,Audio,167d738acdbb,"intéressant, agréable, amusant",yǒuqù,有趣,这部电影很有趣,Zhè bù diànyǐng hěn yǒuqù,Ce film est très intéressant,,
HSK4,Audio,791d0b38bdca,"efficace, être efficace",yǒuxiào,有效,这个新政策是有效的。,Zhè ge xīn de zhèng cè shì yǒu xiào de,Cette nouvelle politique est efficace.,,
HSK4,Audio,b234fbfd8040,amitié,yǒuyì,友谊,我们之间的友谊永远不会结束,Wǒmen zhījiān de yǒuyì yǒngyuǎn bù huì jiéshù,Notre amitié ne prendra jamais fin,,
HSK4,Audio,3a33a74e67d1,"avoir, posséder",yǒuzhe,有着,上海有着许多高楼大厦,Shàng hǎi yǒu zhe xǔ duō gāo lóu dà shà,Shanghai a de nombreux gratte-ciel,,
HSK4,Audio,a7c20ff4d81d,"agréable, joyeux",yúkuài,愉快,今天的天气很愉快,Jīn tiān de tiān qì hěn yú kuài,Le temps est agréable aujourd'hui,,
HSK4,Audio,b0616bb9e384,"donc, donc, donc",yúshì,于是,我忘了钥匙于是回家取,Wǒ wàng le yàoshi yúshì huí jiā qǔ,"J'ai oublié mes clés, donc je suis retourné chez moi pour les prendre",,
HSK4,Audio,75cb370f7128,"avec, et",yǔ,与,我与朋友一起去公园,Wǒ yǔ péngyǒu yīqǐ qù gōngyuán,Je vais au parc avec mon ami,,
HSK4,Audio,34a455d3a3d3,grammaire,yǔfǎ,语法,我学的是中文语法,Wǒ xué de shì zhōng wén yǔfǎ,J'étudie la grammaire chinoise,,
HSK4,Audio,54aae0f48b27,"prévisualiser, préparer",yùxí,预习,我要预习一下明天的课程,Wǒ yào yùxí yīxià míngtiān de kèchéng,Je vais prévisualiser les cours de demain.,,
HSK4,Audio,f7e7f4ed8fc9,"original, ancien, à l'origine, en fait",yuánlái,原来,我原来以为他不在家,Wǒ yuánlái yǐwèi tā bù zài jiā,J'ai cru à l'origine qu'il n'était pas à la maison,,
HSK4,Audio,6904066b1033,"pardonner, excuser, pardonner",yuánliàng,原谅,请原谅我迟到的到来,Qǐng yuánliàng wǒ chí dào de dào lái,Excusez-moi d'être en retard.,,
HSK4,Audio,d10582bd4708,"cause, raison",yuányīn,原因,她生病的原因是工作太累了,Tā shēngbìng de yuányīn shì gōngzuò tài lèi le,Elle est malade parce que son travail est trop fatigant,,
HSK4,Audio,6fe94fc4ad79,"rester à l'écart, se tenir à l'écart",yuǎnlí,远离,我会远离那些不良习惯,Wǒ huì yuǎnlí nàxiē bùliáng xíguàn,Je vais rester à l'écart de ces mauvaises habitudes,,
HSK4,Audio,d20d4550f0f2,"doyen, directeur d'un collège ou d'un institut",yuànzhǎng,院长,大学的院长是李教授,Dàxué de yuànzhǎng shì lǐ jiàoshòu,Le doyen de l'université est le professeur Li,,
HSK4,Audio,ba14791226fb,"cour, cour",yuànzi,院子,我家有一个大院子,Wǒ jiā yǒu yī gè dà yuànzi,J'ai une grande cour à la maison,,
HSK4,Audio,495fb6626f29,"prendre rendez-vous, environ, environ",yuē,约,我大约三点钟会到,Wǒ dà yuē sān diǎn zhōng huì dào,J'arriverai vers trois heures.,,
HSK4,Audio,d1ad93282b8e,"à ce jour, se rencontrer, date, rendez-vous",yuēhuì,约会,我和朋友约会去看电影,Wǒ hé péngyou yuēhuì qù kàn diànyǐng,Je vais au cinéma avec mon ami pour un rendez-vous.,,
HSK4,Audio,a4dbdd17d348,gâteau de lune,yuèbing,月饼,我最喜欢吃的中秋节食物是月饼,Wǒ zuì xǐ huān chī de zhōng qiū jié shí wù shì yuèbing,Mon aliment préféré pendant la fête de la mi-automne est le gâteau de lune,,
HSK4,Audio,e62cd6333d25,"lire, lire à haute voix",yuèdú,阅读,我喜欢阅读书籍,Wǒ xǐhuān yuèdú shūjí,J'aime lire des livres,,
HSK4,Audio,e5c534fa9a74,mois,yuèfèn,月份,我出生在一月份,Wǒ chūshēng zài yī yuèfèn,Je suis né en janvier.,,
HSK4,Audio,56da4e00d70f,nuage,yún,云,今天天空中有许多云,Jīn tiān tiān kōng zhōng yǒu xǔ duō yún,"Aujourd'hui, il y a beaucoup de nuages dans le ciel",,
HSK4,Audio,ffed74497d16,"permettre, permettre",yǔnxǔ,允许,该公司允许员工在家工作,Gāi gōngsī yǔnxǔ yuángōng zài jiā gōngzuò,L'entreprise permet aux employés de travailler à domicile,,
HSK4,Audio,456c1a8dce31,revue,zázhì,杂志,我喜欢读杂志,Wǒ xǐhuān dú zázhì,J'aime lire des revues,,
HSK4,Audio,9fb975640870,"encore une fois, encore une fois",zàicì,再次,我再次去中国,Wǒ zàicì qù Zhōngguó,Je vais encore une fois en Chine,,
HSK4,Audio,68c3c0aedb88,"reporter, reporter, d'ailleurs, d'ailleurs",zàishuō,再说,我不知道他是否会来，反正再说他也没给我打电话,"Wǒ bù zhīdào tā shìfǒu huì lái, fǎnzhèng zàishuō tā yě méi gěi wǒ dǎ diànhuà","Je ne sais pas s'il va venir, d'ailleurs il ne m'a pas appelé au téléphone",,
HSK4,Audio,a56290644c1a,"temporaire, pour le moment",zànshí,暂时,我暂时不会讲法语,Wǒ zànshí bù huì jiǎng fǎyǔ,Je ne parle pas français pour le moment,,
HSK4,Audio,c779e056e7a9,"suspendre, faire une pause",zàntíng,暂停,我们需要暂停一下工作，重新审视计划,"Wǒmen xūyào zàntíng yīxià gōngzuò, chóngxīn shěnshì jìhuà","Nous devons suspendre le travail pendant un moment, pour réexaminer le plan.",,
HSK4,Audio,0d3a950270c2,petit-déjeuner,zǎocān,早餐,我喜欢吃早餐,Wǒ xǐ huān chī zǎocān,J'aime manger le petit-déjeuner,,
HSK4,Audio,1ca47b09bdc0,matin,zǎochen,早晨,我喜欢早晨散步,Wǒ xǐhuān zǎochen sàn bù,J'aime faire une promenade le matin,,
HSK4,Audio,d9456cb889ff,"responsabilité, devoir",zérèn,责任,我觉得每个人都应该对自己的行为负责,Wǒ juéde měi gè rén dū yīng gāi duì zìjǐ de xíngwéi fù zérèn,Je pense que chaque personne devrait prendre la responsabilité de ses actes,,
HSK4,Audio,e4ecc5e52bf1,"augmenter, ajouter, augmenter",zēngjiā,增加,,,,,
HSK4,Audio,83e9bee50932,"augmenter, grandir, s'élever",zēngzhǎng,增长,中国的经济增长很快,Zhōngguó de jīngjì zēngzhǎng hěn kuài,L'économie chinoise croît très rapidement,,
HSK4,Audio,ec89b96ce644,"recruter, embaucher",zhāopìn,招聘,这家公司正在招聘新员工,Zhè jiā gōng sī zhèng zài zhāo pìn xīn yuán gōng,Cette entreprise est en train de recruter de nouveaux employés,,
HSK4,Audio,0539db499636,"prendre feu, s'enflammer",zháohuǒ,着火,树林着火了,Shù lín zháohuǒ le,La forêt a pris feu,,
HSK4,Audio,b3d08c46b0d0,"suffixe signifiant personne, celui qui",zhě,者,他是教师,Tā shì jiào shī,Il est enseignant,,
HSK4,Audio,13aaa328e94f,"vrai, authentique, véritablement, en effet",zhēnzhèng,真正,这是一个真正的爱情故事,Zhè shì yī gè zhēnzhèng de ài qíng gù shì,C'est une histoire d'amour véritable.,,
HSK4,Audio,8cbc5dbf6011,"entier, complet, entier",zhěng,整,这本书是整本的,Zhè běn shū shì zhěng běn de,Ce livre est complet.,,
HSK4,Audio,4f54d5eccdd9,"entier, entier, tout",zhěnggè,整个,整个项目都由他完成了,Zhěnggè xiàngmù dōu yóu tā wánchéng le,Il a terminé tout le projet.,,
HSK4,Audio,fc906028e543,"arranger, mettre en ordre, ranger",zhěnglǐ,整理,请帮我整理这些文件,Qǐng bāng wǒ zhěnglǐ zhè xiē wén jiàn,"S'il vous plaît, aidez-moi à mettre ces fichiers en ordre.",,
HSK4,Audio,39a84185eb5e,"certificat, preuve, preuve",zhèng,证,我已经拿到了毕业证,Wǒ yǐjīng ná le bì yè zhèng,J'ai déjà obtenu mon certificat de diplôme,,
HSK4,Audio,97274a67cd71,"normal, régulier, convenable",zhèngcháng,正常,今天的天气正常,Jīn tiān de tiān qì zhèngcháng,Le temps est normal aujourd'hui,,
HSK4,Audio,2478cea8977f,"exactement, juste à temps, par hasard",zhènghǎo,正好,我赶到车站正好赶上末班车,Wǒ gǎn dào chē zhàn zhènghǎo gǎn shàng mò bān chē,J'arrive à la gare juste à temps pour prendre le dernier train.,,
HSK4,Audio,fabb1889ccdb,"Carte d'identité, informations d'identification, papiers d'identité",zhèngjiàn,证件,请出示您的证件,Qǐng chū shì nín de zhèngjiàn,Veuillez présenter votre carte d'identité,,
HSK4,Audio,563ec505992c,"prouver, démontrer, preuve, certificat",zhèngmíng,证明,证件可以证明我的身份,Zhèngjiàn kěyǐ zhèngmíng wǒ de shēnfén,Le certificat peut prouver mon identité,,
HSK4,Audio,4b58fd2e21e8,"correct, juste, précis",zhèngquè,正确,这是一个正确的答案,Zhè shì yī gè zhèngquè de dá àn,C'est une réponse correcte,,
HSK4,Audio,fc9e7ac8ff53,"formel, officiel",zhèngshì,正式,会议将在星期五下午3点正式开始,Huìyì jiāng zài xīngqīwǔ xiàwǔ 3 diǎn zhèngshì kāishǐ,La conférence va commencer officiellement vendredi à 15h.,,
HSK4,Audio,e5a4d0cc7686,mot auxiliaire (classique),zhī,之,这本书是我的,Zhè ben shū shì wǒ de,Ce livre est à moi,,
HSK4,Audio,e6c6347d59a2,"soutenir, soutenir",zhīchí,支持,政府对企业的发展给予了大力的支持,Zhèngfǔ duì qǐyè de fāzhǎn jǐyǔ le dàlì de zhīchí,Le gouvernement apporte un grand soutien au développement des entreprises.,,
HSK4,Audio,d8670607e391,payer (de l'argent),zhīfù,支付,我已经支付了账单,Wǒ yǐjīng zhīfù le zhàngdān,J'ai déjà payé la facture,,
HSK4,Audio,0afab5dd6ab7,"après, plus tard, derrière",zhīhòu,之后,我去商店之后买了些水果,Wǒ qù shāng diàn zhīhòu mǎi le xiē shuǐ guǒ,J'ai acheté des fruits après être allé au magasin,,
HSK4,Audio,cfcc7382a4af,"entre, parmi",zhījiān,之间,朋友之间要相互帮助,Péngyǒu zhījiān yào xiānghù bāngzhù,Les amis doivent s'entraider.,,
HSK4,Audio,1700fc1644a0,"avant, avant",zhīqián,之前,我之前去过中国,Wǒ zhīqián qùguò Zhōngguó,Je suis allé en Chine avant,,
HSK4,Audio,62a591046b7c,connaissance,zhīshi,知识,她分享自己的知识和经验,Tā fēnxiǎng zìjǐ de zhīshi hé jīngyàn,Elle partage ses connaissances et expériences.,,
HSK4,Audio,61eb871b7ca5,"parmi, à l'intérieur",zhīzhōng,之中,上海是我最喜欢的城市之一之中,Shànghǎi shì wǒ zuì xǐ huān de chéng shì zhī zhōng yī gè,Shanghai est l'une de mes villes préférées parmi plusieurs autres.,,
HSK4,Audio,4b6e90d6deca,"avoir de la valeur, avoir de la valeur, être utile",zhí,值,你的帮助对我有很大价值,Nǐ de bāngzhù duì wǒ yǒu hěn dà zhí,Votre aide a une grande valeur pour moi,,
HSK4,Audio,6d156b36b619,"valoir, mériter",zhídé,值得,这个风景很漂亮，值得我们一看,"Zhège fēngjǐng hěn piàoliang, zhídé wǒmen yī kàn","Ce paysage est très beau, cela vaut la peine que nous le regardions.",,
HSK4,Audio,d8c71076a1a8,"direct, simple",zhíjiē,直接,我可以直接给你答案,Wǒ kěyǐ zhíjiē gěi nǐ dá'àn,Je peux te donner directement la réponse,,
HSK4,Audio,15c22b96b14a,"plante, végétation",zhíwù,植物,我喜欢研究植物,Wǒ xǐ huān yán jiū zhíwù,J'aime étudier les plantes,,
HSK4,Audio,47e3bdd374be,"profession, profession",zhíyè,职业,我的职业是教师,Wǒ de zhíyè shì jiào shī,Mon métier est enseignant,,
HSK4,Audio,cd235b93dbce,"pointer vers, indiquer",zhǐ,指,我指向地图上的中国,Wǒ zhǐ xiàng dìtú shàng de zhōngguó,Je pointe vers la Chine sur la carte,,
HSK4,Audio,d97fc51b66ca,"signaler, indiquer",zhǐchū,指出,专家指出这种现象与气候变化有关,Zhuān jiā zhǐchū zhè zhǒng xiànxiàng yǔ qìhòu biàn huà yǒu guān,L'expert signale que ce phénomène est lié au changement climatique,,
HSK4,Audio,9aa41ebb47af,"devoir, être forcé de",zhǐhǎo,只好,时间不多，只好先回家,"Shíjiān bù duō, zhǐhǎo xiān huí jiā","Le temps est court, je suis forcé de rentrer chez moi dès maintenant",,
HSK4,Audio,b575c79dce0c,"papier de soie, serviette",zhǐjīn,纸巾,我需要用纸巾,Wǒ xūyào yòng zhǐjīn,J'ai besoin d'une serviette,,
HSK4,Audio,53c1071390d6,qualité,zhìliàng,质量,这个产品的质量非常好,Gēi gè shāng pǐn de zhìliàng fēicháng hǎo,La qualité de ce produit est très bonne,,
HSK4,Audio,e4f51ff9feb8,au moins,zhìshǎo,至少,我每周至少锻炼三次,Wǒ měi zhōu zhìshǎo duàn liàn sān cì,Je fais au moins trois séances d'exercice par semaine,,
HSK4,Audio,7514aaf894eb,"Cuisine chinoise, repas chinois",zhōngcān,中餐,我最喜欢吃的就是中餐,Wǒ zuì xǐ huān chī de jiù shì zhōng cān,Ce que je préfère manger c'est la cuisine chinoise,,
HSK4,Audio,a88d2f036391,âge moyen,zhōngnián,中年,現在我已經是中年了,Xiàn zài wǒ yǐjīng shì zhōngnián le,"Maintenant, je suis déjà d'âge moyen.",,
HSK4,Audio,e645ed21648f,"point clé, emphase, principalement, avec insistance",zhòngdiǎn,重点,今天的重点是完成这个项目,Jīn tiān de zhòng diǎn shì wán chéng zhè ge xiàng mù,L'objectif principal pour aujourd'hui est de terminer ce projet,,
HSK4,Audio,2fea468c0f87,"prêter attention, valoriser",zhòngshì,重视,我们应该重视环境保护,Wǒmen yīnggāi zhòngshì huánjìng bǎohù,Nous devons valoriser la protection de l'environnement,,
HSK4,Audio,2ace19bcdea6,"autour, entourant",zhōuwéi,周围,城市周围有许多公园,Chéng shì zhōuwéi yǒu xǔ duō gōng yuán,La ville est entourée de nombreux parcs,,
HSK4,Audio,6f5d748fa6db,"idée, pensée, plan",zhǔyi,主意,我有一个好主意,Wǒ yǒu yī gè hǎo zhǔyi,J'ai une bonne idée,,
HSK4,Audio,e90f4faaa800,"souhaiter, exprimer de bons vœux",zhù,祝,我祝你考试通过,Wǒ zhù nǐ kǎoshì tōngguò,Je vous souhaite de réussir à l'examen,,
HSK4,Audio,8c0c66f5726a,féliciter,zhùhè,祝贺,我祝贺你通过考试,Wǒ zhùhè nǐ tōngguò kǎoshì,Je te félicite pour avoir réussi l'examen,,
HSK4,Audio,ae35f08634cc,"célèbre, bien connu",zhùmíng,著名,他是著名的艺术家,Tā shì zhùmíng de yìshùjiā,Il est un artiste célèbre,,
HSK4,Audio,1137e896592d,"spécialement, spécifiquement, spécial",zhuānmén,专门,这是专门为你准备的礼物,Zhè shì zhuānmén wèi nǐ zhǔn bèi de lǐwù,C'est un cadeau spécialement préparé pour toi,,
HSK4,Audio,1736438c7df2,"spécialité, majeure",zhuānyè,专业,我的专业是计算机科学,Wǒ de zhuānyè shì jìsuànjī kēxué,Ma spécialité est l'informatique,,
HSK4,Audio,052f7ed083c4,"tourner, déplacer, transférer",zhuǎn,转,她把公司转到了新址,Tā bǎ gōngsī zhuǎn dào le xīn zhǐ,Elle a transféré l'entreprise à une nouvelle adresse,,
HSK4,Audio,cfa68e52f0e8,"transférer (un message), retweeter",zhuǎnfā,转发,请转发这条消息给你的朋友,Qǐng zhuǎnfā zhè tiáo xiāoxī gěi nǐ de péngyǒu,Veuillez retweeter ce message à vos amis,,
HSK4,Audio,375486ffa529,"transférer (vol), changer d'avion",zhuǎnjī,转机,飞机在巴黎转机,Fēijī zà bā lí zhuǎn jī,L'avion fait une escale à Paris pour changer d'avion.,,
HSK4,Audio,87fc4b2c5f5e,"gagner, faire du profit",zhuàn,赚,我今年通过投资股票赚了很多钱,Wǒ jīnnián tōngguò tóuzī gǔpiào zhuànle hěn duō qián,J'ai gagné beaucoup d'argent cette année en investissant dans des actions.,,
HSK4,Audio,913140ef12cb,"charger, emballer, faire semblant, installer",zhuāng,装,我要装一个新电脑,Wǒ yào zhuāng yī gè xīn diànnǎo,Je vais installer un nouvel ordinateur,,
HSK4,Audio,ecc1b8c29a59,"précis, exact, standard, (certainement, certainement)",zhǔn,准,这个尺子非常准,Gè zhè zhījī hěn zhǔn,Cette règle est très précise,,
HSK4,Audio,3a94384fb899,"exact, précis",zhǔnquè,准确,,,,,
HSK4,Audio,f4a95a73c612,"à l'heure, ponctuel",zhǔnshí,准时,我今天要准时到达会议室,Wǒ jīntiān yào zhǔnshí dào dá huìyìshì,Je dois arriver à l'heure à la salle de réunion aujourd'hui,,
HSK4,Audio,80ee4a298564,"matériaux, données, informations",zīliào,资料,公司需要收集有关新项目的资料,Gōngsī xūyào shōu jí guān yú xīn xiàngmù de zīliào,L'entreprise a besoin de collecter des informations sur le nouveau projet,,
HSK4,Audio,a45d8084d37f,"prudent, attentif, méticuleux",zǐxì,仔细,我要仔细检查这份报告,Wǒ yào zǐxì jiǎnchá zhè fèn bào gào,Je vais vérifier soigneusement ce rapport.,,
HSK4,Audio,c6bbd42fc5eb,"de, depuis, soi-même",zì,自,我自己做饭,Wǒ zìjǐ zuò fàn,Je cuisine moi-même.,,
HSK4,Audio,e016789c1fa4,"nature, naturel, naturellement, bien sûr",zìrán,自然,我们生活在自然界中,Wǒmen shēng huó zài zìrán jiè zhōng,Nous vivons dans la nature.,,
HSK4,Audio,5750a03fce7e,étudier seul,zìxí,自习,今天我要去自习室,Jīntiān wǒ yào qù zìxí shì,"Aujourd'hui, je vais aller à la salle d'étude individuelle",,
HSK4,Audio,28e481267195,"croire en soi, confiance en soi, confiant",zìxìn,自信,我对自己的能力有自信,Wǒ duì zìjǐ de nénglì yǒu zìxìn,J'ai confiance en mes capacités.,,
HSK4,Audio,0fcd4ebcfbeb,"s'auto-apprendre, s'auto-étudier",zìxué,自学,我喜欢自学新技能,Wǒ xǐhuān zìxué xīn jìnéng,J'aime m'auto-apprendre de nouvelles compétences,,
HSK4,Audio,814890e9e8b4,"résumer, résumer, résumer",zǒngjié,总结,我需要总结这篇文章,Wǒ xūyào zǒngjié zhè piān wénzhāng,J'ai besoin de résumer cet article,,
HSK4,Audio,ee7f1a821f70,"louer, embaucher",zū,租,我想租一套房子,Wǒ xiǎng zū yī tào fángzǐ,Je veux louer un appartement,,
HSK4,Audio,c7a09b871450,"groupe, équipe, (pour organiser, mesurer le mot pour les groupes)",zǔ,组,我们是一个团队组,Wǒmen shì yī gè tuántǐ zǔ,Nous sommes un groupe d'équipe,,
HSK4,Audio,983cad9d7a69,"final, ultime",zuìzhōng,最终,经过多次尝试，最终我成功了,"Jīngguò duō cì chángshì, zuìzhōng wǒ chénggōng le","Après plusieurs essais, j'ai finalement réussi",,
HSK4,Audio,f6d4952a47d6,"respecter, valoriser, respecté",zūnzhòng,尊重,我们应该尊重长辈,Wǒmen yīnggāi zūnzhòng zhǎngbèi,Nous devrions respecter les personnes âgées,,
HSK4,Audio,ea412ed040b6,"à propos, autour, à gauche et à droite, (pour contrôler)",zuǒyòu,左右,我要左右控制局势,Wǒ yào zuǒyòu kòngzhì júshì,Je veux contrôler la situation de toutes parts.,,
HSK4,Audio,003850725e36,"siège, lieu, mesure mot pour les sièges",zuò,座,会议室里有100个座位,Huìyì shì lǐ yǒu 100 gè zuò wèi,Il y a 100 sièges dans la salle de réunion,,
HSK4,Audio,4e9ba7d12109,"façon de faire les choses, pratique",zuòfǎ,做法,他们的做法很特别,Tāmen de zuòfǎ hěn tèbié,Leur façon de faire les choses est très particulière,,
HSK4,Audio,7f03d5500b1a,"écrivain, auteur",zuòjiā,作家,他是作家,Tā shì zuòjiā,Il est écrivain,,
HSK4,Audio,70ffcd792acc,"rêver, faire un rêve",zuòmèng,做梦,我常常做梦想去中国,Wǒ chángcháng zuòmèng xiǎng qù zhōngguó,Je fais souvent des rêves où je vais en Chine,,
HSK4,Audio,13b86d50523f,"travail, composition, création",zuòpǐn,作品,这是我的最新作品,Zhè shì wǒ de zuìxīn zuòpǐn,Voici mon dernier travail,,
HSK4,Audio,8f4c83ad2159,"agir comme, servir comme, comme, être",zuòwéi,作为,他作为一名教师工作,Tā zuòwéi yī míng lǎoshī gōngzuò,Il travaille comme un professeur,,
HSK4,Audio,555d0a5eaf2d,siège,zuòwèi,座位,我想坐这个座位,Wǒ xiǎng zuò zhè ge zuòwèi,Je veux m'asseoir sur ce siège,,
HSK4,Audio,399243678d94,"composition, écrire une composition",zuòwén,作文,今天我要写一篇作文,Jīntiān wǒ yào xiě yī piān zuòwén,"Aujourd'hui, j'écris une composition",,
HSK4,Audio,dd3d096fddee,"fonction, rôle, (servir, jouer un rôle)",zuòyòng,作用,这个新药的作用是治疗感冒,Zhè ge xīn yào de zuòyòng shì zhìliáo gǎnmào,Le rôle de ce nouveau médicament est de traiter le rhume,,
HSK4,Audio,2182e8d2a5e4,"auteur, écrivain",zuòzhě,作者,这本书的作者是中国人,Zhè bēn shū de zuòzhě shì zhōngguó rén,L'auteur de ce livre est chinois,,
